[?2026h[?25l[1Gpulling manifest ⠋ [K[?25h[?2026l[?2026h[?25l[1Gpulling manifest ⠙ [K[?25h[?2026l[?2026h[?25l[1Gpulling manifest ⠹ [K[?25h[?2026l[?2026h[?25l[1Gpulling manifest ⠸ [K[?25h[?2026l[?2026h[?25l[1Gpulling manifest ⠼ [K[?25h[?2026l[?2026h[?25l[1Gpulling manifest ⠴ [K[?25h[?2026l[?2026h[?25l[1Gpulling manifest ⠦ [K[?25h[?2026l[?2026h[?25l[1Gpulling manifest ⠧ [K[?25h[?2026l[?2026h[?25l[1Gpulling manifest ⠇ [K[?25h[?2026l[?2026h[?25l[1Gpulling manifest ⠏ [K[?25h[?2026l[?2026h[?25l[1Gpulling manifest ⠋ [K[?25h[?2026l[?2026h[?25l[1Gpulling manifest ⠙ [K[?25h[?2026l[?2026h[?25l[1Gpulling manifest ⠹ [K[?25h[?2026l[?2026h[?25l[1Gpulling manifest ⠸ [K[?25h[?2026l[?2026h[?25l[1Gpulling manifest ⠼ [K[?25h[?2026l[?2026h[?25l[1Gpulling manifest ⠴ [K[?25h[?2026l[?2026h[?25l[1Gpulling manifest ⠦ [K[?25h[?2026l[?2026h[?25l[1Gpulling manifest ⠧ [K[?25h[?2026l[?2026h[?25l[1Gpulling manifest ⠇ [K[?25h[?2026l[?2026h[?25l[1Gpulling manifest ⠏ [K[?25h[?2026l[?2026h[?25l[1Gpulling manifest [K
pulling 2bada8a74506:   0% ▕                  ▏ 1.8 MB/4.7 GB                  [K[?25h[?2026l[?2026h[?25l[A[1Gpulling manifest [K
pulling 2bada8a74506:   0% ▕                  ▏ 2.9 MB/4.7 GB                  [K[?25h[?2026l[?2026h[?25l[A[1Gpulling manifest [K
pulling 2bada8a74506:   0% ▕                  ▏ 4.1 MB/4.7 GB                  [K[?25h[?2026l[?2026h[?25l[A[1Gpulling manifest [K
pulling 2bada8a74506:   0% ▕                  ▏ 5.3 MB/4.7 GB                  [K[?25h[?2026l[?2026h[?25l[A[1Gpulling manifest [K
pulling 2bada8a74506:   0% ▕                  ▏ 7.0 MB/4.7 GB                  [K[?25h[?2026l[?2026h[?25l[A[1Gpulling manifest [K
pulling 2bada8a74506:   0% ▕                  ▏  10 MB/4.7 GB                  [K[?25h[?2026l[?2026h[?25l[A[1Gpulling manifest [K
pulling 2bada8a74506:   0% ▕                  ▏  12 MB/4.7 GB                  [K[?25h[?2026l[?2026h[?25l[A[1Gpulling manifest [K
pulling 2bada8a74506:   0% ▕                  ▏  12 MB/4.7 GB                  [K[?25h[?2026l[?2026h[?25l[A[1Gpulling manifest [K
pulling 2bada8a74506:   0% ▕                  ▏  15 MB/4.7 GB                  [K[?25h[?2026l[?2026h[?25l[A[1Gpulling manifest [K
pulling 2bada8a74506:   0% ▕                  ▏  15 MB/4.7 GB                  [K[?25h[?2026l[?2026h[?25l[A[1Gpulling manifest [K
pulling 2bada8a74506:   0% ▕                  ▏  19 MB/4.7 GB   18 MB/s    4m9s[K[?25h[?2026l[?2026h[?25l[A[1Gpulling manifest [K
pulling 2bada8a74506:   0% ▕                  ▏  22 MB/4.7 GB   18 MB/s    4m9s[K[?25h[?2026l[?2026h[?25l[A[1Gpulling manifest [K
pulling 2bada8a74506:   0% ▕                  ▏  22 MB/4.7 GB   18 MB/s    4m9s[K[?25h[?2026l[?2026h[?25l[A[1Gpulling manifest [K
pulling 2bada8a74506:   1% ▕                  ▏  25 MB/4.7 GB   18 MB/s    4m8s[K[?25h[?2026l[?2026h[?25l[A[1Gpulling manifest [K
pulling 2bada8a74506:   1% ▕                  ▏  25 MB/4.7 GB   18 MB/s    4m8s[K[?25h[?2026l[?2026h[?25l[A[1Gpulling manifest [K
pulling 2bada8a74506:   1% ▕                  ▏  28 MB/4.7 GB   18 MB/s    4m8s[K[?25h[?2026l[?2026h[?25l[A[1Gpulling manifest [K
pulling 2bada8a74506:   1% ▕                  ▏  32 MB/4.7 GB   18 MB/s    4m8s[K[?25h[?2026l[?2026h[?25l[A[1Gpulling manifest [K
pulling 2bada8a74506:   1% ▕                  ▏  33 MB/4.7 GB   18 MB/s    4m8s[K[?25h[?2026l[?2026h[?25l[A[1Gpulling manifest [K
pulling 2bada8a74506:   1% ▕                  ▏  36 MB/4.7 GB   18 MB/s    4m8s[K[?25h[?2026l[?2026h[?25l[A[1Gpulling manifest [K
pulling 2bada8a74506:   1% ▕                  ▏  36 MB/4.7 GB   18 MB/s    4m8s[K[?25h[?2026l[?2026h[?25l[A[1Gpulling manifest [K
pulling 2bada8a74506:   1% ▕                  ▏  39 MB/4.7 GB   19 MB/s   3m59s[K[?25h[?2026l[?2026h[?25l[A[1Gpulling manifest [K
pulling 2bada8a74506:   1% ▕                  ▏  43 MB/4.7 GB   19 MB/s   3m59s[K[?25h[?2026l[?2026h[?25l[A[1Gpulling manifest [K
pulling 2bada8a74506:   1% ▕                  ▏  43 MB/4.7 GB   19 MB/s   3m59s[K[?25h[?2026l[?2026h[?25l[A[1Gpulling manifest [K
pulling 2bada8a74506:   1% ▕                  ▏  45 MB/4.7 GB   19 MB/s   3m59s[K[?25h[?2026l[?2026h[?25l[A[1Gpulling manifest [K
pulling 2bada8a74506:   1% ▕                  ▏  47 MB/4.7 GB   19 MB/s   3m59s[K[?25h[?2026l[?2026h[?25l[A[1Gpulling manifest [K
pulling 2bada8a74506:   1% ▕                  ▏  47 MB/4.7 GB   19 MB/s   3m59s[K[?25h[?2026l[?2026h[?25l[A[1Gpulling manifest [K
pulling 2bada8a74506:   1% ▕                  ▏  53 MB/4.7 GB   19 MB/s   3m58s[K[?25h[?2026l[?2026h[?25l[A[1Gpulling manifest [K
pulling 2bada8a74506:   1% ▕                  ▏  54 MB/4.7 GB   19 MB/s   3m58s[K[?25h[?2026l[?2026h[?25l[A[1Gpulling manifest [K
pulling 2bada8a74506:   1% ▕                  ▏  55 MB/4.7 GB   19 MB/s   3m58s[K[?25h[?2026l[?2026h[?25l[A[1Gpulling manifest [K
pulling 2bada8a74506:   1% ▕                  ▏  57 MB/4.7 GB   19 MB/s   3m58s[K[?25h[?2026l[?2026h[?25l[A[1Gpulling manifest [K
pulling 2bada8a74506:   1% ▕                  ▏  58 MB/4.7 GB   19 MB/s    4m0s[K[?25h[?2026l[?2026h[?25l[A[1Gpulling manifest [K
pulling 2bada8a74506:   1% ▕                  ▏  61 MB/4.7 GB   19 MB/s   3m59s[K[?25h[?2026l[?2026h[?25l[A[1Gpulling manifest [K
pulling 2bada8a74506:   1% ▕                  ▏  65 MB/4.7 GB   19 MB/s   3m59s[K[?25h[?2026l[?2026h[?25l[A[1Gpulling manifest [K
pulling 2bada8a74506:   1% ▕                  ▏  66 MB/4.7 GB   19 MB/s   3m59s[K[?25h[?2026l[?2026h[?25l[A[1Gpulling manifest [K
pulling 2bada8a74506:   1% ▕                  ▏  67 MB/4.7 GB   19 MB/s   3m59s[K[?25h[?2026l[?2026h[?25l[A[1Gpulling manifest [K
pulling 2bada8a74506:   1% ▕                  ▏  67 MB/4.7 GB   19 MB/s   3m59s[K[?25h[?2026l[?2026h[?25l[A[1Gpulling manifest [K
pulling 2bada8a74506:   2% ▕                  ▏  70 MB/4.7 GB   19 MB/s   3m59s[K[?25h[?2026l[?2026h[?25l[A[1Gpulling manifest [K
pulling 2bada8a74506:   2% ▕                  ▏  74 MB/4.7 GB   19 MB/s   3m59s[K[?25h[?2026l[?2026h[?25l[A[1Gpulling manifest [K
pulling 2bada8a74506:   2% ▕                  ▏  76 MB/4.7 GB   19 MB/s   3m59s[K[?25h[?2026l[?2026h[?25l[A[1Gpulling manifest [K
pulling 2bada8a74506:   2% ▕                  ▏  77 MB/4.7 GB   19 MB/s   3m59s[K[?25h[?2026l[?2026h[?25l[A[1Gpulling manifest [K
pulling 2bada8a74506:   2% ▕                  ▏  79 MB/4.7 GB   19 MB/s   3m59s[K[?25h[?2026l[?2026h[?25l[A[1Gpulling manifest [K
pulling 2bada8a74506:   2% ▕                  ▏  81 MB/4.7 GB   19 MB/s   3m52s[K[?25h[?2026l[?2026h[?25l[A[1Gpulling manifest [K
pulling 2bada8a74506:   2% ▕                  ▏  86 MB/4.7 GB   19 MB/s   3m52s[K[?25h[?2026l[?2026h[?25l[A[1Gpulling manifest [K
pulling 2bada8a74506:   2% ▕                  ▏  86 MB/4.7 GB   19 MB/s   3m52s[K[?25h[?2026l[?2026h[?25l[A[1Gpulling manifest [K
pulling 2bada8a74506:   2% ▕                  ▏  87 MB/4.7 GB   19 MB/s   3m52s[K[?25h[?2026l[?2026h[?25l[A[1Gpulling manifest [K
pulling 2bada8a74506:   2% ▕                  ▏  89 MB/4.7 GB   19 MB/s   3m52s[K[?25h[?2026l[?2026h[?25l[A[1Gpulling manifest [K
pulling 2bada8a74506:   2% ▕                  ▏  91 MB/4.7 GB   19 MB/s   3m52s[K[?25h[?2026l[?2026h[?25l[A[1Gpulling manifest [K
pulling 2bada8a74506:   2% ▕                  ▏  95 MB/4.7 GB   19 MB/s   3m52s[K[?25h[?2026l[?2026h[?25l[A[1Gpulling manifest [K
pulling 2bada8a74506:   2% ▕                  ▏  96 MB/4.7 GB   19 MB/s   3m52s[K[?25h[?2026l[?2026h[?25l[A[1Gpulling manifest [K
pulling 2bada8a74506:   2% ▕                  ▏  97 MB/4.7 GB   19 MB/s   3m52s[K[?25h[?2026l[?2026h[?25l[A[1Gpulling manifest [K
pulling 2bada8a74506:   2% ▕                  ▏  99 MB/4.7 GB   19 MB/s   3m51s[K[?25h[?2026l[?2026h[?25l[A[1Gpulling manifest [K
pulling 2bada8a74506:   2% ▕                  ▏ 101 MB/4.7 GB   19 MB/s   3m50s[K[?25h[?2026l[?2026h[?25l[A[1Gpulling manifest [K
pulling 2bada8a74506:   2% ▕                  ▏ 104 MB/4.7 GB   19 MB/s   3m50s[K[?25h[?2026l[?2026h[?25l[A[1Gpulling manifest [K
pulling 2bada8a74506:   2% ▕                  ▏ 107 MB/4.7 GB   19 MB/s   3m50s[K[?25h[?2026l[?2026h[?25l[A[1Gpulling manifest [K
pulling 2bada8a74506:   2% ▕                  ▏ 109 MB/4.7 GB   19 MB/s   3m50s[K[?25h[?2026l[?2026h[?25l[A[1Gpulling manifest [K
pulling 2bada8a74506:   2% ▕                  ▏ 110 MB/4.7 GB   19 MB/s   3m50s[K[?25h[?2026l[?2026h[?25l[A[1Gpulling manifest [K
pulling 2bada8a74506:   2% ▕                  ▏ 110 MB/4.7 GB   19 MB/s   3m50s[K[?25h[?2026l[?2026h[?25l[A[1Gpulling manifest [K
pulling 2bada8a74506:   2% ▕                  ▏ 116 MB/4.7 GB   19 MB/s   3m49s[K[?25h[?2026l[?2026h[?25l[A[1Gpulling manifest [K
pulling 2bada8a74506:   3% ▕                  ▏ 117 MB/4.7 GB   19 MB/s   3m49s[K[?25h[?2026l[?2026h[?25l[A[1Gpulling manifest [K
pulling 2bada8a74506:   3% ▕                  ▏ 118 MB/4.7 GB   19 MB/s   3m49s[K[?25h[?2026l[?2026h[?25l[A[1Gpulling manifest [K
pulling 2bada8a74506:   3% ▕                  ▏ 120 MB/4.7 GB   19 MB/s   3m49s[K[?25h[?2026l[?2026h[?25l[A[1Gpulling manifest [K
pulling 2bada8a74506:   3% ▕                  ▏ 121 MB/4.7 GB   20 MB/s   3m46s[K[?25h[?2026l[?2026h[?25l[A[1Gpulling manifest [K
pulling 2bada8a74506:   3% ▕                  ▏ 123 MB/4.7 GB   20 MB/s   3m46s[K[?25h[?2026l[?2026h[?25l[A[1Gpulling manifest [K
pulling 2bada8a74506:   3% ▕                  ▏ 128 MB/4.7 GB   20 MB/s   3m46s[K[?25h[?2026l[?2026h[?25l[A[1Gpulling manifest [K
pulling 2bada8a74506:   3% ▕                  ▏ 129 MB/4.7 GB   20 MB/s   3m46s[K[?25h[?2026l[?2026h[?25l[A[1Gpulling manifest [K
pulling 2bada8a74506:   3% ▕                  ▏ 131 MB/4.7 GB   20 MB/s   3m45s[K[?25h[?2026l[?2026h[?25l[A[1Gpulling manifest [K
pulling 2bada8a74506:   3% ▕                  ▏ 132 MB/4.7 GB   20 MB/s   3m45s[K[?25h[?2026l[?2026h[?25l[A[1Gpulling manifest [K
pulling 2bada8a74506:   3% ▕                  ▏ 133 MB/4.7 GB   20 MB/s   3m45s[K[?25h[?2026l[?2026h[?25l[A[1Gpulling manifest [K
pulling 2bada8a74506:   3% ▕                  ▏ 137 MB/4.7 GB   20 MB/s   3m45s[K[?25h[?2026l[?2026h[?25l[A[1Gpulling manifest [K
pulling 2bada8a74506:   3% ▕                  ▏ 138 MB/4.7 GB   20 MB/s   3m45s[K[?25h[?2026l[?2026h[?25l[A[1Gpulling manifest [K
pulling 2bada8a74506:   3% ▕                  ▏ 141 MB/4.7 GB   20 MB/s   3m45s[K[?25h[?2026l[?2026h[?25l[A[1Gpulling manifest [K
pulling 2bada8a74506:   3% ▕                  ▏ 142 MB/4.7 GB   20 MB/s   3m44s[K[?25h[?2026l[?2026h[?25l[A[1Gpulling manifest [K
pulling 2bada8a74506:   3% ▕                  ▏ 144 MB/4.7 GB   20 MB/s   3m44s[K[?25h[?2026l[?2026h[?25l[A[1Gpulling manifest [K
pulling 2bada8a74506:   3% ▕                  ▏ 148 MB/4.7 GB   20 MB/s   3m44s[K[?25h[?2026l[?2026h[?25l[A[1Gpulling manifest [K
pulling 2bada8a74506:   3% ▕                  ▏ 149 MB/4.7 GB   20 MB/s   3m43s[K[?25h[?2026l[?2026h[?25l[A[1Gpulling manifest [K
pulling 2bada8a74506:   3% ▕                  ▏ 150 MB/4.7 GB   20 MB/s   3m43s[K[?25h[?2026l[?2026h[?25l[A[1Gpulling manifest [K
pulling 2bada8a74506:   3% ▕                  ▏ 152 MB/4.7 GB   20 MB/s   3m43s[K[?25h[?2026l[?2026h[?25l[A[1Gpulling manifest [K
pulling 2bada8a74506:   3% ▕                  ▏ 153 MB/4.7 GB   20 MB/s   3m43s[K[?25h[?2026l[?2026h[?25l[A[1Gpulling manifest [K
pulling 2bada8a74506:   3% ▕                  ▏ 159 MB/4.7 GB   20 MB/s   3m43s[K[?25h[?2026l[?2026h[?25l[A[1Gpulling manifest [K
pulling 2bada8a74506:   3% ▕                  ▏ 160 MB/4.7 GB   20 MB/s   3m43s[K[?25h[?2026l[?2026h[?25l[A[1Gpulling manifest [K
pulling 2bada8a74506:   3% ▕                  ▏ 161 MB/4.7 GB   20 MB/s   3m43s[K[?25h[?2026l[?2026h[?25l[A[1Gpulling manifest [K
pulling 2bada8a74506:   3% ▕                  ▏ 162 MB/4.7 GB   20 MB/s   3m43s[K[?25h[?2026l[?2026h[?25l[A[1Gpulling manifest [K
pulling 2bada8a74506:   4% ▕                  ▏ 165 MB/4.7 GB   20 MB/s   3m41s[K[?25h[?2026l[?2026h[?25l[A[1Gpulling manifest [K
pulling 2bada8a74506:   4% ▕                  ▏ 166 MB/4.7 GB   20 MB/s   3m41s[K[?25h[?2026l[?2026h[?25l[A[1Gpulling manifest [K
pulling 2bada8a74506:   4% ▕                  ▏ 170 MB/4.7 GB   20 MB/s   3m41s[K[?25h[?2026l[?2026h[?25l[A[1Gpulling manifest [K
pulling 2bada8a74506:   4% ▕                  ▏ 171 MB/4.7 GB   20 MB/s   3m41s[K[?25h[?2026l[?2026h[?25l[A[1Gpulling manifest [K
pulling 2bada8a74506:   4% ▕                  ▏ 173 MB/4.7 GB   20 MB/s   3m41s[K[?25h[?2026l[?2026h[?25l[A[1Gpulling manifest [K
pulling 2bada8a74506:   4% ▕                  ▏ 175 MB/4.7 GB   20 MB/s   3m41s[K[?25h[?2026l[?2026h[?25l[A[1Gpulling manifest [K
pulling 2bada8a74506:   4% ▕                  ▏ 175 MB/4.7 GB   20 MB/s   3m41s[K[?25h[?2026l[?2026h[?25l[A[1Gpulling manifest [K
pulling 2bada8a74506:   4% ▕                  ▏ 180 MB/4.7 GB   20 MB/s   3m41s[K[?25h[?2026l[?2026h[?25l[A[1Gpulling manifest [K
pulling 2bada8a74506:   4% ▕                  ▏ 181 MB/4.7 GB   20 MB/s   3m40s[K[?25h[?2026l[?2026h[?25l[A[1Gpulling manifest [K
pulling 2bada8a74506:   4% ▕                  ▏ 182 MB/4.7 GB   20 MB/s   3m40s[K[?25h[?2026l[?2026h[?25l[A[1Gpulling manifest [K
pulling 2bada8a74506:   4% ▕                  ▏ 184 MB/4.7 GB   20 MB/s   3m40s[K[?25h[?2026l[?2026h[?25l[A[1Gpulling manifest [K
pulling 2bada8a74506:   4% ▕                  ▏ 184 MB/4.7 GB   20 MB/s   3m40s[K[?25h[?2026l[?2026h[?25l[A[1Gpulling manifest [K
pulling 2bada8a74506:   4% ▕                  ▏ 188 MB/4.7 GB   20 MB/s   3m40s[K[?25h[?2026l[?2026h[?25l[A[1Gpulling manifest [K
pulling 2bada8a74506:   4% ▕                  ▏ 191 MB/4.7 GB   20 MB/s   3m40s[K[?25h[?2026l[?2026h[?25l[A[1Gpulling manifest [K
pulling 2bada8a74506:   4% ▕                  ▏ 193 MB/4.7 GB   20 MB/s   3m40s[K[?25h[?2026l[?2026h[?25l[A[1Gpulling manifest [K
pulling 2bada8a74506:   4% ▕                  ▏ 195 MB/4.7 GB   20 MB/s   3m40s[K[?25h[?2026l[?2026h[?25l[A[1Gpulling manifest [K
pulling 2bada8a74506:   4% ▕                  ▏ 195 MB/4.7 GB   20 MB/s   3m40s[K[?25h[?2026l[?2026h[?25l[A[1Gpulling manifest [K
pulling 2bada8a74506:   4% ▕                  ▏ 199 MB/4.7 GB   20 MB/s   3m39s[K[?25h[?2026l[?2026h[?25l[A[1Gpulling manifest [K
pulling 2bada8a74506:   4% ▕                  ▏ 199 MB/4.7 GB   20 MB/s   3m39s[K[?25h[?2026l[?2026h[?25l[A[1Gpulling manifest [K
pulling 2bada8a74506:   4% ▕                  ▏ 201 MB/4.7 GB   20 MB/s   3m39s[K[?25h[?2026l[?2026h[?25l[A[1Gpulling manifest [K
pulling 2bada8a74506:   4% ▕                  ▏ 203 MB/4.7 GB   20 MB/s   3m39s[K[?25h[?2026l[?2026h[?25l[A[1Gpulling manifest [K
pulling 2bada8a74506:   4% ▕                  ▏ 203 MB/4.7 GB   20 MB/s   3m39s[K[?25h[?2026l[?2026h[?25l[A[1Gpulling manifest [K
pulling 2bada8a74506:   4% ▕                  ▏ 206 MB/4.7 GB   20 MB/s   3m39s[K[?25h[?2026l[?2026h[?25l[A[1Gpulling manifest [K
pulling 2bada8a74506:   4% ▕                  ▏ 207 MB/4.7 GB   20 MB/s   3m39s[K[?25h[?2026l[?2026h[?25l[A[1Gpulling manifest [K
pulling 2bada8a74506:   4% ▕                  ▏ 208 MB/4.7 GB   20 MB/s   3m39s[K[?25h[?2026l[?2026h[?25l[A[1Gpulling manifest [K
pulling 2bada8a74506:   5% ▕                  ▏ 211 MB/4.7 GB   20 MB/s   3m39s[K[?25h[?2026l[?2026h[?25l[A[1Gpulling manifest [K
pulling 2bada8a74506:   5% ▕                  ▏ 212 MB/4.7 GB   20 MB/s   3m39s[K[?25h[?2026l[?2026h[?25l[A[1Gpulling manifest [K
pulling 2bada8a74506:   5% ▕                  ▏ 213 MB/4.7 GB   20 MB/s   3m39s[K[?25h[?2026l[?2026h[?25l[A[1Gpulling manifest [K
pulling 2bada8a74506:   5% ▕                  ▏ 217 MB/4.7 GB   20 MB/s   3m39s[K[?25h[?2026l[?2026h[?25l[A[1Gpulling manifest [K
pulling 2bada8a74506:   5% ▕                  ▏ 219 MB/4.7 GB   20 MB/s   3m39s[K[?25h[?2026l[?2026h[?25l[A[1Gpulling manifest [K
pulling 2bada8a74506:   5% ▕                  ▏ 220 MB/4.7 GB   20 MB/s   3m42s[K[?25h[?2026l[?2026h[?25l[A[1Gpulling manifest [K
pulling 2bada8a74506:   5% ▕                  ▏ 222 MB/4.7 GB   20 MB/s   3m42s[K[?25h[?2026l[?2026h[?25l[A[1Gpulling manifest [K
pulling 2bada8a74506:   5% ▕                  ▏ 222 MB/4.7 GB   20 MB/s   3m42s[K[?25h[?2026l[?2026h[?25l[A[1Gpulling manifest [K
pulling 2bada8a74506:   5% ▕                  ▏ 226 MB/4.7 GB   20 MB/s   3m41s[K[?25h[?2026l[?2026h[?25l[A[1Gpulling manifest [K
pulling 2bada8a74506:   5% ▕                  ▏ 228 MB/4.7 GB   20 MB/s   3m41s[K[?25h[?2026l[?2026h[?25l[A[1Gpulling manifest [K
pulling 2bada8a74506:   5% ▕                  ▏ 230 MB/4.7 GB   20 MB/s   3m41s[K[?25h[?2026l[?2026h[?25l[A[1Gpulling manifest [K
pulling 2bada8a74506:   5% ▕                  ▏ 231 MB/4.7 GB   20 MB/s   3m41s[K[?25h[?2026l[?2026h[?25l[A[1Gpulling manifest [K
pulling 2bada8a74506:   5% ▕                  ▏ 232 MB/4.7 GB   20 MB/s   3m41s[K[?25h[?2026l[?2026h[?25l[A[1Gpulling manifest [K
pulling 2bada8a74506:   5% ▕                  ▏ 237 MB/4.7 GB   20 MB/s   3m41s[K[?25h[?2026l[?2026h[?25l[A[1Gpulling manifest [K
pulling 2bada8a74506:   5% ▕                  ▏ 238 MB/4.7 GB   20 MB/s   3m41s[K[?25h[?2026l[?2026h[?25l[A[1Gpulling manifest [K
pulling 2bada8a74506:   5% ▕                  ▏ 240 MB/4.7 GB   20 MB/s   3m39s[K[?25h[?2026l[?2026h[?25l[A[1Gpulling manifest [K
pulling 2bada8a74506:   5% ▕                  ▏ 241 MB/4.7 GB   20 MB/s   3m39s[K[?25h[?2026l[?2026h[?25l[A[1Gpulling manifest [K
pulling 2bada8a74506:   5% ▕                  ▏ 242 MB/4.7 GB   20 MB/s   3m39s[K[?25h[?2026l[?2026h[?25l[A[1Gpulling manifest [K
pulling 2bada8a74506:   5% ▕                  ▏ 245 MB/4.7 GB   20 MB/s   3m39s[K[?25h[?2026l[?2026h[?25l[A[1Gpulling manifest [K
pulling 2bada8a74506:   5% ▕                  ▏ 248 MB/4.7 GB   20 MB/s   3m39s[K[?25h[?2026l[?2026h[?25l[A[1Gpulling manifest [K
pulling 2bada8a74506:   5% ▕                  ▏ 250 MB/4.7 GB   20 MB/s   3m39s[K[?25h[?2026l[?2026h[?25l[A[1Gpulling manifest [K
pulling 2bada8a74506:   5% ▕                  ▏ 252 MB/4.7 GB   20 MB/s   3m39s[K[?25h[?2026l[?2026h[?25l[A[1Gpulling manifest [K
pulling 2bada8a74506:   5% ▕                  ▏ 253 MB/4.7 GB   20 MB/s   3m39s[K[?25h[?2026l[?2026h[?25l[A[1Gpulling manifest [K
pulling 2bada8a74506:   5% ▕                  ▏ 255 MB/4.7 GB   20 MB/s   3m38s[K[?25h[?2026l[?2026h[?25l[A[1Gpulling manifest [K
pulling 2bada8a74506:   6% ▕                  ▏ 259 MB/4.7 GB   20 MB/s   3m38s[K[?25h[?2026l[?2026h[?25l[A[1Gpulling manifest [K
pulling 2bada8a74506:   6% ▕█                 ▏ 260 MB/4.7 GB   20 MB/s   3m39s[K[?25h[?2026l[?2026h[?25l[A[1Gpulling manifest [K
pulling 2bada8a74506:   6% ▕█                 ▏ 262 MB/4.7 GB   20 MB/s   3m39s[K[?25h[?2026l[?2026h[?25l[A[1Gpulling manifest [K
pulling 2bada8a74506:   6% ▕█                 ▏ 264 MB/4.7 GB   20 MB/s   3m39s[K[?25h[?2026l[?2026h[?25l[A[1Gpulling manifest [K
pulling 2bada8a74506:   6% ▕█                 ▏ 265 MB/4.7 GB   20 MB/s   3m39s[K[?25h[?2026l[?2026h[?25l[A[1Gpulling manifest [K
pulling 2bada8a74506:   6% ▕█                 ▏ 268 MB/4.7 GB   20 MB/s   3m39s[K[?25h[?2026l[?2026h[?25l[A[1Gpulling manifest [K
pulling 2bada8a74506:   6% ▕█                 ▏ 270 MB/4.7 GB   20 MB/s   3m39s[K[?25h[?2026l[?2026h[?25l[A[1Gpulling manifest [K
pulling 2bada8a74506:   6% ▕█                 ▏ 271 MB/4.7 GB   20 MB/s   3m38s[K[?25h[?2026l[?2026h[?25l[A[1Gpulling manifest [K
pulling 2bada8a74506:   6% ▕█                 ▏ 274 MB/4.7 GB   20 MB/s   3m38s[K[?25h[?2026l[?2026h[?25l[A[1Gpulling manifest [K
pulling 2bada8a74506:   6% ▕█                 ▏ 274 MB/4.7 GB   20 MB/s   3m38s[K[?25h[?2026l[?2026h[?25l[A[1Gpulling manifest [K
pulling 2bada8a74506:   6% ▕█                 ▏ 279 MB/4.7 GB   20 MB/s   3m38s[K[?25h[?2026l[?2026h[?25l[A[1Gpulling manifest [K
pulling 2bada8a74506:   6% ▕█                 ▏ 280 MB/4.7 GB   20 MB/s   3m38s[K[?25h[?2026l[?2026h[?25l[A[1Gpulling manifest [K
pulling 2bada8a74506:   6% ▕█                 ▏ 281 MB/4.7 GB   20 MB/s   3m38s[K[?25h[?2026l[?2026h[?25l[A[1Gpulling manifest [K
pulling 2bada8a74506:   6% ▕█                 ▏ 284 MB/4.7 GB   20 MB/s   3m38s[K[?25h[?2026l[?2026h[?25l[A[1Gpulling manifest [K
pulling 2bada8a74506:   6% ▕█                 ▏ 284 MB/4.7 GB   20 MB/s   3m38s[K[?25h[?2026l[?2026h[?25l[A[1Gpulling manifest [K
pulling 2bada8a74506:   6% ▕█                 ▏ 287 MB/4.7 GB   20 MB/s   3m38s[K[?25h[?2026l[?2026h[?25l[A[1Gpulling manifest [K
pulling 2bada8a74506:   6% ▕█                 ▏ 289 MB/4.7 GB   20 MB/s   3m38s[K[?25h[?2026l[?2026h[?25l[A[1Gpulling manifest [K
pulling 2bada8a74506:   6% ▕█                 ▏ 291 MB/4.7 GB   20 MB/s   3m38s[K[?25h[?2026l[?2026h[?25l[A[1Gpulling manifest [K
pulling 2bada8a74506:   6% ▕█                 ▏ 293 MB/4.7 GB   20 MB/s   3m37s[K[?25h[?2026l[?2026h[?25l[A[1Gpulling manifest [K
pulling 2bada8a74506:   6% ▕█                 ▏ 294 MB/4.7 GB   20 MB/s   3m37s[K[?25h[?2026l[?2026h[?25l[A[1Gpulling manifest [K
pulling 2bada8a74506:   6% ▕█                 ▏ 296 MB/4.7 GB   20 MB/s   3m37s[K[?25h[?2026l[?2026h[?25l[A[1Gpulling manifest [K
pulling 2bada8a74506:   6% ▕█                 ▏ 300 MB/4.7 GB   20 MB/s   3m37s[K[?25h[?2026l[?2026h[?25l[A[1Gpulling manifest [K
pulling 2bada8a74506:   6% ▕█                 ▏ 301 MB/4.7 GB   19 MB/s   3m39s[K[?25h[?2026l[?2026h[?25l[A[1Gpulling manifest [K
pulling 2bada8a74506:   6% ▕█                 ▏ 303 MB/4.7 GB   19 MB/s   3m39s[K[?25h[?2026l[?2026h[?25l[A[1Gpulling manifest [K
pulling 2bada8a74506:   7% ▕█                 ▏ 304 MB/4.7 GB   19 MB/s   3m39s[K[?25h[?2026l[?2026h[?25l[A[1Gpulling manifest [K
pulling 2bada8a74506:   7% ▕█                 ▏ 306 MB/4.7 GB   19 MB/s   3m39s[K[?25h[?2026l[?2026h[?25l[A[1Gpulling manifest [K
pulling 2bada8a74506:   7% ▕█                 ▏ 309 MB/4.7 GB   19 MB/s   3m38s[K[?25h[?2026l[?2026h[?25l[A[1Gpulling manifest [K
pulling 2bada8a74506:   7% ▕█                 ▏ 311 MB/4.7 GB   19 MB/s   3m38s[K[?25h[?2026l[?2026h[?25l[A[1Gpulling manifest [K
pulling 2bada8a74506:   7% ▕█                 ▏ 312 MB/4.7 GB   19 MB/s   3m38s[K[?25h[?2026l[?2026h[?25l[A[1Gpulling manifest [K
pulling 2bada8a74506:   7% ▕█                 ▏ 315 MB/4.7 GB   19 MB/s   3m38s[K[?25h[?2026l[?2026h[?25l[A[1Gpulling manifest [K
pulling 2bada8a74506:   7% ▕█                 ▏ 315 MB/4.7 GB   19 MB/s   3m38s[K[?25h[?2026l[?2026h[?25l[A[1Gpulling manifest [K
pulling 2bada8a74506:   7% ▕█                 ▏ 318 MB/4.7 GB   19 MB/s   3m38s[K[?25h[?2026l[?2026h[?25l[A[1Gpulling manifest [K
pulling 2bada8a74506:   7% ▕█                 ▏ 321 MB/4.7 GB   19 MB/s   3m38s[K[?25h[?2026l[?2026h[?25l[A[1Gpulling manifest [K
pulling 2bada8a74506:   7% ▕█                 ▏ 322 MB/4.7 GB   19 MB/s   3m38s[K[?25h[?2026l[?2026h[?25l[A[1Gpulling manifest [K
pulling 2bada8a74506:   7% ▕█                 ▏ 325 MB/4.7 GB   19 MB/s   3m38s[K[?25h[?2026l[?2026h[?25l[A[1Gpulling manifest [K
pulling 2bada8a74506:   7% ▕█                 ▏ 325 MB/4.7 GB   19 MB/s   3m38s[K[?25h[?2026l[?2026h[?25l[A[1Gpulling manifest [K
pulling 2bada8a74506:   7% ▕█                 ▏ 329 MB/4.7 GB   19 MB/s   3m38s[K[?25h[?2026l[?2026h[?25l[A[1Gpulling manifest [K
pulling 2bada8a74506:   7% ▕█                 ▏ 332 MB/4.7 GB   19 MB/s   3m38s[K[?25h[?2026l[?2026h[?25l[A[1Gpulling manifest [K
pulling 2bada8a74506:   7% ▕█                 ▏ 332 MB/4.7 GB   19 MB/s   3m38s[K[?25h[?2026l[?2026h[?25l[A[1Gpulling manifest [K
pulling 2bada8a74506:   7% ▕█                 ▏ 335 MB/4.7 GB   19 MB/s   3m38s[K[?25h[?2026l[?2026h[?25l[A[1Gpulling manifest [K
pulling 2bada8a74506:   7% ▕█                 ▏ 336 MB/4.7 GB   19 MB/s   3m37s[K[?25h[?2026l[?2026h[?25l[A[1Gpulling manifest [K
pulling 2bada8a74506:   7% ▕█                 ▏ 337 MB/4.7 GB   19 MB/s   3m37s[K[?25h[?2026l[?2026h[?25l[A[1Gpulling manifest [K
pulling 2bada8a74506:   7% ▕█                 ▏ 341 MB/4.7 GB   19 MB/s   3m38s[K[?25h[?2026l[?2026h[?25l[A[1Gpulling manifest [K
pulling 2bada8a74506:   7% ▕█                 ▏ 343 MB/4.7 GB   19 MB/s   3m38s[K[?25h[?2026l[?2026h[?25l[A[1Gpulling manifest [K
pulling 2bada8a74506:   7% ▕█                 ▏ 345 MB/4.7 GB   19 MB/s   3m38s[K[?25h[?2026l[?2026h[?25l[A[1Gpulling manifest [K
pulling 2bada8a74506:   7% ▕█                 ▏ 346 MB/4.7 GB   19 MB/s   3m38s[K[?25h[?2026l[?2026h[?25l[A[1Gpulling manifest [K
pulling 2bada8a74506:   7% ▕█                 ▏ 346 MB/4.7 GB   19 MB/s   3m38s[K[?25h[?2026l[?2026h[?25l[A[1Gpulling manifest [K
pulling 2bada8a74506:   8% ▕█                 ▏ 351 MB/4.7 GB   19 MB/s   3m38s[K[?25h[?2026l[?2026h[?25l[A[1Gpulling manifest [K
pulling 2bada8a74506:   8% ▕█                 ▏ 353 MB/4.7 GB   19 MB/s   3m38s[K[?25h[?2026l[?2026h[?25l[A[1Gpulling manifest [K
pulling 2bada8a74506:   8% ▕█                 ▏ 355 MB/4.7 GB   19 MB/s   3m38s[K[?25h[?2026l[?2026h[?25l[A[1Gpulling manifest [K
pulling 2bada8a74506:   8% ▕█                 ▏ 356 MB/4.7 GB   19 MB/s   3m38s[K[?25h[?2026l[?2026h[?25l[A[1Gpulling manifest [K
pulling 2bada8a74506:   8% ▕█                 ▏ 356 MB/4.7 GB   19 MB/s   3m38s[K[?25h[?2026l[?2026h[?25l[A[1Gpulling manifest [K
pulling 2bada8a74506:   8% ▕█                 ▏ 362 MB/4.7 GB   19 MB/s   3m37s[K[?25h[?2026l[?2026h[?25l[A[1Gpulling manifest [K
pulling 2bada8a74506:   8% ▕█                 ▏ 363 MB/4.7 GB   19 MB/s   3m37s[K[?25h[?2026l[?2026h[?25l[A[1Gpulling manifest [K
pulling 2bada8a74506:   8% ▕█                 ▏ 364 MB/4.7 GB   19 MB/s   3m37s[K[?25h[?2026l[?2026h[?25l[A[1Gpulling manifest [K
pulling 2bada8a74506:   8% ▕█                 ▏ 366 MB/4.7 GB   19 MB/s   3m37s[K[?25h[?2026l[?2026h[?25l[A[1Gpulling manifest [K
pulling 2bada8a74506:   8% ▕█                 ▏ 367 MB/4.7 GB   19 MB/s   3m37s[K[?25h[?2026l[?2026h[?25l[A[1Gpulling manifest [K
pulling 2bada8a74506:   8% ▕█                 ▏ 370 MB/4.7 GB   19 MB/s   3m37s[K[?25h[?2026l[?2026h[?25l[A[1Gpulling manifest [K
pulling 2bada8a74506:   8% ▕█                 ▏ 373 MB/4.7 GB   19 MB/s   3m37s[K[?25h[?2026l[?2026h[?25l[A[1Gpulling manifest [K
pulling 2bada8a74506:   8% ▕█                 ▏ 374 MB/4.7 GB   19 MB/s   3m37s[K[?25h[?2026l[?2026h[?25l[A[1Gpulling manifest [K
pulling 2bada8a74506:   8% ▕█                 ▏ 376 MB/4.7 GB   19 MB/s   3m37s[K[?25h[?2026l[?2026h[?25l[A[1Gpulling manifest [K
pulling 2bada8a74506:   8% ▕█                 ▏ 378 MB/4.7 GB   19 MB/s   3m37s[K[?25h[?2026l[?2026h[?25l[A[1Gpulling manifest [K
pulling 2bada8a74506:   8% ▕█                 ▏ 379 MB/4.7 GB   19 MB/s   3m37s[K[?25h[?2026l[?2026h[?25l[A[1Gpulling manifest [K
pulling 2bada8a74506:   8% ▕█                 ▏ 383 MB/4.7 GB   19 MB/s   3m35s[K[?25h[?2026l[?2026h[?25l[A[1Gpulling manifest [K
pulling 2bada8a74506:   8% ▕█                 ▏ 384 MB/4.7 GB   19 MB/s   3m35s[K[?25h[?2026l[?2026h[?25l[A[1Gpulling manifest [K
pulling 2bada8a74506:   8% ▕█                 ▏ 387 MB/4.7 GB   19 MB/s   3m35s[K[?25h[?2026l[?2026h[?25l[A[1Gpulling manifest [K
pulling 2bada8a74506:   8% ▕█                 ▏ 388 MB/4.7 GB   19 MB/s   3m35s[K[?25h[?2026l[?2026h[?25l[A[1Gpulling manifest [K
pulling 2bada8a74506:   8% ▕█                 ▏ 389 MB/4.7 GB   19 MB/s   3m35s[K[?25h[?2026l[?2026h[?25l[A[1Gpulling manifest [K
pulling 2bada8a74506:   8% ▕█                 ▏ 392 MB/4.7 GB   19 MB/s   3m34s[K[?25h[?2026l[?2026h[?25l[A[1Gpulling manifest [K
pulling 2bada8a74506:   8% ▕█                 ▏ 395 MB/4.7 GB   19 MB/s   3m34s[K[?25h[?2026l[?2026h[?25l[A[1Gpulling manifest [K
pulling 2bada8a74506:   8% ▕█                 ▏ 396 MB/4.7 GB   19 MB/s   3m34s[K[?25h[?2026l[?2026h[?25l[A[1Gpulling manifest [K
pulling 2bada8a74506:   9% ▕█                 ▏ 398 MB/4.7 GB   19 MB/s   3m34s[K[?25h[?2026l[?2026h[?25l[A[1Gpulling manifest [K
pulling 2bada8a74506:   9% ▕█                 ▏ 398 MB/4.7 GB   19 MB/s   3m34s[K[?25h[?2026l[?2026h[?25l[A[1Gpulling manifest [K
pulling 2bada8a74506:   9% ▕█                 ▏ 400 MB/4.7 GB   19 MB/s   3m34s[K[?25h[?2026l[?2026h[?25l[A[1Gpulling manifest [K
pulling 2bada8a74506:   9% ▕█                 ▏ 401 MB/4.7 GB   19 MB/s   3m34s[K[?25h[?2026l[?2026h[?25l[A[1Gpulling manifest [K
pulling 2bada8a74506:   9% ▕█                 ▏ 404 MB/4.7 GB   19 MB/s   3m34s[K[?25h[?2026l[?2026h[?25l[A[1Gpulling manifest [K
pulling 2bada8a74506:   9% ▕█                 ▏ 406 MB/4.7 GB   19 MB/s   3m34s[K[?25h[?2026l[?2026h[?25l[A[1Gpulling manifest [K
pulling 2bada8a74506:   9% ▕█                 ▏ 406 MB/4.7 GB   19 MB/s   3m34s[K[?25h[?2026l[?2026h[?25l[A[1Gpulling manifest [K
pulling 2bada8a74506:   9% ▕█                 ▏ 409 MB/4.7 GB   19 MB/s   3m34s[K[?25h[?2026l[?2026h[?25l[A[1Gpulling manifest [K
pulling 2bada8a74506:   9% ▕█                 ▏ 411 MB/4.7 GB   19 MB/s   3m34s[K[?25h[?2026l[?2026h[?25l[A[1Gpulling manifest [K
pulling 2bada8a74506:   9% ▕█                 ▏ 412 MB/4.7 GB   19 MB/s   3m34s[K[?25h[?2026l[?2026h[?25l[A[1Gpulling manifest [K
pulling 2bada8a74506:   9% ▕█                 ▏ 414 MB/4.7 GB   19 MB/s   3m34s[K[?25h[?2026l[?2026h[?25l[A[1Gpulling manifest [K
pulling 2bada8a74506:   9% ▕█                 ▏ 415 MB/4.7 GB   19 MB/s   3m33s[K[?25h[?2026l[?2026h[?25l[A[1Gpulling manifest [K
pulling 2bada8a74506:   9% ▕█                 ▏ 416 MB/4.7 GB   19 MB/s   3m37s[K[?25h[?2026l[?2026h[?25l[A[1Gpulling manifest [K
pulling 2bada8a74506:   9% ▕█                 ▏ 420 MB/4.7 GB   19 MB/s   3m37s[K[?25h[?2026l[?2026h[?25l[A[1Gpulling manifest [K
pulling 2bada8a74506:   9% ▕█                 ▏ 421 MB/4.7 GB   19 MB/s   3m37s[K[?25h[?2026l[?2026h[?25l[A[1Gpulling manifest [K
pulling 2bada8a74506:   9% ▕█                 ▏ 423 MB/4.7 GB   19 MB/s   3m37s[K[?25h[?2026l[?2026h[?25l[A[1Gpulling manifest [K
pulling 2bada8a74506:   9% ▕█                 ▏ 425 MB/4.7 GB   19 MB/s   3m37s[K[?25h[?2026l[?2026h[?25l[A[1Gpulling manifest [K
pulling 2bada8a74506:   9% ▕█                 ▏ 426 MB/4.7 GB   19 MB/s   3m36s[K[?25h[?2026l[?2026h[?25l[A[1Gpulling manifest [K
pulling 2bada8a74506:   9% ▕█                 ▏ 430 MB/4.7 GB   19 MB/s   3m36s[K[?25h[?2026l[?2026h[?25l[A[1Gpulling manifest [K
pulling 2bada8a74506:   9% ▕█                 ▏ 431 MB/4.7 GB   19 MB/s   3m36s[K[?25h[?2026l[?2026h[?25l[A[1Gpulling manifest [K
pulling 2bada8a74506:   9% ▕█                 ▏ 433 MB/4.7 GB   19 MB/s   3m36s[K[?25h[?2026l[?2026h[?25l[A[1Gpulling manifest [K
pulling 2bada8a74506:   9% ▕█                 ▏ 435 MB/4.7 GB   19 MB/s   3m36s[K[?25h[?2026l[?2026h[?25l[A[1Gpulling manifest [K
pulling 2bada8a74506:   9% ▕█                 ▏ 436 MB/4.7 GB   19 MB/s   3m37s[K[?25h[?2026l[?2026h[?25l[A[1Gpulling manifest [K
pulling 2bada8a74506:   9% ▕█                 ▏ 441 MB/4.7 GB   19 MB/s   3m36s[K[?25h[?2026l[?2026h[?25l[A[1Gpulling manifest [K
pulling 2bada8a74506:   9% ▕█                 ▏ 442 MB/4.7 GB   19 MB/s   3m36s[K[?25h[?2026l[?2026h[?25l[A[1Gpulling manifest [K
pulling 2bada8a74506:   9% ▕█                 ▏ 444 MB/4.7 GB   19 MB/s   3m36s[K[?25h[?2026l[?2026h[?25l[A[1Gpulling manifest [K
pulling 2bada8a74506:  10% ▕█                 ▏ 445 MB/4.7 GB   19 MB/s   3m36s[K[?25h[?2026l[?2026h[?25l[A[1Gpulling manifest [K
pulling 2bada8a74506:  10% ▕█                 ▏ 446 MB/4.7 GB   19 MB/s   3m36s[K[?25h[?2026l[?2026h[?25l[A[1Gpulling manifest [K
pulling 2bada8a74506:  10% ▕█                 ▏ 450 MB/4.7 GB   19 MB/s   3m36s[K[?25h[?2026l[?2026h[?25l[A[1Gpulling manifest [K
pulling 2bada8a74506:  10% ▕█                 ▏ 451 MB/4.7 GB   19 MB/s   3m36s[K[?25h[?2026l[?2026h[?25l[A[1Gpulling manifest [K
pulling 2bada8a74506:  10% ▕█                 ▏ 453 MB/4.7 GB   19 MB/s   3m36s[K[?25h[?2026l[?2026h[?25l[A[1Gpulling manifest [K
pulling 2bada8a74506:  10% ▕█                 ▏ 455 MB/4.7 GB   19 MB/s   3m36s[K[?25h[?2026l[?2026h[?25l[A[1Gpulling manifest [K
pulling 2bada8a74506:  10% ▕█                 ▏ 456 MB/4.7 GB   19 MB/s   3m36s[K[?25h[?2026l[?2026h[?25l[A[1Gpulling manifest [K
pulling 2bada8a74506:  10% ▕█                 ▏ 457 MB/4.7 GB   19 MB/s   3m36s[K[?25h[?2026l[?2026h[?25l[A[1Gpulling manifest [K
pulling 2bada8a74506:  10% ▕█                 ▏ 462 MB/4.7 GB   19 MB/s   3m36s[K[?25h[?2026l[?2026h[?25l[A[1Gpulling manifest [K
pulling 2bada8a74506:  10% ▕█                 ▏ 463 MB/4.7 GB   19 MB/s   3m36s[K[?25h[?2026l[?2026h[?25l[A[1Gpulling manifest [K
pulling 2bada8a74506:  10% ▕█                 ▏ 465 MB/4.7 GB   19 MB/s   3m36s[K[?25h[?2026l[?2026h[?25l[A[1Gpulling manifest [K
pulling 2bada8a74506:  10% ▕█                 ▏ 467 MB/4.7 GB   19 MB/s   3m36s[K[?25h[?2026l[?2026h[?25l[A[1Gpulling manifest [K
pulling 2bada8a74506:  10% ▕█                 ▏ 467 MB/4.7 GB   19 MB/s   3m36s[K[?25h[?2026l[?2026h[?25l[A[1Gpulling manifest [K
pulling 2bada8a74506:  10% ▕█                 ▏ 472 MB/4.7 GB   19 MB/s   3m36s[K[?25h[?2026l[?2026h[?25l[A[1Gpulling manifest [K
pulling 2bada8a74506:  10% ▕█                 ▏ 474 MB/4.7 GB   19 MB/s   3m36s[K[?25h[?2026l[?2026h[?25l[A[1Gpulling manifest [K
pulling 2bada8a74506:  10% ▕█                 ▏ 474 MB/4.7 GB   19 MB/s   3m35s[K[?25h[?2026l[?2026h[?25l[A[1Gpulling manifest [K
pulling 2bada8a74506:  10% ▕█                 ▏ 477 MB/4.7 GB   19 MB/s   3m35s[K[?25h[?2026l[?2026h[?25l[A[1Gpulling manifest [K
pulling 2bada8a74506:  10% ▕█                 ▏ 478 MB/4.7 GB   19 MB/s   3m34s[K[?25h[?2026l[?2026h[?25l[A[1Gpulling manifest [K
pulling 2bada8a74506:  10% ▕█                 ▏ 479 MB/4.7 GB   19 MB/s   3m34s[K[?25h[?2026l[?2026h[?25l[A[1Gpulling manifest [K
pulling 2bada8a74506:  10% ▕█                 ▏ 483 MB/4.7 GB   19 MB/s   3m34s[K[?25h[?2026l[?2026h[?25l[A[1Gpulling manifest [K
pulling 2bada8a74506:  10% ▕█                 ▏ 485 MB/4.7 GB   19 MB/s   3m34s[K[?25h[?2026l[?2026h[?25l[A[1Gpulling manifest [K
pulling 2bada8a74506:  10% ▕█                 ▏ 486 MB/4.7 GB   19 MB/s   3m34s[K[?25h[?2026l[?2026h[?25l[A[1Gpulling manifest [K
pulling 2bada8a74506:  10% ▕█                 ▏ 488 MB/4.7 GB   19 MB/s   3m34s[K[?25h[?2026l[?2026h[?25l[A[1Gpulling manifest [K
pulling 2bada8a74506:  10% ▕█                 ▏ 491 MB/4.7 GB   19 MB/s   3m33s[K[?25h[?2026l[?2026h[?25l[A[1Gpulling manifest [K
pulling 2bada8a74506:  11% ▕█                 ▏ 495 MB/4.7 GB   19 MB/s   3m33s[K[?25h[?2026l[?2026h[?25l[A[1Gpulling manifest [K
pulling 2bada8a74506:  11% ▕█                 ▏ 495 MB/4.7 GB   19 MB/s   3m33s[K[?25h[?2026l[?2026h[?25l[A[1Gpulling manifest [K
pulling 2bada8a74506:  11% ▕█                 ▏ 498 MB/4.7 GB   19 MB/s   3m33s[K[?25h[?2026l[?2026h[?25l[A[1Gpulling manifest [K
pulling 2bada8a74506:  11% ▕█                 ▏ 498 MB/4.7 GB   19 MB/s   3m32s[K[?25h[?2026l[?2026h[?25l[A[1Gpulling manifest [K
pulling 2bada8a74506:  11% ▕█                 ▏ 500 MB/4.7 GB   19 MB/s   3m32s[K[?25h[?2026l[?2026h[?25l[A[1Gpulling manifest [K
pulling 2bada8a74506:  11% ▕█                 ▏ 505 MB/4.7 GB   19 MB/s   3m32s[K[?25h[?2026l[?2026h[?25l[A[1Gpulling manifest [K
pulling 2bada8a74506:  11% ▕█                 ▏ 506 MB/4.7 GB   19 MB/s   3m32s[K[?25h[?2026l[?2026h[?25l[A[1Gpulling manifest [K
pulling 2bada8a74506:  11% ▕█                 ▏ 507 MB/4.7 GB   19 MB/s   3m32s[K[?25h[?2026l[?2026h[?25l[A[1Gpulling manifest [K
pulling 2bada8a74506:  11% ▕█                 ▏ 509 MB/4.7 GB   19 MB/s   3m32s[K[?25h[?2026l[?2026h[?25l[A[1Gpulling manifest [K
pulling 2bada8a74506:  11% ▕█                 ▏ 511 MB/4.7 GB   19 MB/s   3m32s[K[?25h[?2026l[?2026h[?25l[A[1Gpulling manifest [K
pulling 2bada8a74506:  11% ▕█                 ▏ 513 MB/4.7 GB   19 MB/s   3m32s[K[?25h[?2026l[?2026h[?25l[A[1Gpulling manifest [K
pulling 2bada8a74506:  11% ▕█                 ▏ 516 MB/4.7 GB   19 MB/s   3m31s[K[?25h[?2026l[?2026h[?25l[A[1Gpulling manifest [K
pulling 2bada8a74506:  11% ▕█                 ▏ 519 MB/4.7 GB   19 MB/s   3m31s[K[?25h[?2026l[?2026h[?25l[A[1Gpulling manifest [K
pulling 2bada8a74506:  11% ▕█                 ▏ 519 MB/4.7 GB   19 MB/s   3m30s[K[?25h[?2026l[?2026h[?25l[A[1Gpulling manifest [K
pulling 2bada8a74506:  11% ▕██                ▏ 521 MB/4.7 GB   19 MB/s   3m30s[K[?25h[?2026l[?2026h[?25l[A[1Gpulling manifest [K
pulling 2bada8a74506:  11% ▕██                ▏ 526 MB/4.7 GB   19 MB/s   3m30s[K[?25h[?2026l[?2026h[?25l[A[1Gpulling manifest [K
pulling 2bada8a74506:  11% ▕██                ▏ 527 MB/4.7 GB   19 MB/s   3m30s[K[?25h[?2026l[?2026h[?25l[A[1Gpulling manifest [K
pulling 2bada8a74506:  11% ▕██                ▏ 529 MB/4.7 GB   19 MB/s   3m30s[K[?25h[?2026l[?2026h[?25l[A[1Gpulling manifest [K
pulling 2bada8a74506:  11% ▕██                ▏ 530 MB/4.7 GB   19 MB/s   3m30s[K[?25h[?2026l[?2026h[?25l[A[1Gpulling manifest [K
pulling 2bada8a74506:  11% ▕██                ▏ 530 MB/4.7 GB   19 MB/s   3m30s[K[?25h[?2026l[?2026h[?25l[A[1Gpulling manifest [K
pulling 2bada8a74506:  11% ▕██                ▏ 535 MB/4.7 GB   19 MB/s   3m29s[K[?25h[?2026l[?2026h[?25l[A[1Gpulling manifest [K
pulling 2bada8a74506:  11% ▕██                ▏ 537 MB/4.7 GB   19 MB/s   3m29s[K[?25h[?2026l[?2026h[?25l[A[1Gpulling manifest [K
pulling 2bada8a74506:  12% ▕██                ▏ 538 MB/4.7 GB   19 MB/s   3m29s[K[?25h[?2026l[?2026h[?25l[A[1Gpulling manifest [K
pulling 2bada8a74506:  12% ▕██                ▏ 541 MB/4.7 GB   19 MB/s   3m28s[K[?25h[?2026l[?2026h[?25l[A[1Gpulling manifest [K
pulling 2bada8a74506:  12% ▕██                ▏ 541 MB/4.7 GB   19 MB/s   3m28s[K[?25h[?2026l[?2026h[?25l[A[1Gpulling manifest [K
pulling 2bada8a74506:  12% ▕██                ▏ 543 MB/4.7 GB   19 MB/s   3m28s[K[?25h[?2026l[?2026h[?25l[A[1Gpulling manifest [K
pulling 2bada8a74506:  12% ▕██                ▏ 548 MB/4.7 GB   19 MB/s   3m28s[K[?25h[?2026l[?2026h[?25l[A[1Gpulling manifest [K
pulling 2bada8a74506:  12% ▕██                ▏ 549 MB/4.7 GB   19 MB/s   3m27s[K[?25h[?2026l[?2026h[?25l[A[1Gpulling manifest [K
pulling 2bada8a74506:  12% ▕██                ▏ 550 MB/4.7 GB   19 MB/s   3m27s[K[?25h[?2026l[?2026h[?25l[A[1Gpulling manifest [K
pulling 2bada8a74506:  12% ▕██                ▏ 552 MB/4.7 GB   19 MB/s   3m27s[K[?25h[?2026l[?2026h[?25l[A[1Gpulling manifest [K
pulling 2bada8a74506:  12% ▕██                ▏ 552 MB/4.7 GB   19 MB/s   3m27s[K[?25h[?2026l[?2026h[?25l[A[1Gpulling manifest [K
pulling 2bada8a74506:  12% ▕██                ▏ 558 MB/4.7 GB   19 MB/s   3m27s[K[?25h[?2026l[?2026h[?25l[A[1Gpulling manifest [K
pulling 2bada8a74506:  12% ▕██                ▏ 559 MB/4.7 GB   19 MB/s   3m27s[K[?25h[?2026l[?2026h[?25l[A[1Gpulling manifest [K
pulling 2bada8a74506:  12% ▕██                ▏ 561 MB/4.7 GB   19 MB/s   3m26s[K[?25h[?2026l[?2026h[?25l[A[1Gpulling manifest [K
pulling 2bada8a74506:  12% ▕██                ▏ 562 MB/4.7 GB   19 MB/s   3m26s[K[?25h[?2026l[?2026h[?25l[A[1Gpulling manifest [K
pulling 2bada8a74506:  12% ▕██                ▏ 564 MB/4.7 GB   19 MB/s   3m26s[K[?25h[?2026l[?2026h[?25l[A[1Gpulling manifest [K
pulling 2bada8a74506:  12% ▕██                ▏ 568 MB/4.7 GB   19 MB/s   3m26s[K[?25h[?2026l[?2026h[?25l[A[1Gpulling manifest [K
pulling 2bada8a74506:  12% ▕██                ▏ 570 MB/4.7 GB   19 MB/s   3m26s[K[?25h[?2026l[?2026h[?25l[A[1Gpulling manifest [K
pulling 2bada8a74506:  12% ▕██                ▏ 570 MB/4.7 GB   19 MB/s   3m26s[K[?25h[?2026l[?2026h[?25l[A[1Gpulling manifest [K
pulling 2bada8a74506:  12% ▕██                ▏ 573 MB/4.7 GB   19 MB/s   3m26s[K[?25h[?2026l[?2026h[?25l[A[1Gpulling manifest [K
pulling 2bada8a74506:  12% ▕██                ▏ 573 MB/4.7 GB   19 MB/s   3m26s[K[?25h[?2026l[?2026h[?25l[A[1Gpulling manifest [K
pulling 2bada8a74506:  12% ▕██                ▏ 577 MB/4.7 GB   19 MB/s   3m25s[K[?25h[?2026l[?2026h[?25l[A[1Gpulling manifest [K
pulling 2bada8a74506:  12% ▕██                ▏ 580 MB/4.7 GB   19 MB/s   3m25s[K[?25h[?2026l[?2026h[?25l[A[1Gpulling manifest [K
pulling 2bada8a74506:  12% ▕██                ▏ 581 MB/4.7 GB   19 MB/s   3m25s[K[?25h[?2026l[?2026h[?25l[A[1Gpulling manifest [K
pulling 2bada8a74506:  12% ▕██                ▏ 583 MB/4.7 GB   20 MB/s   3m21s[K[?25h[?2026l[?2026h[?25l[A[1Gpulling manifest [K
pulling 2bada8a74506:  12% ▕██                ▏ 584 MB/4.7 GB   20 MB/s   3m21s[K[?25h[?2026l[?2026h[?25l[A[1Gpulling manifest [K
pulling 2bada8a74506:  13% ▕██                ▏ 586 MB/4.7 GB   20 MB/s   3m21s[K[?25h[?2026l[?2026h[?25l[A[1Gpulling manifest [K
pulling 2bada8a74506:  13% ▕██                ▏ 591 MB/4.7 GB   20 MB/s   3m21s[K[?25h[?2026l[?2026h[?25l[A[1Gpulling manifest [K
pulling 2bada8a74506:  13% ▕██                ▏ 592 MB/4.7 GB   20 MB/s   3m20s[K[?25h[?2026l[?2026h[?25l[A[1Gpulling manifest [K
pulling 2bada8a74506:  13% ▕██                ▏ 593 MB/4.7 GB   20 MB/s   3m20s[K[?25h[?2026l[?2026h[?25l[A[1Gpulling manifest [K
pulling 2bada8a74506:  13% ▕██                ▏ 594 MB/4.7 GB   20 MB/s   3m20s[K[?25h[?2026l[?2026h[?25l[A[1Gpulling manifest [K
pulling 2bada8a74506:  13% ▕██                ▏ 596 MB/4.7 GB   20 MB/s   3m20s[K[?25h[?2026l[?2026h[?25l[A[1Gpulling manifest [K
pulling 2bada8a74506:  13% ▕██                ▏ 599 MB/4.7 GB   20 MB/s   3m20s[K[?25h[?2026l[?2026h[?25l[A[1Gpulling manifest [K
pulling 2bada8a74506:  13% ▕██                ▏ 600 MB/4.7 GB   20 MB/s   3m20s[K[?25h[?2026l[?2026h[?25l[A[1Gpulling manifest [K
pulling 2bada8a74506:  13% ▕██                ▏ 602 MB/4.7 GB   20 MB/s   3m18s[K[?25h[?2026l[?2026h[?25l[A[1Gpulling manifest [K
pulling 2bada8a74506:  13% ▕██                ▏ 603 MB/4.7 GB   20 MB/s   3m18s[K[?25h[?2026l[?2026h[?25l[A[1Gpulling manifest [K
pulling 2bada8a74506:  13% ▕██                ▏ 604 MB/4.7 GB   20 MB/s   3m18s[K[?25h[?2026l[?2026h[?25l[A[1Gpulling manifest [K
pulling 2bada8a74506:  13% ▕██                ▏ 607 MB/4.7 GB   20 MB/s   3m18s[K[?25h[?2026l[?2026h[?25l[A[1Gpulling manifest [K
pulling 2bada8a74506:  13% ▕██                ▏ 608 MB/4.7 GB   20 MB/s   3m18s[K[?25h[?2026l[?2026h[?25l[A[1Gpulling manifest [K
pulling 2bada8a74506:  13% ▕██                ▏ 610 MB/4.7 GB   20 MB/s   3m18s[K[?25h[?2026l[?2026h[?25l[A[1Gpulling manifest [K
pulling 2bada8a74506:  13% ▕██                ▏ 612 MB/4.7 GB   20 MB/s   3m18s[K[?25h[?2026l[?2026h[?25l[A[1Gpulling manifest [K
pulling 2bada8a74506:  13% ▕██                ▏ 612 MB/4.7 GB   20 MB/s   3m18s[K[?25h[?2026l[?2026h[?25l[A[1Gpulling manifest [K
pulling 2bada8a74506:  13% ▕██                ▏ 616 MB/4.7 GB   20 MB/s   3m18s[K[?25h[?2026l[?2026h[?25l[A[1Gpulling manifest [K
pulling 2bada8a74506:  13% ▕██                ▏ 618 MB/4.7 GB   20 MB/s   3m18s[K[?25h[?2026l[?2026h[?25l[A[1Gpulling manifest [K
pulling 2bada8a74506:  13% ▕██                ▏ 619 MB/4.7 GB   20 MB/s   3m19s[K[?25h[?2026l[?2026h[?25l[A[1Gpulling manifest [K
pulling 2bada8a74506:  13% ▕██                ▏ 622 MB/4.7 GB   20 MB/s   3m19s[K[?25h[?2026l[?2026h[?25l[A[1Gpulling manifest [K
pulling 2bada8a74506:  13% ▕██                ▏ 622 MB/4.7 GB   20 MB/s   3m19s[K[?25h[?2026l[?2026h[?25l[A[1Gpulling manifest [K
pulling 2bada8a74506:  13% ▕██                ▏ 625 MB/4.7 GB   20 MB/s   3m19s[K[?25h[?2026l[?2026h[?25l[A[1Gpulling manifest [K
pulling 2bada8a74506:  13% ▕██                ▏ 628 MB/4.7 GB   20 MB/s   3m19s[K[?25h[?2026l[?2026h[?25l[A[1Gpulling manifest [K
pulling 2bada8a74506:  13% ▕██                ▏ 629 MB/4.7 GB   20 MB/s   3m19s[K[?25h[?2026l[?2026h[?25l[A[1Gpulling manifest [K
pulling 2bada8a74506:  13% ▕██                ▏ 631 MB/4.7 GB   20 MB/s   3m19s[K[?25h[?2026l[?2026h[?25l[A[1Gpulling manifest [K
pulling 2bada8a74506:  13% ▕██                ▏ 631 MB/4.7 GB   20 MB/s   3m19s[K[?25h[?2026l[?2026h[?25l[A[1Gpulling manifest [K
pulling 2bada8a74506:  13% ▕██                ▏ 631 MB/4.7 GB   20 MB/s   3m19s[K[?25h[?2026l[?2026h[?25l[A[1Gpulling manifest [K
pulling 2bada8a74506:  14% ▕██                ▏ 638 MB/4.7 GB   20 MB/s   3m19s[K[?25h[?2026l[?2026h[?25l[A[1Gpulling manifest [K
pulling 2bada8a74506:  14% ▕██                ▏ 639 MB/4.7 GB   20 MB/s   3m18s[K[?25h[?2026l[?2026h[?25l[A[1Gpulling manifest [K
pulling 2bada8a74506:  14% ▕██                ▏ 640 MB/4.7 GB   20 MB/s   3m18s[K[?25h[?2026l[?2026h[?25l[A[1Gpulling manifest [K
pulling 2bada8a74506:  14% ▕██                ▏ 643 MB/4.7 GB   20 MB/s   3m18s[K[?25h[?2026l[?2026h[?25l[A[1Gpulling manifest [K
pulling 2bada8a74506:  14% ▕██                ▏ 645 MB/4.7 GB   20 MB/s   3m18s[K[?25h[?2026l[?2026h[?25l[A[1Gpulling manifest [K
pulling 2bada8a74506:  14% ▕██                ▏ 647 MB/4.7 GB   20 MB/s   3m18s[K[?25h[?2026l[?2026h[?25l[A[1Gpulling manifest [K
pulling 2bada8a74506:  14% ▕██                ▏ 649 MB/4.7 GB   20 MB/s   3m17s[K[?25h[?2026l[?2026h[?25l[A[1Gpulling manifest [K
pulling 2bada8a74506:  14% ▕██                ▏ 651 MB/4.7 GB   20 MB/s   3m17s[K[?25h[?2026l[?2026h[?25l[A[1Gpulling manifest [K
pulling 2bada8a74506:  14% ▕██                ▏ 652 MB/4.7 GB   20 MB/s   3m17s[K[?25h[?2026l[?2026h[?25l[A[1Gpulling manifest [K
pulling 2bada8a74506:  14% ▕██                ▏ 653 MB/4.7 GB   20 MB/s   3m17s[K[?25h[?2026l[?2026h[?25l[A[1Gpulling manifest [K
pulling 2bada8a74506:  14% ▕██                ▏ 658 MB/4.7 GB   20 MB/s   3m17s[K[?25h[?2026l[?2026h[?25l[A[1Gpulling manifest [K
pulling 2bada8a74506:  14% ▕██                ▏ 659 MB/4.7 GB   20 MB/s   3m17s[K[?25h[?2026l[?2026h[?25l[A[1Gpulling manifest [K
pulling 2bada8a74506:  14% ▕██                ▏ 661 MB/4.7 GB   20 MB/s   3m17s[K[?25h[?2026l[?2026h[?25l[A[1Gpulling manifest [K
pulling 2bada8a74506:  14% ▕██                ▏ 663 MB/4.7 GB   20 MB/s   3m17s[K[?25h[?2026l[?2026h[?25l[A[1Gpulling manifest [K
pulling 2bada8a74506:  14% ▕██                ▏ 663 MB/4.7 GB   20 MB/s   3m17s[K[?25h[?2026l[?2026h[?25l[A[1Gpulling manifest [K
pulling 2bada8a74506:  14% ▕██                ▏ 666 MB/4.7 GB   20 MB/s   3m17s[K[?25h[?2026l[?2026h[?25l[A[1Gpulling manifest [K
pulling 2bada8a74506:  14% ▕██                ▏ 670 MB/4.7 GB   20 MB/s   3m17s[K[?25h[?2026l[?2026h[?25l[A[1Gpulling manifest [K
pulling 2bada8a74506:  14% ▕██                ▏ 671 MB/4.7 GB   20 MB/s   3m17s[K[?25h[?2026l[?2026h[?25l[A[1Gpulling manifest [K
pulling 2bada8a74506:  14% ▕██                ▏ 672 MB/4.7 GB   20 MB/s   3m17s[K[?25h[?2026l[?2026h[?25l[A[1Gpulling manifest [K
pulling 2bada8a74506:  14% ▕██                ▏ 674 MB/4.7 GB   20 MB/s   3m17s[K[?25h[?2026l[?2026h[?25l[A[1Gpulling manifest [K
pulling 2bada8a74506:  14% ▕██                ▏ 677 MB/4.7 GB   20 MB/s   3m17s[K[?25h[?2026l[?2026h[?25l[A[1Gpulling manifest [K
pulling 2bada8a74506:  15% ▕██                ▏ 680 MB/4.7 GB   20 MB/s   3m16s[K[?25h[?2026l[?2026h[?25l[A[1Gpulling manifest [K
pulling 2bada8a74506:  15% ▕██                ▏ 681 MB/4.7 GB   20 MB/s   3m16s[K[?25h[?2026l[?2026h[?25l[A[1Gpulling manifest [K
pulling 2bada8a74506:  15% ▕██                ▏ 682 MB/4.7 GB   20 MB/s   3m16s[K[?25h[?2026l[?2026h[?25l[A[1Gpulling manifest [K
pulling 2bada8a74506:  15% ▕██                ▏ 685 MB/4.7 GB   20 MB/s   3m16s[K[?25h[?2026l[?2026h[?25l[A[1Gpulling manifest [K
pulling 2bada8a74506:  15% ▕██                ▏ 686 MB/4.7 GB   20 MB/s   3m16s[K[?25h[?2026l[?2026h[?25l[A[1Gpulling manifest [K
pulling 2bada8a74506:  15% ▕██                ▏ 690 MB/4.7 GB   20 MB/s   3m16s[K[?25h[?2026l[?2026h[?25l[A[1Gpulling manifest [K
pulling 2bada8a74506:  15% ▕██                ▏ 691 MB/4.7 GB   20 MB/s   3m16s[K[?25h[?2026l[?2026h[?25l[A[1Gpulling manifest [K
pulling 2bada8a74506:  15% ▕██                ▏ 693 MB/4.7 GB   20 MB/s   3m16s[K[?25h[?2026l[?2026h[?25l[A[1Gpulling manifest [K
pulling 2bada8a74506:  15% ▕██                ▏ 694 MB/4.7 GB   20 MB/s   3m16s[K[?25h[?2026l[?2026h[?25l[A[1Gpulling manifest [K
pulling 2bada8a74506:  15% ▕██                ▏ 695 MB/4.7 GB   20 MB/s   3m16s[K[?25h[?2026l[?2026h[?25l[A[1Gpulling manifest [K
pulling 2bada8a74506:  15% ▕██                ▏ 700 MB/4.7 GB   20 MB/s   3m16s[K[?25h[?2026l[?2026h[?25l[A[1Gpulling manifest [K
pulling 2bada8a74506:  15% ▕██                ▏ 702 MB/4.7 GB   20 MB/s   3m17s[K[?25h[?2026l[?2026h[?25l[A[1Gpulling manifest [K
pulling 2bada8a74506:  15% ▕██                ▏ 702 MB/4.7 GB   20 MB/s   3m17s[K[?25h[?2026l[?2026h[?25l[A[1Gpulling manifest [K
pulling 2bada8a74506:  15% ▕██                ▏ 704 MB/4.7 GB   20 MB/s   3m16s[K[?25h[?2026l[?2026h[?25l[A[1Gpulling manifest [K
pulling 2bada8a74506:  15% ▕██                ▏ 705 MB/4.7 GB   20 MB/s   3m16s[K[?25h[?2026l[?2026h[?25l[A[1Gpulling manifest [K
pulling 2bada8a74506:  15% ▕██                ▏ 707 MB/4.7 GB   20 MB/s   3m16s[K[?25h[?2026l[?2026h[?25l[A[1Gpulling manifest [K
pulling 2bada8a74506:  15% ▕██                ▏ 711 MB/4.7 GB   20 MB/s   3m16s[K[?25h[?2026l[?2026h[?25l[A[1Gpulling manifest [K
pulling 2bada8a74506:  15% ▕██                ▏ 713 MB/4.7 GB   20 MB/s   3m16s[K[?25h[?2026l[?2026h[?25l[A[1Gpulling manifest [K
pulling 2bada8a74506:  15% ▕██                ▏ 714 MB/4.7 GB   20 MB/s   3m16s[K[?25h[?2026l[?2026h[?25l[A[1Gpulling manifest [K
pulling 2bada8a74506:  15% ▕██                ▏ 715 MB/4.7 GB   20 MB/s   3m16s[K[?25h[?2026l[?2026h[?25l[A[1Gpulling manifest [K
pulling 2bada8a74506:  15% ▕██                ▏ 719 MB/4.7 GB   20 MB/s   3m16s[K[?25h[?2026l[?2026h[?25l[A[1Gpulling manifest [K
pulling 2bada8a74506:  15% ▕██                ▏ 721 MB/4.7 GB   20 MB/s   3m17s[K[?25h[?2026l[?2026h[?25l[A[1Gpulling manifest [K
pulling 2bada8a74506:  15% ▕██                ▏ 723 MB/4.7 GB   20 MB/s   3m17s[K[?25h[?2026l[?2026h[?25l[A[1Gpulling manifest [K
pulling 2bada8a74506:  15% ▕██                ▏ 724 MB/4.7 GB   20 MB/s   3m17s[K[?25h[?2026l[?2026h[?25l[A[1Gpulling manifest [K
pulling 2bada8a74506:  16% ▕██                ▏ 726 MB/4.7 GB   20 MB/s   3m17s[K[?25h[?2026l[?2026h[?25l[A[1Gpulling manifest [K
pulling 2bada8a74506:  16% ▕██                ▏ 728 MB/4.7 GB   20 MB/s   3m17s[K[?25h[?2026l[?2026h[?25l[A[1Gpulling manifest [K
pulling 2bada8a74506:  16% ▕██                ▏ 731 MB/4.7 GB   20 MB/s   3m17s[K[?25h[?2026l[?2026h[?25l[A[1Gpulling manifest [K
pulling 2bada8a74506:  16% ▕██                ▏ 733 MB/4.7 GB   20 MB/s   3m17s[K[?25h[?2026l[?2026h[?25l[A[1Gpulling manifest [K
pulling 2bada8a74506:  16% ▕██                ▏ 735 MB/4.7 GB   20 MB/s   3m17s[K[?25h[?2026l[?2026h[?25l[A[1Gpulling manifest [K
pulling 2bada8a74506:  16% ▕██                ▏ 737 MB/4.7 GB   20 MB/s   3m17s[K[?25h[?2026l[?2026h[?25l[A[1Gpulling manifest [K
pulling 2bada8a74506:  16% ▕██                ▏ 737 MB/4.7 GB   20 MB/s   3m17s[K[?25h[?2026l[?2026h[?25l[A[1Gpulling manifest [K
pulling 2bada8a74506:  16% ▕██                ▏ 742 MB/4.7 GB   20 MB/s   3m16s[K[?25h[?2026l[?2026h[?25l[A[1Gpulling manifest [K
pulling 2bada8a74506:  16% ▕██                ▏ 744 MB/4.7 GB   20 MB/s   3m16s[K[?25h[?2026l[?2026h[?25l[A[1Gpulling manifest [K
pulling 2bada8a74506:  16% ▕██                ▏ 744 MB/4.7 GB   20 MB/s   3m16s[K[?25h[?2026l[?2026h[?25l[A[1Gpulling manifest [K
pulling 2bada8a74506:  16% ▕██                ▏ 746 MB/4.7 GB   20 MB/s   3m16s[K[?25h[?2026l[?2026h[?25l[A[1Gpulling manifest [K
pulling 2bada8a74506:  16% ▕██                ▏ 747 MB/4.7 GB   20 MB/s   3m16s[K[?25h[?2026l[?2026h[?25l[A[1Gpulling manifest [K
pulling 2bada8a74506:  16% ▕██                ▏ 749 MB/4.7 GB   20 MB/s   3m16s[K[?25h[?2026l[?2026h[?25l[A[1Gpulling manifest [K
pulling 2bada8a74506:  16% ▕██                ▏ 754 MB/4.7 GB   20 MB/s   3m15s[K[?25h[?2026l[?2026h[?25l[A[1Gpulling manifest [K
pulling 2bada8a74506:  16% ▕██                ▏ 755 MB/4.7 GB   20 MB/s   3m15s[K[?25h[?2026l[?2026h[?25l[A[1Gpulling manifest [K
pulling 2bada8a74506:  16% ▕██                ▏ 756 MB/4.7 GB   20 MB/s   3m15s[K[?25h[?2026l[?2026h[?25l[A[1Gpulling manifest [K
pulling 2bada8a74506:  16% ▕██                ▏ 757 MB/4.7 GB   20 MB/s   3m15s[K[?25h[?2026l[?2026h[?25l[A[1Gpulling manifest [K
pulling 2bada8a74506:  16% ▕██                ▏ 760 MB/4.7 GB   19 MB/s   3m19s[K[?25h[?2026l[?2026h[?25l[A[1Gpulling manifest [K
pulling 2bada8a74506:  16% ▕██                ▏ 763 MB/4.7 GB   19 MB/s   3m18s[K[?25h[?2026l[?2026h[?25l[A[1Gpulling manifest [K
pulling 2bada8a74506:  16% ▕██                ▏ 764 MB/4.7 GB   19 MB/s   3m18s[K[?25h[?2026l[?2026h[?25l[A[1Gpulling manifest [K
pulling 2bada8a74506:  16% ▕██                ▏ 766 MB/4.7 GB   19 MB/s   3m18s[K[?25h[?2026l[?2026h[?25l[A[1Gpulling manifest [K
pulling 2bada8a74506:  16% ▕██                ▏ 768 MB/4.7 GB   19 MB/s   3m18s[K[?25h[?2026l[?2026h[?25l[A[1Gpulling manifest [K
pulling 2bada8a74506:  16% ▕██                ▏ 769 MB/4.7 GB   19 MB/s   3m18s[K[?25h[?2026l[?2026h[?25l[A[1Gpulling manifest [K
pulling 2bada8a74506:  16% ▕██                ▏ 772 MB/4.7 GB   19 MB/s   3m18s[K[?25h[?2026l[?2026h[?25l[A[1Gpulling manifest [K
pulling 2bada8a74506:  17% ▕██                ▏ 775 MB/4.7 GB   19 MB/s   3m18s[K[?25h[?2026l[?2026h[?25l[A[1Gpulling manifest [K
pulling 2bada8a74506:  17% ▕██                ▏ 776 MB/4.7 GB   19 MB/s   3m18s[K[?25h[?2026l[?2026h[?25l[A[1Gpulling manifest [K
pulling 2bada8a74506:  17% ▕██                ▏ 776 MB/4.7 GB   19 MB/s   3m18s[K[?25h[?2026l[?2026h[?25l[A[1Gpulling manifest [K
pulling 2bada8a74506:  17% ▕██                ▏ 778 MB/4.7 GB   19 MB/s   3m18s[K[?25h[?2026l[?2026h[?25l[A[1Gpulling manifest [K
pulling 2bada8a74506:  17% ▕███               ▏ 783 MB/4.7 GB   19 MB/s   3m15s[K[?25h[?2026l[?2026h[?25l[A[1Gpulling manifest [K
pulling 2bada8a74506:  17% ▕███               ▏ 785 MB/4.7 GB   19 MB/s   3m15s[K[?25h[?2026l[?2026h[?25l[A[1Gpulling manifest [K
pulling 2bada8a74506:  17% ▕███               ▏ 786 MB/4.7 GB   19 MB/s   3m15s[K[?25h[?2026l[?2026h[?25l[A[1Gpulling manifest [K
pulling 2bada8a74506:  17% ▕███               ▏ 788 MB/4.7 GB   19 MB/s   3m15s[K[?25h[?2026l[?2026h[?25l[A[1Gpulling manifest [K
pulling 2bada8a74506:  17% ▕███               ▏ 789 MB/4.7 GB   19 MB/s   3m15s[K[?25h[?2026l[?2026h[?25l[A[1Gpulling manifest [K
pulling 2bada8a74506:  17% ▕███               ▏ 792 MB/4.7 GB   19 MB/s   3m15s[K[?25h[?2026l[?2026h[?25l[A[1Gpulling manifest [K
pulling 2bada8a74506:  17% ▕███               ▏ 795 MB/4.7 GB   19 MB/s   3m15s[K[?25h[?2026l[?2026h[?25l[A[1Gpulling manifest [K
pulling 2bada8a74506:  17% ▕███               ▏ 797 MB/4.7 GB   19 MB/s   3m15s[K[?25h[?2026l[?2026h[?25l[A[1Gpulling manifest [K
pulling 2bada8a74506:  17% ▕███               ▏ 798 MB/4.7 GB   19 MB/s   3m15s[K[?25h[?2026l[?2026h[?25l[A[1Gpulling manifest [K
pulling 2bada8a74506:  17% ▕███               ▏ 800 MB/4.7 GB   19 MB/s   3m14s[K[?25h[?2026l[?2026h[?25l[A[1Gpulling manifest [K
pulling 2bada8a74506:  17% ▕███               ▏ 800 MB/4.7 GB   20 MB/s   3m13s[K[?25h[?2026l[?2026h[?25l[A[1Gpulling manifest [K
pulling 2bada8a74506:  17% ▕███               ▏ 802 MB/4.7 GB   20 MB/s   3m13s[K[?25h[?2026l[?2026h[?25l[A[1Gpulling manifest [K
pulling 2bada8a74506:  17% ▕███               ▏ 803 MB/4.7 GB   20 MB/s   3m13s[K[?25h[?2026l[?2026h[?25l[A[1Gpulling manifest [K
pulling 2bada8a74506:  17% ▕███               ▏ 805 MB/4.7 GB   20 MB/s   3m13s[K[?25h[?2026l[?2026h[?25l[A[1Gpulling manifest [K
pulling 2bada8a74506:  17% ▕███               ▏ 807 MB/4.7 GB   20 MB/s   3m13s[K[?25h[?2026l[?2026h[?25l[A[1Gpulling manifest [K
pulling 2bada8a74506:  17% ▕███               ▏ 808 MB/4.7 GB   20 MB/s   3m13s[K[?25h[?2026l[?2026h[?25l[A[1Gpulling manifest [K
pulling 2bada8a74506:  17% ▕███               ▏ 811 MB/4.7 GB   20 MB/s   3m12s[K[?25h[?2026l[?2026h[?25l[A[1Gpulling manifest [K
pulling 2bada8a74506:  17% ▕███               ▏ 812 MB/4.7 GB   20 MB/s   3m12s[K[?25h[?2026l[?2026h[?25l[A[1Gpulling manifest [K
pulling 2bada8a74506:  17% ▕███               ▏ 815 MB/4.7 GB   20 MB/s   3m12s[K[?25h[?2026l[?2026h[?25l[A[1Gpulling manifest [K
pulling 2bada8a74506:  17% ▕███               ▏ 816 MB/4.7 GB   20 MB/s   3m12s[K[?25h[?2026l[?2026h[?25l[A[1Gpulling manifest [K
pulling 2bada8a74506:  17% ▕███               ▏ 817 MB/4.7 GB   19 MB/s   3m16s[K[?25h[?2026l[?2026h[?25l[A[1Gpulling manifest [K
pulling 2bada8a74506:  18% ▕███               ▏ 820 MB/4.7 GB   19 MB/s   3m15s[K[?25h[?2026l[?2026h[?25l[A[1Gpulling manifest [K
pulling 2bada8a74506:  18% ▕███               ▏ 822 MB/4.7 GB   19 MB/s   3m15s[K[?25h[?2026l[?2026h[?25l[A[1Gpulling manifest [K
pulling 2bada8a74506:  18% ▕███               ▏ 822 MB/4.7 GB   19 MB/s   3m15s[K[?25h[?2026l[?2026h[?25l[A[1Gpulling manifest [K
pulling 2bada8a74506:  18% ▕███               ▏ 825 MB/4.7 GB   19 MB/s   3m15s[K[?25h[?2026l[?2026h[?25l[A[1Gpulling manifest [K
pulling 2bada8a74506:  18% ▕███               ▏ 825 MB/4.7 GB   19 MB/s   3m15s[K[?25h[?2026l[?2026h[?25l[A[1Gpulling manifest [K
pulling 2bada8a74506:  18% ▕███               ▏ 829 MB/4.7 GB   19 MB/s   3m15s[K[?25h[?2026l[?2026h[?25l[A[1Gpulling manifest [K
pulling 2bada8a74506:  18% ▕███               ▏ 832 MB/4.7 GB   19 MB/s   3m15s[K[?25h[?2026l[?2026h[?25l[A[1Gpulling manifest [K
pulling 2bada8a74506:  18% ▕███               ▏ 832 MB/4.7 GB   19 MB/s   3m15s[K[?25h[?2026l[?2026h[?25l[A[1Gpulling manifest [K
pulling 2bada8a74506:  18% ▕███               ▏ 835 MB/4.7 GB   19 MB/s   3m15s[K[?25h[?2026l[?2026h[?25l[A[1Gpulling manifest [K
pulling 2bada8a74506:  18% ▕███               ▏ 837 MB/4.7 GB   19 MB/s   3m15s[K[?25h[?2026l[?2026h[?25l[A[1Gpulling manifest [K
pulling 2bada8a74506:  18% ▕███               ▏ 837 MB/4.7 GB   19 MB/s   3m15s[K[?25h[?2026l[?2026h[?25l[A[1Gpulling manifest [K
pulling 2bada8a74506:  18% ▕███               ▏ 841 MB/4.7 GB   19 MB/s   3m15s[K[?25h[?2026l[?2026h[?25l[A[1Gpulling manifest [K
pulling 2bada8a74506:  18% ▕███               ▏ 843 MB/4.7 GB   19 MB/s   3m15s[K[?25h[?2026l[?2026h[?25l[A[1Gpulling manifest [K
pulling 2bada8a74506:  18% ▕███               ▏ 844 MB/4.7 GB   19 MB/s   3m15s[K[?25h[?2026l[?2026h[?25l[A[1Gpulling manifest [K
pulling 2bada8a74506:  18% ▕███               ▏ 846 MB/4.7 GB   19 MB/s   3m15s[K[?25h[?2026l[?2026h[?25l[A[1Gpulling manifest [K
pulling 2bada8a74506:  18% ▕███               ▏ 847 MB/4.7 GB   19 MB/s   3m15s[K[?25h[?2026l[?2026h[?25l[A[1Gpulling manifest [K
pulling 2bada8a74506:  18% ▕███               ▏ 852 MB/4.7 GB   19 MB/s   3m15s[K[?25h[?2026l[?2026h[?25l[A[1Gpulling manifest [K
pulling 2bada8a74506:  18% ▕███               ▏ 852 MB/4.7 GB   19 MB/s   3m15s[K[?25h[?2026l[?2026h[?25l[A[1Gpulling manifest [K
pulling 2bada8a74506:  18% ▕███               ▏ 854 MB/4.7 GB   19 MB/s   3m15s[K[?25h[?2026l[?2026h[?25l[A[1Gpulling manifest [K
pulling 2bada8a74506:  18% ▕███               ▏ 856 MB/4.7 GB   19 MB/s   3m14s[K[?25h[?2026l[?2026h[?25l[A[1Gpulling manifest [K
pulling 2bada8a74506:  18% ▕███               ▏ 856 MB/4.7 GB   19 MB/s   3m16s[K[?25h[?2026l[?2026h[?25l[A[1Gpulling manifest [K
pulling 2bada8a74506:  18% ▕███               ▏ 861 MB/4.7 GB   19 MB/s   3m16s[K[?25h[?2026l[?2026h[?25l[A[1Gpulling manifest [K
pulling 2bada8a74506:  18% ▕███               ▏ 862 MB/4.7 GB   19 MB/s   3m16s[K[?25h[?2026l[?2026h[?25l[A[1Gpulling manifest [K
pulling 2bada8a74506:  18% ▕███               ▏ 863 MB/4.7 GB   19 MB/s   3m16s[K[?25h[?2026l[?2026h[?25l[A[1Gpulling manifest [K
pulling 2bada8a74506:  18% ▕███               ▏ 865 MB/4.7 GB   19 MB/s   3m16s[K[?25h[?2026l[?2026h[?25l[A[1Gpulling manifest [K
pulling 2bada8a74506:  18% ▕███               ▏ 865 MB/4.7 GB   19 MB/s   3m16s[K[?25h[?2026l[?2026h[?25l[A[1Gpulling manifest [K
pulling 2bada8a74506:  19% ▕███               ▏ 870 MB/4.7 GB   19 MB/s   3m15s[K[?25h[?2026l[?2026h[?25l[A[1Gpulling manifest [K
pulling 2bada8a74506:  19% ▕███               ▏ 873 MB/4.7 GB   19 MB/s   3m15s[K[?25h[?2026l[?2026h[?25l[A[1Gpulling manifest [K
pulling 2bada8a74506:  19% ▕███               ▏ 873 MB/4.7 GB   19 MB/s   3m15s[K[?25h[?2026l[?2026h[?25l[A[1Gpulling manifest [K
pulling 2bada8a74506:  19% ▕███               ▏ 875 MB/4.7 GB   19 MB/s   3m15s[K[?25h[?2026l[?2026h[?25l[A[1Gpulling manifest [K
pulling 2bada8a74506:  19% ▕███               ▏ 876 MB/4.7 GB   19 MB/s   3m15s[K[?25h[?2026l[?2026h[?25l[A[1Gpulling manifest [K
pulling 2bada8a74506:  19% ▕███               ▏ 881 MB/4.7 GB   19 MB/s   3m15s[K[?25h[?2026l[?2026h[?25l[A[1Gpulling manifest [K
pulling 2bada8a74506:  19% ▕███               ▏ 882 MB/4.7 GB   19 MB/s   3m15s[K[?25h[?2026l[?2026h[?25l[A[1Gpulling manifest [K
pulling 2bada8a74506:  19% ▕███               ▏ 884 MB/4.7 GB   19 MB/s   3m15s[K[?25h[?2026l[?2026h[?25l[A[1Gpulling manifest [K
pulling 2bada8a74506:  19% ▕███               ▏ 885 MB/4.7 GB   19 MB/s   3m15s[K[?25h[?2026l[?2026h[?25l[A[1Gpulling manifest [K
pulling 2bada8a74506:  19% ▕███               ▏ 887 MB/4.7 GB   19 MB/s   3m14s[K[?25h[?2026l[?2026h[?25l[A[1Gpulling manifest [K
pulling 2bada8a74506:  19% ▕███               ▏ 889 MB/4.7 GB   19 MB/s   3m14s[K[?25h[?2026l[?2026h[?25l[A[1Gpulling manifest [K
pulling 2bada8a74506:  19% ▕███               ▏ 892 MB/4.7 GB   19 MB/s   3m14s[K[?25h[?2026l[?2026h[?25l[A[1Gpulling manifest [K
pulling 2bada8a74506:  19% ▕███               ▏ 894 MB/4.7 GB   19 MB/s   3m14s[K[?25h[?2026l[?2026h[?25l[A[1Gpulling manifest [K
pulling 2bada8a74506:  19% ▕███               ▏ 895 MB/4.7 GB   19 MB/s   3m14s[K[?25h[?2026l[?2026h[?25l[A[1Gpulling manifest [K
pulling 2bada8a74506:  19% ▕███               ▏ 897 MB/4.7 GB   19 MB/s   3m13s[K[?25h[?2026l[?2026h[?25l[A[1Gpulling manifest [K
pulling 2bada8a74506:  19% ▕███               ▏ 898 MB/4.7 GB   19 MB/s   3m13s[K[?25h[?2026l[?2026h[?25l[A[1Gpulling manifest [K
pulling 2bada8a74506:  19% ▕███               ▏ 903 MB/4.7 GB   19 MB/s   3m13s[K[?25h[?2026l[?2026h[?25l[A[1Gpulling manifest [K
pulling 2bada8a74506:  19% ▕███               ▏ 905 MB/4.7 GB   19 MB/s   3m13s[K[?25h[?2026l[?2026h[?25l[A[1Gpulling manifest [K
pulling 2bada8a74506:  19% ▕███               ▏ 906 MB/4.7 GB   19 MB/s   3m13s[K[?25h[?2026l[?2026h[?25l[A[1Gpulling manifest [K
pulling 2bada8a74506:  19% ▕███               ▏ 908 MB/4.7 GB   19 MB/s   3m13s[K[?25h[?2026l[?2026h[?25l[A[1Gpulling manifest [K
pulling 2bada8a74506:  19% ▕███               ▏ 910 MB/4.7 GB   19 MB/s   3m12s[K[?25h[?2026l[?2026h[?25l[A[1Gpulling manifest [K
pulling 2bada8a74506:  19% ▕███               ▏ 911 MB/4.7 GB   19 MB/s   3m12s[K[?25h[?2026l[?2026h[?25l[A[1Gpulling manifest [K
pulling 2bada8a74506:  20% ▕███               ▏ 915 MB/4.7 GB   19 MB/s   3m12s[K[?25h[?2026l[?2026h[?25l[A[1Gpulling manifest [K
pulling 2bada8a74506:  20% ▕███               ▏ 915 MB/4.7 GB   19 MB/s   3m12s[K[?25h[?2026l[?2026h[?25l[A[1Gpulling manifest [K
pulling 2bada8a74506:  20% ▕███               ▏ 918 MB/4.7 GB   19 MB/s   3m12s[K[?25h[?2026l[?2026h[?25l[A[1Gpulling manifest [K
pulling 2bada8a74506:  20% ▕███               ▏ 919 MB/4.7 GB   19 MB/s   3m12s[K[?25h[?2026l[?2026h[?25l[A[1Gpulling manifest [K
pulling 2bada8a74506:  20% ▕███               ▏ 923 MB/4.7 GB   19 MB/s   3m12s[K[?25h[?2026l[?2026h[?25l[A[1Gpulling manifest [K
pulling 2bada8a74506:  20% ▕███               ▏ 925 MB/4.7 GB   19 MB/s   3m12s[K[?25h[?2026l[?2026h[?25l[A[1Gpulling manifest [K
pulling 2bada8a74506:  20% ▕███               ▏ 927 MB/4.7 GB   19 MB/s   3m12s[K[?25h[?2026l[?2026h[?25l[A[1Gpulling manifest [K
pulling 2bada8a74506:  20% ▕███               ▏ 928 MB/4.7 GB   19 MB/s   3m12s[K[?25h[?2026l[?2026h[?25l[A[1Gpulling manifest [K
pulling 2bada8a74506:  20% ▕███               ▏ 929 MB/4.7 GB   19 MB/s   3m12s[K[?25h[?2026l[?2026h[?25l[A[1Gpulling manifest [K
pulling 2bada8a74506:  20% ▕███               ▏ 931 MB/4.7 GB   19 MB/s   3m12s[K[?25h[?2026l[?2026h[?25l[A[1Gpulling manifest [K
pulling 2bada8a74506:  20% ▕███               ▏ 936 MB/4.7 GB   19 MB/s   3m11s[K[?25h[?2026l[?2026h[?25l[A[1Gpulling manifest [K
pulling 2bada8a74506:  20% ▕███               ▏ 937 MB/4.7 GB   19 MB/s   3m11s[K[?25h[?2026l[?2026h[?25l[A[1Gpulling manifest [K
pulling 2bada8a74506:  20% ▕███               ▏ 939 MB/4.7 GB   19 MB/s    3m7s[K[?25h[?2026l[?2026h[?25l[A[1Gpulling manifest [K
pulling 2bada8a74506:  20% ▕███               ▏ 940 MB/4.7 GB   19 MB/s    3m7s[K[?25h[?2026l[?2026h[?25l[A[1Gpulling manifest [K
pulling 2bada8a74506:  20% ▕███               ▏ 941 MB/4.7 GB   19 MB/s    3m7s[K[?25h[?2026l[?2026h[?25l[A[1Gpulling manifest [K
pulling 2bada8a74506:  20% ▕███               ▏ 946 MB/4.7 GB   19 MB/s    3m7s[K[?25h[?2026l[?2026h[?25l[A[1Gpulling manifest [K
pulling 2bada8a74506:  20% ▕███               ▏ 947 MB/4.7 GB   19 MB/s    3m7s[K[?25h[?2026l[?2026h[?25l[A[1Gpulling manifest [K
pulling 2bada8a74506:  20% ▕███               ▏ 949 MB/4.7 GB   19 MB/s    3m7s[K[?25h[?2026l[?2026h[?25l[A[1Gpulling manifest [K
pulling 2bada8a74506:  20% ▕███               ▏ 951 MB/4.7 GB   19 MB/s    3m6s[K[?25h[?2026l[?2026h[?25l[A[1Gpulling manifest [K
pulling 2bada8a74506:  20% ▕███               ▏ 953 MB/4.7 GB   19 MB/s    3m6s[K[?25h[?2026l[?2026h[?25l[A[1Gpulling manifest [K
pulling 2bada8a74506:  20% ▕███               ▏ 956 MB/4.7 GB   19 MB/s    3m6s[K[?25h[?2026l[?2026h[?25l[A[1Gpulling manifest [K
pulling 2bada8a74506:  20% ▕███               ▏ 958 MB/4.7 GB   19 MB/s    3m6s[K[?25h[?2026l[?2026h[?25l[A[1Gpulling manifest [K
pulling 2bada8a74506:  20% ▕███               ▏ 959 MB/4.7 GB   19 MB/s    3m7s[K[?25h[?2026l[?2026h[?25l[A[1Gpulling manifest [K
pulling 2bada8a74506:  21% ▕███               ▏ 961 MB/4.7 GB   19 MB/s    3m7s[K[?25h[?2026l[?2026h[?25l[A[1Gpulling manifest [K
pulling 2bada8a74506:  21% ▕███               ▏ 962 MB/4.7 GB   19 MB/s    3m7s[K[?25h[?2026l[?2026h[?25l[A[1Gpulling manifest [K
pulling 2bada8a74506:  21% ▕███               ▏ 963 MB/4.7 GB   19 MB/s    3m6s[K[?25h[?2026l[?2026h[?25l[A[1Gpulling manifest [K
pulling 2bada8a74506:  21% ▕███               ▏ 968 MB/4.7 GB   19 MB/s    3m6s[K[?25h[?2026l[?2026h[?25l[A[1Gpulling manifest [K
pulling 2bada8a74506:  21% ▕███               ▏ 969 MB/4.7 GB   19 MB/s    3m6s[K[?25h[?2026l[?2026h[?25l[A[1Gpulling manifest [K
pulling 2bada8a74506:  21% ▕███               ▏ 972 MB/4.7 GB   19 MB/s    3m6s[K[?25h[?2026l[?2026h[?25l[A[1Gpulling manifest [K
pulling 2bada8a74506:  21% ▕███               ▏ 972 MB/4.7 GB   19 MB/s    3m6s[K[?25h[?2026l[?2026h[?25l[A[1Gpulling manifest [K
pulling 2bada8a74506:  21% ▕███               ▏ 975 MB/4.7 GB   19 MB/s    3m6s[K[?25h[?2026l[?2026h[?25l[A[1Gpulling manifest [K
pulling 2bada8a74506:  21% ▕███               ▏ 978 MB/4.7 GB   19 MB/s    3m6s[K[?25h[?2026l[?2026h[?25l[A[1Gpulling manifest [K
pulling 2bada8a74506:  21% ▕███               ▏ 978 MB/4.7 GB   19 MB/s    3m6s[K[?25h[?2026l[?2026h[?25l[A[1Gpulling manifest [K
pulling 2bada8a74506:  21% ▕███               ▏ 981 MB/4.7 GB   19 MB/s    3m5s[K[?25h[?2026l[?2026h[?25l[A[1Gpulling manifest [K
pulling 2bada8a74506:  21% ▕███               ▏ 982 MB/4.7 GB   19 MB/s    3m5s[K[?25h[?2026l[?2026h[?25l[A[1Gpulling manifest [K
pulling 2bada8a74506:  21% ▕███               ▏ 982 MB/4.7 GB   19 MB/s    3m5s[K[?25h[?2026l[?2026h[?25l[A[1Gpulling manifest [K
pulling 2bada8a74506:  21% ▕███               ▏ 987 MB/4.7 GB   19 MB/s    3m5s[K[?25h[?2026l[?2026h[?25l[A[1Gpulling manifest [K
pulling 2bada8a74506:  21% ▕███               ▏ 988 MB/4.7 GB   19 MB/s    3m5s[K[?25h[?2026l[?2026h[?25l[A[1Gpulling manifest [K
pulling 2bada8a74506:  21% ▕███               ▏ 989 MB/4.7 GB   19 MB/s    3m5s[K[?25h[?2026l[?2026h[?25l[A[1Gpulling manifest [K
pulling 2bada8a74506:  21% ▕███               ▏ 992 MB/4.7 GB   19 MB/s    3m5s[K[?25h[?2026l[?2026h[?25l[A[1Gpulling manifest [K
pulling 2bada8a74506:  21% ▕███               ▏ 992 MB/4.7 GB   19 MB/s    3m5s[K[?25h[?2026l[?2026h[?25l[A[1Gpulling manifest [K
pulling 2bada8a74506:  21% ▕███               ▏ 996 MB/4.7 GB   19 MB/s    3m5s[K[?25h[?2026l[?2026h[?25l[A[1Gpulling manifest [K
pulling 2bada8a74506:  21% ▕███               ▏ 997 MB/4.7 GB   19 MB/s    3m4s[K[?25h[?2026l[?2026h[?25l[A[1Gpulling manifest [K
pulling 2bada8a74506:  21% ▕███               ▏ 998 MB/4.7 GB   20 MB/s    3m3s[K[?25h[?2026l[?2026h[?25l[A[1Gpulling manifest [K
pulling 2bada8a74506:  21% ▕███               ▏ 998 MB/4.7 GB   20 MB/s    3m3s[K[?25h[?2026l[?2026h[?25l[A[1Gpulling manifest [K
pulling 2bada8a74506:  21% ▕███               ▏ 999 MB/4.7 GB   20 MB/s    3m3s[K[?25h[?2026l[?2026h[?25l[A[1Gpulling manifest [K
pulling 2bada8a74506:  21% ▕███               ▏ 1.0 GB/4.7 GB   20 MB/s    3m3s[K[?25h[?2026l[?2026h[?25l[A[1Gpulling manifest [K
pulling 2bada8a74506:  21% ▕███               ▏ 1.0 GB/4.7 GB   20 MB/s    3m3s[K[?25h[?2026l[?2026h[?25l[A[1Gpulling manifest [K
pulling 2bada8a74506:  21% ▕███               ▏ 1.0 GB/4.7 GB   20 MB/s    3m3s[K[?25h[?2026l[?2026h[?25l[A[1Gpulling manifest [K
pulling 2bada8a74506:  22% ▕███               ▏ 1.0 GB/4.7 GB   20 MB/s    3m2s[K[?25h[?2026l[?2026h[?25l[A[1Gpulling manifest [K
pulling 2bada8a74506:  22% ▕███               ▏ 1.0 GB/4.7 GB   20 MB/s    3m2s[K[?25h[?2026l[?2026h[?25l[A[1Gpulling manifest [K
pulling 2bada8a74506:  22% ▕███               ▏ 1.0 GB/4.7 GB   20 MB/s    3m2s[K[?25h[?2026l[?2026h[?25l[A[1Gpulling manifest [K
pulling 2bada8a74506:  22% ▕███               ▏ 1.0 GB/4.7 GB   20 MB/s    3m2s[K[?25h[?2026l[?2026h[?25l[A[1Gpulling manifest [K
pulling 2bada8a74506:  22% ▕███               ▏ 1.0 GB/4.7 GB   19 MB/s    3m6s[K[?25h[?2026l[?2026h[?25l[A[1Gpulling manifest [K
pulling 2bada8a74506:  22% ▕███               ▏ 1.0 GB/4.7 GB   19 MB/s    3m6s[K[?25h[?2026l[?2026h[?25l[A[1Gpulling manifest [K
pulling 2bada8a74506:  22% ▕███               ▏ 1.0 GB/4.7 GB   19 MB/s    3m6s[K[?25h[?2026l[?2026h[?25l[A[1Gpulling manifest [K
pulling 2bada8a74506:  22% ▕███               ▏ 1.0 GB/4.7 GB   19 MB/s    3m6s[K[?25h[?2026l[?2026h[?25l[A[1Gpulling manifest [K
pulling 2bada8a74506:  22% ▕███               ▏ 1.0 GB/4.7 GB   19 MB/s    3m6s[K[?25h[?2026l[?2026h[?25l[A[1Gpulling manifest [K
pulling 2bada8a74506:  22% ▕███               ▏ 1.0 GB/4.7 GB   19 MB/s    3m6s[K[?25h[?2026l[?2026h[?25l[A[1Gpulling manifest [K
pulling 2bada8a74506:  22% ▕███               ▏ 1.0 GB/4.7 GB   19 MB/s    3m6s[K[?25h[?2026l[?2026h[?25l[A[1Gpulling manifest [K
pulling 2bada8a74506:  22% ▕███               ▏ 1.0 GB/4.7 GB   19 MB/s    3m6s[K[?25h[?2026l[?2026h[?25l[A[1Gpulling manifest [K
pulling 2bada8a74506:  22% ▕███               ▏ 1.0 GB/4.7 GB   19 MB/s    3m5s[K[?25h[?2026l[?2026h[?25l[A[1Gpulling manifest [K
pulling 2bada8a74506:  22% ▕███               ▏ 1.0 GB/4.7 GB   19 MB/s    3m5s[K[?25h[?2026l[?2026h[?25l[A[1Gpulling manifest [K
pulling 2bada8a74506:  22% ▕███               ▏ 1.0 GB/4.7 GB   19 MB/s    3m4s[K[?25h[?2026l[?2026h[?25l[A[1Gpulling manifest [K
pulling 2bada8a74506:  22% ▕███               ▏ 1.0 GB/4.7 GB   19 MB/s    3m4s[K[?25h[?2026l[?2026h[?25l[A[1Gpulling manifest [K
pulling 2bada8a74506:  22% ▕███               ▏ 1.0 GB/4.7 GB   19 MB/s    3m4s[K[?25h[?2026l[?2026h[?25l[A[1Gpulling manifest [K
pulling 2bada8a74506:  22% ▕███               ▏ 1.0 GB/4.7 GB   19 MB/s    3m4s[K[?25h[?2026l[?2026h[?25l[A[1Gpulling manifest [K
pulling 2bada8a74506:  22% ▕████              ▏ 1.0 GB/4.7 GB   19 MB/s    3m4s[K[?25h[?2026l[?2026h[?25l[A[1Gpulling manifest [K
pulling 2bada8a74506:  22% ▕████              ▏ 1.0 GB/4.7 GB   19 MB/s    3m4s[K[?25h[?2026l[?2026h[?25l[A[1Gpulling manifest [K
pulling 2bada8a74506:  22% ▕████              ▏ 1.0 GB/4.7 GB   19 MB/s    3m4s[K[?25h[?2026l[?2026h[?25l[A[1Gpulling manifest [K
pulling 2bada8a74506:  22% ▕████              ▏ 1.0 GB/4.7 GB   19 MB/s    3m4s[K[?25h[?2026l[?2026h[?25l[A[1Gpulling manifest [K
pulling 2bada8a74506:  22% ▕████              ▏ 1.0 GB/4.7 GB   19 MB/s    3m4s[K[?25h[?2026l[?2026h[?25l[A[1Gpulling manifest [K
pulling 2bada8a74506:  22% ▕████              ▏ 1.0 GB/4.7 GB   19 MB/s    3m4s[K[?25h[?2026l[?2026h[?25l[A[1Gpulling manifest [K
pulling 2bada8a74506:  23% ▕████              ▏ 1.1 GB/4.7 GB   19 MB/s    3m3s[K[?25h[?2026l[?2026h[?25l[A[1Gpulling manifest [K
pulling 2bada8a74506:  23% ▕████              ▏ 1.1 GB/4.7 GB   19 MB/s    3m3s[K[?25h[?2026l[?2026h[?25l[A[1Gpulling manifest [K
pulling 2bada8a74506:  23% ▕████              ▏ 1.1 GB/4.7 GB   19 MB/s    3m3s[K[?25h[?2026l[?2026h[?25l[A[1Gpulling manifest [K
pulling 2bada8a74506:  23% ▕████              ▏ 1.1 GB/4.7 GB   19 MB/s    3m3s[K[?25h[?2026l[?2026h[?25l[A[1Gpulling manifest [K
pulling 2bada8a74506:  23% ▕████              ▏ 1.1 GB/4.7 GB   19 MB/s    3m3s[K[?25h[?2026l[?2026h[?25l[A[1Gpulling manifest [K
pulling 2bada8a74506:  23% ▕████              ▏ 1.1 GB/4.7 GB   19 MB/s    3m3s[K[?25h[?2026l[?2026h[?25l[A[1Gpulling manifest [K
pulling 2bada8a74506:  23% ▕████              ▏ 1.1 GB/4.7 GB   19 MB/s    3m3s[K[?25h[?2026l[?2026h[?25l[A[1Gpulling manifest [K
pulling 2bada8a74506:  23% ▕████              ▏ 1.1 GB/4.7 GB   19 MB/s    3m3s[K[?25h[?2026l[?2026h[?25l[A[1Gpulling manifest [K
pulling 2bada8a74506:  23% ▕████              ▏ 1.1 GB/4.7 GB   19 MB/s    3m3s[K[?25h[?2026l[?2026h[?25l[A[1Gpulling manifest [K
pulling 2bada8a74506:  23% ▕████              ▏ 1.1 GB/4.7 GB   19 MB/s    3m3s[K[?25h[?2026l[?2026h[?25l[A[1Gpulling manifest [K
pulling 2bada8a74506:  23% ▕████              ▏ 1.1 GB/4.7 GB   19 MB/s    3m2s[K[?25h[?2026l[?2026h[?25l[A[1Gpulling manifest [K
pulling 2bada8a74506:  23% ▕████              ▏ 1.1 GB/4.7 GB   19 MB/s    3m3s[K[?25h[?2026l[?2026h[?25l[A[1Gpulling manifest [K
pulling 2bada8a74506:  23% ▕████              ▏ 1.1 GB/4.7 GB   19 MB/s    3m3s[K[?25h[?2026l[?2026h[?25l[A[1Gpulling manifest [K
pulling 2bada8a74506:  23% ▕████              ▏ 1.1 GB/4.7 GB   19 MB/s    3m3s[K[?25h[?2026l[?2026h[?25l[A[1Gpulling manifest [K
pulling 2bada8a74506:  23% ▕████              ▏ 1.1 GB/4.7 GB   19 MB/s    3m3s[K[?25h[?2026l[?2026h[?25l[A[1Gpulling manifest [K
pulling 2bada8a74506:  23% ▕████              ▏ 1.1 GB/4.7 GB   19 MB/s    3m3s[K[?25h[?2026l[?2026h[?25l[A[1Gpulling manifest [K
pulling 2bada8a74506:  23% ▕████              ▏ 1.1 GB/4.7 GB   19 MB/s    3m2s[K[?25h[?2026l[?2026h[?25l[A[1Gpulling manifest [K
pulling 2bada8a74506:  23% ▕████              ▏ 1.1 GB/4.7 GB   19 MB/s    3m2s[K[?25h[?2026l[?2026h[?25l[A[1Gpulling manifest [K
pulling 2bada8a74506:  23% ▕████              ▏ 1.1 GB/4.7 GB   19 MB/s    3m2s[K[?25h[?2026l[?2026h[?25l[A[1Gpulling manifest [K
pulling 2bada8a74506:  23% ▕████              ▏ 1.1 GB/4.7 GB   19 MB/s    3m2s[K[?25h[?2026l[?2026h[?25l[A[1Gpulling manifest [K
pulling 2bada8a74506:  23% ▕████              ▏ 1.1 GB/4.7 GB   19 MB/s    3m2s[K[?25h[?2026l[?2026h[?25l[A[1Gpulling manifest [K
pulling 2bada8a74506:  23% ▕████              ▏ 1.1 GB/4.7 GB   19 MB/s    3m2s[K[?25h[?2026l[?2026h[?25l[A[1Gpulling manifest [K
pulling 2bada8a74506:  23% ▕████              ▏ 1.1 GB/4.7 GB   19 MB/s    3m2s[K[?25h[?2026l[?2026h[?25l[A[1Gpulling manifest [K
pulling 2bada8a74506:  23% ▕████              ▏ 1.1 GB/4.7 GB   19 MB/s    3m1s[K[?25h[?2026l[?2026h[?25l[A[1Gpulling manifest [K
pulling 2bada8a74506:  24% ▕████              ▏ 1.1 GB/4.7 GB   19 MB/s    3m1s[K[?25h[?2026l[?2026h[?25l[A[1Gpulling manifest [K
pulling 2bada8a74506:  24% ▕████              ▏ 1.1 GB/4.7 GB   19 MB/s    3m1s[K[?25h[?2026l[?2026h[?25l[A[1Gpulling manifest [K
pulling 2bada8a74506:  24% ▕████              ▏ 1.1 GB/4.7 GB   19 MB/s    3m1s[K[?25h[?2026l[?2026h[?25l[A[1Gpulling manifest [K
pulling 2bada8a74506:  24% ▕████              ▏ 1.1 GB/4.7 GB   19 MB/s    3m1s[K[?25h[?2026l[?2026h[?25l[A[1Gpulling manifest [K
pulling 2bada8a74506:  24% ▕████              ▏ 1.1 GB/4.7 GB   19 MB/s    3m1s[K[?25h[?2026l[?2026h[?25l[A[1Gpulling manifest [K
pulling 2bada8a74506:  24% ▕████              ▏ 1.1 GB/4.7 GB   19 MB/s    3m1s[K[?25h[?2026l[?2026h[?25l[A[1Gpulling manifest [K
pulling 2bada8a74506:  24% ▕████              ▏ 1.1 GB/4.7 GB   19 MB/s    3m1s[K[?25h[?2026l[?2026h[?25l[A[1Gpulling manifest [K
pulling 2bada8a74506:  24% ▕████              ▏ 1.1 GB/4.7 GB   19 MB/s    3m5s[K[?25h[?2026l[?2026h[?25l[A[1Gpulling manifest [K
pulling 2bada8a74506:  24% ▕████              ▏ 1.1 GB/4.7 GB   19 MB/s    3m5s[K[?25h[?2026l[?2026h[?25l[A[1Gpulling manifest [K
pulling 2bada8a74506:  24% ▕████              ▏ 1.1 GB/4.7 GB   19 MB/s    3m5s[K[?25h[?2026l[?2026h[?25l[A[1Gpulling manifest [K
pulling 2bada8a74506:  24% ▕████              ▏ 1.1 GB/4.7 GB   19 MB/s    3m4s[K[?25h[?2026l[?2026h[?25l[A[1Gpulling manifest [K
pulling 2bada8a74506:  24% ▕████              ▏ 1.1 GB/4.7 GB   19 MB/s    3m4s[K[?25h[?2026l[?2026h[?25l[A[1Gpulling manifest [K
pulling 2bada8a74506:  24% ▕████              ▏ 1.1 GB/4.7 GB   19 MB/s    3m4s[K[?25h[?2026l[?2026h[?25l[A[1Gpulling manifest [K
pulling 2bada8a74506:  24% ▕████              ▏ 1.1 GB/4.7 GB   19 MB/s    3m4s[K[?25h[?2026l[?2026h[?25l[A[1Gpulling manifest [K
pulling 2bada8a74506:  24% ▕████              ▏ 1.1 GB/4.7 GB   19 MB/s    3m4s[K[?25h[?2026l[?2026h[?25l[A[1Gpulling manifest [K
pulling 2bada8a74506:  24% ▕████              ▏ 1.1 GB/4.7 GB   19 MB/s    3m4s[K[?25h[?2026l[?2026h[?25l[A[1Gpulling manifest [K
pulling 2bada8a74506:  24% ▕████              ▏ 1.1 GB/4.7 GB   19 MB/s    3m4s[K[?25h[?2026l[?2026h[?25l[A[1Gpulling manifest [K
pulling 2bada8a74506:  24% ▕████              ▏ 1.1 GB/4.7 GB   19 MB/s    3m1s[K[?25h[?2026l[?2026h[?25l[A[1Gpulling manifest [K
pulling 2bada8a74506:  24% ▕████              ▏ 1.1 GB/4.7 GB   19 MB/s    3m1s[K[?25h[?2026l[?2026h[?25l[A[1Gpulling manifest [K
pulling 2bada8a74506:  24% ▕████              ▏ 1.1 GB/4.7 GB   19 MB/s    3m1s[K[?25h[?2026l[?2026h[?25l[A[1Gpulling manifest [K
pulling 2bada8a74506:  24% ▕████              ▏ 1.1 GB/4.7 GB   19 MB/s    3m1s[K[?25h[?2026l[?2026h[?25l[A[1Gpulling manifest [K
pulling 2bada8a74506:  24% ▕████              ▏ 1.1 GB/4.7 GB   19 MB/s    3m1s[K[?25h[?2026l[?2026h[?25l[A[1Gpulling manifest [K
pulling 2bada8a74506:  24% ▕████              ▏ 1.1 GB/4.7 GB   19 MB/s    3m1s[K[?25h[?2026l[?2026h[?25l[A[1Gpulling manifest [K
pulling 2bada8a74506:  25% ▕████              ▏ 1.1 GB/4.7 GB   19 MB/s    3m1s[K[?25h[?2026l[?2026h[?25l[A[1Gpulling manifest [K
pulling 2bada8a74506:  25% ▕████              ▏ 1.1 GB/4.7 GB   19 MB/s    3m0s[K[?25h[?2026l[?2026h[?25l[A[1Gpulling manifest [K
pulling 2bada8a74506:  25% ▕████              ▏ 1.2 GB/4.7 GB   19 MB/s    3m0s[K[?25h[?2026l[?2026h[?25l[A[1Gpulling manifest [K
pulling 2bada8a74506:  25% ▕████              ▏ 1.2 GB/4.7 GB   19 MB/s    3m0s[K[?25h[?2026l[?2026h[?25l[A[1Gpulling manifest [K
pulling 2bada8a74506:  25% ▕████              ▏ 1.2 GB/4.7 GB   19 MB/s    3m0s[K[?25h[?2026l[?2026h[?25l[A[1Gpulling manifest [K
pulling 2bada8a74506:  25% ▕████              ▏ 1.2 GB/4.7 GB   19 MB/s    3m1s[K[?25h[?2026l[?2026h[?25l[A[1Gpulling manifest [K
pulling 2bada8a74506:  25% ▕████              ▏ 1.2 GB/4.7 GB   19 MB/s    3m1s[K[?25h[?2026l[?2026h[?25l[A[1Gpulling manifest [K
pulling 2bada8a74506:  25% ▕████              ▏ 1.2 GB/4.7 GB   19 MB/s    3m1s[K[?25h[?2026l[?2026h[?25l[A[1Gpulling manifest [K
pulling 2bada8a74506:  25% ▕████              ▏ 1.2 GB/4.7 GB   19 MB/s    3m1s[K[?25h[?2026l[?2026h[?25l[A[1Gpulling manifest [K
pulling 2bada8a74506:  25% ▕████              ▏ 1.2 GB/4.7 GB   19 MB/s    3m1s[K[?25h[?2026l[?2026h[?25l[A[1Gpulling manifest [K
pulling 2bada8a74506:  25% ▕████              ▏ 1.2 GB/4.7 GB   19 MB/s    3m1s[K[?25h[?2026l[?2026h[?25l[A[1Gpulling manifest [K
pulling 2bada8a74506:  25% ▕████              ▏ 1.2 GB/4.7 GB   19 MB/s    3m1s[K[?25h[?2026l[?2026h[?25l[A[1Gpulling manifest [K
pulling 2bada8a74506:  25% ▕████              ▏ 1.2 GB/4.7 GB   19 MB/s    3m1s[K[?25h[?2026l[?2026h[?25l[A[1Gpulling manifest [K
pulling 2bada8a74506:  25% ▕████              ▏ 1.2 GB/4.7 GB   19 MB/s    3m0s[K[?25h[?2026l[?2026h[?25l[A[1Gpulling manifest [K
pulling 2bada8a74506:  25% ▕████              ▏ 1.2 GB/4.7 GB   19 MB/s    3m0s[K[?25h[?2026l[?2026h[?25l[A[1Gpulling manifest [K
pulling 2bada8a74506:  25% ▕████              ▏ 1.2 GB/4.7 GB   19 MB/s   2m58s[K[?25h[?2026l[?2026h[?25l[A[1Gpulling manifest [K
pulling 2bada8a74506:  25% ▕████              ▏ 1.2 GB/4.7 GB   19 MB/s   2m57s[K[?25h[?2026l[?2026h[?25l[A[1Gpulling manifest [K
pulling 2bada8a74506:  25% ▕████              ▏ 1.2 GB/4.7 GB   19 MB/s   2m57s[K[?25h[?2026l[?2026h[?25l[A[1Gpulling manifest [K
pulling 2bada8a74506:  25% ▕████              ▏ 1.2 GB/4.7 GB   19 MB/s   2m57s[K[?25h[?2026l[?2026h[?25l[A[1Gpulling manifest [K
pulling 2bada8a74506:  25% ▕████              ▏ 1.2 GB/4.7 GB   19 MB/s   2m57s[K[?25h[?2026l[?2026h[?25l[A[1Gpulling manifest [K
pulling 2bada8a74506:  25% ▕████              ▏ 1.2 GB/4.7 GB   19 MB/s   2m57s[K[?25h[?2026l[?2026h[?25l[A[1Gpulling manifest [K
pulling 2bada8a74506:  25% ▕████              ▏ 1.2 GB/4.7 GB   19 MB/s   2m57s[K[?25h[?2026l[?2026h[?25l[A[1Gpulling manifest [K
pulling 2bada8a74506:  25% ▕████              ▏ 1.2 GB/4.7 GB   19 MB/s   2m57s[K[?25h[?2026l[?2026h[?25l[A[1Gpulling manifest [K
pulling 2bada8a74506:  25% ▕████              ▏ 1.2 GB/4.7 GB   19 MB/s   2m57s[K[?25h[?2026l[?2026h[?25l[A[1Gpulling manifest [K
pulling 2bada8a74506:  26% ▕████              ▏ 1.2 GB/4.7 GB   19 MB/s   2m57s[K[?25h[?2026l[?2026h[?25l[A[1Gpulling manifest [K
pulling 2bada8a74506:  26% ▕████              ▏ 1.2 GB/4.7 GB   20 MB/s   2m52s[K[?25h[?2026l[?2026h[?25l[A[1Gpulling manifest [K
pulling 2bada8a74506:  26% ▕████              ▏ 1.2 GB/4.7 GB   20 MB/s   2m52s[K[?25h[?2026l[?2026h[?25l[A[1Gpulling manifest [K
pulling 2bada8a74506:  26% ▕████              ▏ 1.2 GB/4.7 GB   20 MB/s   2m52s[K[?25h[?2026l[?2026h[?25l[A[1Gpulling manifest [K
pulling 2bada8a74506:  26% ▕████              ▏ 1.2 GB/4.7 GB   20 MB/s   2m52s[K[?25h[?2026l[?2026h[?25l[A[1Gpulling manifest [K
pulling 2bada8a74506:  26% ▕████              ▏ 1.2 GB/4.7 GB   20 MB/s   2m52s[K[?25h[?2026l[?2026h[?25l[A[1Gpulling manifest [K
pulling 2bada8a74506:  26% ▕████              ▏ 1.2 GB/4.7 GB   20 MB/s   2m52s[K[?25h[?2026l[?2026h[?25l[A[1Gpulling manifest [K
pulling 2bada8a74506:  26% ▕████              ▏ 1.2 GB/4.7 GB   20 MB/s   2m52s[K[?25h[?2026l[?2026h[?25l[A[1Gpulling manifest [K
pulling 2bada8a74506:  26% ▕████              ▏ 1.2 GB/4.7 GB   20 MB/s   2m52s[K[?25h[?2026l[?2026h[?25l[A[1Gpulling manifest [K
pulling 2bada8a74506:  26% ▕████              ▏ 1.2 GB/4.7 GB   20 MB/s   2m51s[K[?25h[?2026l[?2026h[?25l[A[1Gpulling manifest [K
pulling 2bada8a74506:  26% ▕████              ▏ 1.2 GB/4.7 GB   20 MB/s   2m51s[K[?25h[?2026l[?2026h[?25l[A[1Gpulling manifest [K
pulling 2bada8a74506:  26% ▕████              ▏ 1.2 GB/4.7 GB   19 MB/s   2m56s[K[?25h[?2026l[?2026h[?25l[A[1Gpulling manifest [K
pulling 2bada8a74506:  26% ▕████              ▏ 1.2 GB/4.7 GB   19 MB/s   2m56s[K[?25h[?2026l[?2026h[?25l[A[1Gpulling manifest [K
pulling 2bada8a74506:  26% ▕████              ▏ 1.2 GB/4.7 GB   19 MB/s   2m56s[K[?25h[?2026l[?2026h[?25l[A[1Gpulling manifest [K
pulling 2bada8a74506:  26% ▕████              ▏ 1.2 GB/4.7 GB   19 MB/s   2m56s[K[?25h[?2026l[?2026h[?25l[A[1Gpulling manifest [K
pulling 2bada8a74506:  26% ▕████              ▏ 1.2 GB/4.7 GB   19 MB/s   2m56s[K[?25h[?2026l[?2026h[?25l[A[1Gpulling manifest [K
pulling 2bada8a74506:  26% ▕████              ▏ 1.2 GB/4.7 GB   19 MB/s   2m56s[K[?25h[?2026l[?2026h[?25l[A[1Gpulling manifest [K
pulling 2bada8a74506:  26% ▕████              ▏ 1.2 GB/4.7 GB   19 MB/s   2m56s[K[?25h[?2026l[?2026h[?25l[A[1Gpulling manifest [K
pulling 2bada8a74506:  26% ▕████              ▏ 1.2 GB/4.7 GB   19 MB/s   2m56s[K[?25h[?2026l[?2026h[?25l[A[1Gpulling manifest [K
pulling 2bada8a74506:  26% ▕████              ▏ 1.2 GB/4.7 GB   19 MB/s   2m56s[K[?25h[?2026l[?2026h[?25l[A[1Gpulling manifest [K
pulling 2bada8a74506:  26% ▕████              ▏ 1.2 GB/4.7 GB   19 MB/s   2m56s[K[?25h[?2026l[?2026h[?25l[A[1Gpulling manifest [K
pulling 2bada8a74506:  26% ▕████              ▏ 1.2 GB/4.7 GB   19 MB/s   2m56s[K[?25h[?2026l[?2026h[?25l[A[1Gpulling manifest [K
pulling 2bada8a74506:  26% ▕████              ▏ 1.2 GB/4.7 GB   19 MB/s   2m56s[K[?25h[?2026l[?2026h[?25l[A[1Gpulling manifest [K
pulling 2bada8a74506:  26% ▕████              ▏ 1.2 GB/4.7 GB   19 MB/s   2m56s[K[?25h[?2026l[?2026h[?25l[A[1Gpulling manifest [K
pulling 2bada8a74506:  26% ▕████              ▏ 1.2 GB/4.7 GB   19 MB/s   2m56s[K[?25h[?2026l[?2026h[?25l[A[1Gpulling manifest [K
pulling 2bada8a74506:  26% ▕████              ▏ 1.2 GB/4.7 GB   19 MB/s   2m56s[K[?25h[?2026l[?2026h[?25l[A[1Gpulling manifest [K
pulling 2bada8a74506:  26% ▕████              ▏ 1.2 GB/4.7 GB   19 MB/s   2m56s[K[?25h[?2026l[?2026h[?25l[A[1Gpulling manifest [K
pulling 2bada8a74506:  26% ▕████              ▏ 1.2 GB/4.7 GB   19 MB/s   2m56s[K[?25h[?2026l[?2026h[?25l[A[1Gpulling manifest [K
pulling 2bada8a74506:  27% ▕████              ▏ 1.2 GB/4.7 GB   19 MB/s   2m56s[K[?25h[?2026l[?2026h[?25l[A[1Gpulling manifest [K
pulling 2bada8a74506:  27% ▕████              ▏ 1.2 GB/4.7 GB   19 MB/s   2m56s[K[?25h[?2026l[?2026h[?25l[A[1Gpulling manifest [K
pulling 2bada8a74506:  27% ▕████              ▏ 1.2 GB/4.7 GB   19 MB/s   2m55s[K[?25h[?2026l[?2026h[?25l[A[1Gpulling manifest [K
pulling 2bada8a74506:  27% ▕████              ▏ 1.3 GB/4.7 GB   19 MB/s   2m55s[K[?25h[?2026l[?2026h[?25l[A[1Gpulling manifest [K
pulling 2bada8a74506:  27% ▕████              ▏ 1.3 GB/4.7 GB   19 MB/s   2m55s[K[?25h[?2026l[?2026h[?25l[A[1Gpulling manifest [K
pulling 2bada8a74506:  27% ▕████              ▏ 1.3 GB/4.7 GB   19 MB/s   2m54s[K[?25h[?2026l[?2026h[?25l[A[1Gpulling manifest [K
pulling 2bada8a74506:  27% ▕████              ▏ 1.3 GB/4.7 GB   19 MB/s   2m54s[K[?25h[?2026l[?2026h[?25l[A[1Gpulling manifest [K
pulling 2bada8a74506:  27% ▕████              ▏ 1.3 GB/4.7 GB   19 MB/s   2m54s[K[?25h[?2026l[?2026h[?25l[A[1Gpulling manifest [K
pulling 2bada8a74506:  27% ▕████              ▏ 1.3 GB/4.7 GB   19 MB/s   2m54s[K[?25h[?2026l[?2026h[?25l[A[1Gpulling manifest [K
pulling 2bada8a74506:  27% ▕████              ▏ 1.3 GB/4.7 GB   19 MB/s   2m54s[K[?25h[?2026l[?2026h[?25l[A[1Gpulling manifest [K
pulling 2bada8a74506:  27% ▕████              ▏ 1.3 GB/4.7 GB   19 MB/s   2m54s[K[?25h[?2026l[?2026h[?25l[A[1Gpulling manifest [K
pulling 2bada8a74506:  27% ▕████              ▏ 1.3 GB/4.7 GB   19 MB/s   2m54s[K[?25h[?2026l[?2026h[?25l[A[1Gpulling manifest [K
pulling 2bada8a74506:  27% ▕████              ▏ 1.3 GB/4.7 GB   19 MB/s   2m54s[K[?25h[?2026l[?2026h[?25l[A[1Gpulling manifest [K
pulling 2bada8a74506:  27% ▕████              ▏ 1.3 GB/4.7 GB   19 MB/s   2m54s[K[?25h[?2026l[?2026h[?25l[A[1Gpulling manifest [K
pulling 2bada8a74506:  27% ▕████              ▏ 1.3 GB/4.7 GB   19 MB/s   2m53s[K[?25h[?2026l[?2026h[?25l[A[1Gpulling manifest [K
pulling 2bada8a74506:  27% ▕████              ▏ 1.3 GB/4.7 GB   19 MB/s   2m53s[K[?25h[?2026l[?2026h[?25l[A[1Gpulling manifest [K
pulling 2bada8a74506:  27% ▕████              ▏ 1.3 GB/4.7 GB   19 MB/s   2m53s[K[?25h[?2026l[?2026h[?25l[A[1Gpulling manifest [K
pulling 2bada8a74506:  27% ▕████              ▏ 1.3 GB/4.7 GB   19 MB/s   2m53s[K[?25h[?2026l[?2026h[?25l[A[1Gpulling manifest [K
pulling 2bada8a74506:  27% ▕████              ▏ 1.3 GB/4.7 GB   19 MB/s   2m53s[K[?25h[?2026l[?2026h[?25l[A[1Gpulling manifest [K
pulling 2bada8a74506:  27% ▕████              ▏ 1.3 GB/4.7 GB   19 MB/s   2m53s[K[?25h[?2026l[?2026h[?25l[A[1Gpulling manifest [K
pulling 2bada8a74506:  27% ▕████              ▏ 1.3 GB/4.7 GB   19 MB/s   2m53s[K[?25h[?2026l[?2026h[?25l[A[1Gpulling manifest [K
pulling 2bada8a74506:  28% ▕████              ▏ 1.3 GB/4.7 GB   19 MB/s   2m53s[K[?25h[?2026l[?2026h[?25l[A[1Gpulling manifest [K
pulling 2bada8a74506:  28% ▕████              ▏ 1.3 GB/4.7 GB   19 MB/s   2m53s[K[?25h[?2026l[?2026h[?25l[A[1Gpulling manifest [K
pulling 2bada8a74506:  28% ▕████              ▏ 1.3 GB/4.7 GB   19 MB/s   2m53s[K[?25h[?2026l[?2026h[?25l[A[1Gpulling manifest [K
pulling 2bada8a74506:  28% ▕████              ▏ 1.3 GB/4.7 GB   19 MB/s   2m51s[K[?25h[?2026l[?2026h[?25l[A[1Gpulling manifest [K
pulling 2bada8a74506:  28% ▕████              ▏ 1.3 GB/4.7 GB   19 MB/s   2m51s[K[?25h[?2026l[?2026h[?25l[A[1Gpulling manifest [K
pulling 2bada8a74506:  28% ▕████              ▏ 1.3 GB/4.7 GB   19 MB/s   2m50s[K[?25h[?2026l[?2026h[?25l[A[1Gpulling manifest [K
pulling 2bada8a74506:  28% ▕████              ▏ 1.3 GB/4.7 GB   19 MB/s   2m50s[K[?25h[?2026l[?2026h[?25l[A[1Gpulling manifest [K
pulling 2bada8a74506:  28% ▕████              ▏ 1.3 GB/4.7 GB   19 MB/s   2m50s[K[?25h[?2026l[?2026h[?25l[A[1Gpulling manifest [K
pulling 2bada8a74506:  28% ▕█████             ▏ 1.3 GB/4.7 GB   19 MB/s   2m50s[K[?25h[?2026l[?2026h[?25l[A[1Gpulling manifest [K
pulling 2bada8a74506:  28% ▕█████             ▏ 1.3 GB/4.7 GB   19 MB/s   2m50s[K[?25h[?2026l[?2026h[?25l[A[1Gpulling manifest [K
pulling 2bada8a74506:  28% ▕█████             ▏ 1.3 GB/4.7 GB   19 MB/s   2m50s[K[?25h[?2026l[?2026h[?25l[A[1Gpulling manifest [K
pulling 2bada8a74506:  28% ▕█████             ▏ 1.3 GB/4.7 GB   19 MB/s   2m50s[K[?25h[?2026l[?2026h[?25l[A[1Gpulling manifest [K
pulling 2bada8a74506:  28% ▕█████             ▏ 1.3 GB/4.7 GB   19 MB/s   2m50s[K[?25h[?2026l[?2026h[?25l[A[1Gpulling manifest [K
pulling 2bada8a74506:  28% ▕█████             ▏ 1.3 GB/4.7 GB   19 MB/s   2m51s[K[?25h[?2026l[?2026h[?25l[A[1Gpulling manifest [K
pulling 2bada8a74506:  28% ▕█████             ▏ 1.3 GB/4.7 GB   19 MB/s   2m51s[K[?25h[?2026l[?2026h[?25l[A[1Gpulling manifest [K
pulling 2bada8a74506:  28% ▕█████             ▏ 1.3 GB/4.7 GB   19 MB/s   2m51s[K[?25h[?2026l[?2026h[?25l[A[1Gpulling manifest [K
pulling 2bada8a74506:  28% ▕█████             ▏ 1.3 GB/4.7 GB   19 MB/s   2m50s[K[?25h[?2026l[?2026h[?25l[A[1Gpulling manifest [K
pulling 2bada8a74506:  28% ▕█████             ▏ 1.3 GB/4.7 GB   19 MB/s   2m50s[K[?25h[?2026l[?2026h[?25l[A[1Gpulling manifest [K
pulling 2bada8a74506:  28% ▕█████             ▏ 1.3 GB/4.7 GB   19 MB/s   2m50s[K[?25h[?2026l[?2026h[?25l[A[1Gpulling manifest [K
pulling 2bada8a74506:  28% ▕█████             ▏ 1.3 GB/4.7 GB   19 MB/s   2m50s[K[?25h[?2026l[?2026h[?25l[A[1Gpulling manifest [K
pulling 2bada8a74506:  28% ▕█████             ▏ 1.3 GB/4.7 GB   19 MB/s   2m50s[K[?25h[?2026l[?2026h[?25l[A[1Gpulling manifest [K
pulling 2bada8a74506:  28% ▕█████             ▏ 1.3 GB/4.7 GB   19 MB/s   2m50s[K[?25h[?2026l[?2026h[?25l[A[1Gpulling manifest [K
pulling 2bada8a74506:  28% ▕█████             ▏ 1.3 GB/4.7 GB   19 MB/s   2m50s[K[?25h[?2026l[?2026h[?25l[A[1Gpulling manifest [K
pulling 2bada8a74506:  28% ▕█████             ▏ 1.3 GB/4.7 GB   19 MB/s   2m48s[K[?25h[?2026l[?2026h[?25l[A[1Gpulling manifest [K
pulling 2bada8a74506:  29% ▕█████             ▏ 1.3 GB/4.7 GB   19 MB/s   2m48s[K[?25h[?2026l[?2026h[?25l[A[1Gpulling manifest [K
pulling 2bada8a74506:  29% ▕█████             ▏ 1.3 GB/4.7 GB   19 MB/s   2m48s[K[?25h[?2026l[?2026h[?25l[A[1Gpulling manifest [K
pulling 2bada8a74506:  29% ▕█████             ▏ 1.3 GB/4.7 GB   19 MB/s   2m47s[K[?25h[?2026l[?2026h[?25l[A[1Gpulling manifest [K
pulling 2bada8a74506:  29% ▕█████             ▏ 1.3 GB/4.7 GB   19 MB/s   2m47s[K[?25h[?2026l[?2026h[?25l[A[1Gpulling manifest [K
pulling 2bada8a74506:  29% ▕█████             ▏ 1.3 GB/4.7 GB   19 MB/s   2m47s[K[?25h[?2026l[?2026h[?25l[A[1Gpulling manifest [K
pulling 2bada8a74506:  29% ▕█████             ▏ 1.3 GB/4.7 GB   19 MB/s   2m47s[K[?25h[?2026l[?2026h[?25l[A[1Gpulling manifest [K
pulling 2bada8a74506:  29% ▕█████             ▏ 1.3 GB/4.7 GB   19 MB/s   2m47s[K[?25h[?2026l[?2026h[?25l[A[1Gpulling manifest [K
pulling 2bada8a74506:  29% ▕█████             ▏ 1.3 GB/4.7 GB   19 MB/s   2m47s[K[?25h[?2026l[?2026h[?25l[A[1Gpulling manifest [K
pulling 2bada8a74506:  29% ▕█████             ▏ 1.4 GB/4.7 GB   19 MB/s   2m47s[K[?25h[?2026l[?2026h[?25l[A[1Gpulling manifest [K
pulling 2bada8a74506:  29% ▕█████             ▏ 1.4 GB/4.7 GB   19 MB/s   2m47s[K[?25h[?2026l[?2026h[?25l[A[1Gpulling manifest [K
pulling 2bada8a74506:  29% ▕█████             ▏ 1.4 GB/4.7 GB   19 MB/s   2m47s[K[?25h[?2026l[?2026h[?25l[A[1Gpulling manifest [K
pulling 2bada8a74506:  29% ▕█████             ▏ 1.4 GB/4.7 GB   19 MB/s   2m47s[K[?25h[?2026l[?2026h[?25l[A[1Gpulling manifest [K
pulling 2bada8a74506:  29% ▕█████             ▏ 1.4 GB/4.7 GB   19 MB/s   2m46s[K[?25h[?2026l[?2026h[?25l[A[1Gpulling manifest [K
pulling 2bada8a74506:  29% ▕█████             ▏ 1.4 GB/4.7 GB   19 MB/s   2m46s[K[?25h[?2026l[?2026h[?25l[A[1Gpulling manifest [K
pulling 2bada8a74506:  29% ▕█████             ▏ 1.4 GB/4.7 GB   19 MB/s   2m46s[K[?25h[?2026l[?2026h[?25l[A[1Gpulling manifest [K
pulling 2bada8a74506:  29% ▕█████             ▏ 1.4 GB/4.7 GB   19 MB/s   2m46s[K[?25h[?2026l[?2026h[?25l[A[1Gpulling manifest [K
pulling 2bada8a74506:  29% ▕█████             ▏ 1.4 GB/4.7 GB   19 MB/s   2m46s[K[?25h[?2026l[?2026h[?25l[A[1Gpulling manifest [K
pulling 2bada8a74506:  29% ▕█████             ▏ 1.4 GB/4.7 GB   19 MB/s   2m46s[K[?25h[?2026l[?2026h[?25l[A[1Gpulling manifest [K
pulling 2bada8a74506:  29% ▕█████             ▏ 1.4 GB/4.7 GB   19 MB/s   2m46s[K[?25h[?2026l[?2026h[?25l[A[1Gpulling manifest [K
pulling 2bada8a74506:  29% ▕█████             ▏ 1.4 GB/4.7 GB   19 MB/s   2m46s[K[?25h[?2026l[?2026h[?25l[A[1Gpulling manifest [K
pulling 2bada8a74506:  29% ▕█████             ▏ 1.4 GB/4.7 GB   19 MB/s   2m46s[K[?25h[?2026l[?2026h[?25l[A[1Gpulling manifest [K
pulling 2bada8a74506:  29% ▕█████             ▏ 1.4 GB/4.7 GB   19 MB/s   2m46s[K[?25h[?2026l[?2026h[?25l[A[1Gpulling manifest [K
pulling 2bada8a74506:  29% ▕█████             ▏ 1.4 GB/4.7 GB   19 MB/s   2m46s[K[?25h[?2026l[?2026h[?25l[A[1Gpulling manifest [K
pulling 2bada8a74506:  30% ▕█████             ▏ 1.4 GB/4.7 GB   19 MB/s   2m46s[K[?25h[?2026l[?2026h[?25l[A[1Gpulling manifest [K
pulling 2bada8a74506:  30% ▕█████             ▏ 1.4 GB/4.7 GB   19 MB/s   2m46s[K[?25h[?2026l[?2026h[?25l[A[1Gpulling manifest [K
pulling 2bada8a74506:  30% ▕█████             ▏ 1.4 GB/4.7 GB   19 MB/s   2m46s[K[?25h[?2026l[?2026h[?25l[A[1Gpulling manifest [K
pulling 2bada8a74506:  30% ▕█████             ▏ 1.4 GB/4.7 GB   19 MB/s   2m45s[K[?25h[?2026l[?2026h[?25l[A[1Gpulling manifest [K
pulling 2bada8a74506:  30% ▕█████             ▏ 1.4 GB/4.7 GB   19 MB/s   2m45s[K[?25h[?2026l[?2026h[?25l[A[1Gpulling manifest [K
pulling 2bada8a74506:  30% ▕█████             ▏ 1.4 GB/4.7 GB   19 MB/s   2m45s[K[?25h[?2026l[?2026h[?25l[A[1Gpulling manifest [K
pulling 2bada8a74506:  30% ▕█████             ▏ 1.4 GB/4.7 GB   19 MB/s   2m45s[K[?25h[?2026l[?2026h[?25l[A[1Gpulling manifest [K
pulling 2bada8a74506:  30% ▕█████             ▏ 1.4 GB/4.7 GB   20 MB/s   2m39s[K[?25h[?2026l[?2026h[?25l[A[1Gpulling manifest [K
pulling 2bada8a74506:  30% ▕█████             ▏ 1.4 GB/4.7 GB   20 MB/s   2m39s[K[?25h[?2026l[?2026h[?25l[A[1Gpulling manifest [K
pulling 2bada8a74506:  30% ▕█████             ▏ 1.4 GB/4.7 GB   20 MB/s   2m39s[K[?25h[?2026l[?2026h[?25l[A[1Gpulling manifest [K
pulling 2bada8a74506:  30% ▕█████             ▏ 1.4 GB/4.7 GB   20 MB/s   2m39s[K[?25h[?2026l[?2026h[?25l[A[1Gpulling manifest [K
pulling 2bada8a74506:  30% ▕█████             ▏ 1.4 GB/4.7 GB   20 MB/s   2m39s[K[?25h[?2026l[?2026h[?25l[A[1Gpulling manifest [K
pulling 2bada8a74506:  30% ▕█████             ▏ 1.4 GB/4.7 GB   20 MB/s   2m39s[K[?25h[?2026l[?2026h[?25l[A[1Gpulling manifest [K
pulling 2bada8a74506:  30% ▕█████             ▏ 1.4 GB/4.7 GB   20 MB/s   2m39s[K[?25h[?2026l[?2026h[?25l[A[1Gpulling manifest [K
pulling 2bada8a74506:  30% ▕█████             ▏ 1.4 GB/4.7 GB   20 MB/s   2m39s[K[?25h[?2026l[?2026h[?25l[A[1Gpulling manifest [K
pulling 2bada8a74506:  30% ▕█████             ▏ 1.4 GB/4.7 GB   20 MB/s   2m39s[K[?25h[?2026l[?2026h[?25l[A[1Gpulling manifest [K
pulling 2bada8a74506:  30% ▕█████             ▏ 1.4 GB/4.7 GB   20 MB/s   2m39s[K[?25h[?2026l[?2026h[?25l[A[1Gpulling manifest [K
pulling 2bada8a74506:  30% ▕█████             ▏ 1.4 GB/4.7 GB   20 MB/s   2m42s[K[?25h[?2026l[?2026h[?25l[A[1Gpulling manifest [K
pulling 2bada8a74506:  30% ▕█████             ▏ 1.4 GB/4.7 GB   20 MB/s   2m42s[K[?25h[?2026l[?2026h[?25l[A[1Gpulling manifest [K
pulling 2bada8a74506:  30% ▕█████             ▏ 1.4 GB/4.7 GB   20 MB/s   2m42s[K[?25h[?2026l[?2026h[?25l[A[1Gpulling manifest [K
pulling 2bada8a74506:  30% ▕█████             ▏ 1.4 GB/4.7 GB   20 MB/s   2m42s[K[?25h[?2026l[?2026h[?25l[A[1Gpulling manifest [K
pulling 2bada8a74506:  30% ▕█████             ▏ 1.4 GB/4.7 GB   20 MB/s   2m41s[K[?25h[?2026l[?2026h[?25l[A[1Gpulling manifest [K
pulling 2bada8a74506:  30% ▕█████             ▏ 1.4 GB/4.7 GB   20 MB/s   2m41s[K[?25h[?2026l[?2026h[?25l[A[1Gpulling manifest [K
pulling 2bada8a74506:  30% ▕█████             ▏ 1.4 GB/4.7 GB   20 MB/s   2m41s[K[?25h[?2026l[?2026h[?25l[A[1Gpulling manifest [K
pulling 2bada8a74506:  30% ▕█████             ▏ 1.4 GB/4.7 GB   20 MB/s   2m41s[K[?25h[?2026l[?2026h[?25l[A[1Gpulling manifest [K
pulling 2bada8a74506:  30% ▕█████             ▏ 1.4 GB/4.7 GB   20 MB/s   2m41s[K[?25h[?2026l[?2026h[?25l[A[1Gpulling manifest [K
pulling 2bada8a74506:  30% ▕█████             ▏ 1.4 GB/4.7 GB   20 MB/s   2m41s[K[?25h[?2026l[?2026h[?25l[A[1Gpulling manifest [K
pulling 2bada8a74506:  31% ▕█████             ▏ 1.4 GB/4.7 GB   20 MB/s   2m42s[K[?25h[?2026l[?2026h[?25l[A[1Gpulling manifest [K
pulling 2bada8a74506:  31% ▕█████             ▏ 1.4 GB/4.7 GB   20 MB/s   2m42s[K[?25h[?2026l[?2026h[?25l[A[1Gpulling manifest [K
pulling 2bada8a74506:  31% ▕█████             ▏ 1.4 GB/4.7 GB   20 MB/s   2m42s[K[?25h[?2026l[?2026h[?25l[A[1Gpulling manifest [K
pulling 2bada8a74506:  31% ▕█████             ▏ 1.4 GB/4.7 GB   20 MB/s   2m42s[K[?25h[?2026l[?2026h[?25l[A[1Gpulling manifest [K
pulling 2bada8a74506:  31% ▕█████             ▏ 1.4 GB/4.7 GB   20 MB/s   2m42s[K[?25h[?2026l[?2026h[?25l[A[1Gpulling manifest [K
pulling 2bada8a74506:  31% ▕█████             ▏ 1.4 GB/4.7 GB   20 MB/s   2m42s[K[?25h[?2026l[?2026h[?25l[A[1Gpulling manifest [K
pulling 2bada8a74506:  31% ▕█████             ▏ 1.4 GB/4.7 GB   20 MB/s   2m41s[K[?25h[?2026l[?2026h[?25l[A[1Gpulling manifest [K
pulling 2bada8a74506:  31% ▕█████             ▏ 1.4 GB/4.7 GB   20 MB/s   2m41s[K[?25h[?2026l[?2026h[?25l[A[1Gpulling manifest [K
pulling 2bada8a74506:  31% ▕█████             ▏ 1.4 GB/4.7 GB   20 MB/s   2m41s[K[?25h[?2026l[?2026h[?25l[A[1Gpulling manifest [K
pulling 2bada8a74506:  31% ▕█████             ▏ 1.4 GB/4.7 GB   20 MB/s   2m41s[K[?25h[?2026l[?2026h[?25l[A[1Gpulling manifest [K
pulling 2bada8a74506:  31% ▕█████             ▏ 1.5 GB/4.7 GB   19 MB/s   2m42s[K[?25h[?2026l[?2026h[?25l[A[1Gpulling manifest [K
pulling 2bada8a74506:  31% ▕█████             ▏ 1.5 GB/4.7 GB   19 MB/s   2m42s[K[?25h[?2026l[?2026h[?25l[A[1Gpulling manifest [K
pulling 2bada8a74506:  31% ▕█████             ▏ 1.5 GB/4.7 GB   19 MB/s   2m42s[K[?25h[?2026l[?2026h[?25l[A[1Gpulling manifest [K
pulling 2bada8a74506:  31% ▕█████             ▏ 1.5 GB/4.7 GB   19 MB/s   2m42s[K[?25h[?2026l[?2026h[?25l[A[1Gpulling manifest [K
pulling 2bada8a74506:  31% ▕█████             ▏ 1.5 GB/4.7 GB   19 MB/s   2m42s[K[?25h[?2026l[?2026h[?25l[A[1Gpulling manifest [K
pulling 2bada8a74506:  31% ▕█████             ▏ 1.5 GB/4.7 GB   19 MB/s   2m42s[K[?25h[?2026l[?2026h[?25l[A[1Gpulling manifest [K
pulling 2bada8a74506:  31% ▕█████             ▏ 1.5 GB/4.7 GB   19 MB/s   2m42s[K[?25h[?2026l[?2026h[?25l[A[1Gpulling manifest [K
pulling 2bada8a74506:  31% ▕█████             ▏ 1.5 GB/4.7 GB   19 MB/s   2m41s[K[?25h[?2026l[?2026h[?25l[A[1Gpulling manifest [K
pulling 2bada8a74506:  31% ▕█████             ▏ 1.5 GB/4.7 GB   19 MB/s   2m41s[K[?25h[?2026l[?2026h[?25l[A[1Gpulling manifest [K
pulling 2bada8a74506:  31% ▕█████             ▏ 1.5 GB/4.7 GB   19 MB/s   2m41s[K[?25h[?2026l[?2026h[?25l[A[1Gpulling manifest [K
pulling 2bada8a74506:  31% ▕█████             ▏ 1.5 GB/4.7 GB   19 MB/s   2m41s[K[?25h[?2026l[?2026h[?25l[A[1Gpulling manifest [K
pulling 2bada8a74506:  31% ▕█████             ▏ 1.5 GB/4.7 GB   19 MB/s   2m41s[K[?25h[?2026l[?2026h[?25l[A[1Gpulling manifest [K
pulling 2bada8a74506:  31% ▕█████             ▏ 1.5 GB/4.7 GB   19 MB/s   2m41s[K[?25h[?2026l[?2026h[?25l[A[1Gpulling manifest [K
pulling 2bada8a74506:  31% ▕█████             ▏ 1.5 GB/4.7 GB   19 MB/s   2m41s[K[?25h[?2026l[?2026h[?25l[A[1Gpulling manifest [K
pulling 2bada8a74506:  32% ▕█████             ▏ 1.5 GB/4.7 GB   19 MB/s   2m41s[K[?25h[?2026l[?2026h[?25l[A[1Gpulling manifest [K
pulling 2bada8a74506:  32% ▕█████             ▏ 1.5 GB/4.7 GB   19 MB/s   2m41s[K[?25h[?2026l[?2026h[?25l[A[1Gpulling manifest [K
pulling 2bada8a74506:  32% ▕█████             ▏ 1.5 GB/4.7 GB   19 MB/s   2m41s[K[?25h[?2026l[?2026h[?25l[A[1Gpulling manifest [K
pulling 2bada8a74506:  32% ▕█████             ▏ 1.5 GB/4.7 GB   19 MB/s   2m41s[K[?25h[?2026l[?2026h[?25l[A[1Gpulling manifest [K
pulling 2bada8a74506:  32% ▕█████             ▏ 1.5 GB/4.7 GB   19 MB/s   2m41s[K[?25h[?2026l[?2026h[?25l[A[1Gpulling manifest [K
pulling 2bada8a74506:  32% ▕█████             ▏ 1.5 GB/4.7 GB   19 MB/s   2m41s[K[?25h[?2026l[?2026h[?25l[A[1Gpulling manifest [K
pulling 2bada8a74506:  32% ▕█████             ▏ 1.5 GB/4.7 GB   19 MB/s   2m41s[K[?25h[?2026l[?2026h[?25l[A[1Gpulling manifest [K
pulling 2bada8a74506:  32% ▕█████             ▏ 1.5 GB/4.7 GB   19 MB/s   2m42s[K[?25h[?2026l[?2026h[?25l[A[1Gpulling manifest [K
pulling 2bada8a74506:  32% ▕█████             ▏ 1.5 GB/4.7 GB   19 MB/s   2m42s[K[?25h[?2026l[?2026h[?25l[A[1Gpulling manifest [K
pulling 2bada8a74506:  32% ▕█████             ▏ 1.5 GB/4.7 GB   19 MB/s   2m42s[K[?25h[?2026l[?2026h[?25l[A[1Gpulling manifest [K
pulling 2bada8a74506:  32% ▕█████             ▏ 1.5 GB/4.7 GB   19 MB/s   2m42s[K[?25h[?2026l[?2026h[?25l[A[1Gpulling manifest [K
pulling 2bada8a74506:  32% ▕█████             ▏ 1.5 GB/4.7 GB   19 MB/s   2m42s[K[?25h[?2026l[?2026h[?25l[A[1Gpulling manifest [K
pulling 2bada8a74506:  32% ▕█████             ▏ 1.5 GB/4.7 GB   19 MB/s   2m42s[K[?25h[?2026l[?2026h[?25l[A[1Gpulling manifest [K
pulling 2bada8a74506:  32% ▕█████             ▏ 1.5 GB/4.7 GB   19 MB/s   2m42s[K[?25h[?2026l[?2026h[?25l[A[1Gpulling manifest [K
pulling 2bada8a74506:  32% ▕█████             ▏ 1.5 GB/4.7 GB   19 MB/s   2m41s[K[?25h[?2026l[?2026h[?25l[A[1Gpulling manifest [K
pulling 2bada8a74506:  32% ▕█████             ▏ 1.5 GB/4.7 GB   19 MB/s   2m41s[K[?25h[?2026l[?2026h[?25l[A[1Gpulling manifest [K
pulling 2bada8a74506:  32% ▕█████             ▏ 1.5 GB/4.7 GB   19 MB/s   2m41s[K[?25h[?2026l[?2026h[?25l[A[1Gpulling manifest [K
pulling 2bada8a74506:  32% ▕█████             ▏ 1.5 GB/4.7 GB   19 MB/s   2m42s[K[?25h[?2026l[?2026h[?25l[A[1Gpulling manifest [K
pulling 2bada8a74506:  32% ▕█████             ▏ 1.5 GB/4.7 GB   19 MB/s   2m42s[K[?25h[?2026l[?2026h[?25l[A[1Gpulling manifest [K
pulling 2bada8a74506:  32% ▕█████             ▏ 1.5 GB/4.7 GB   19 MB/s   2m42s[K[?25h[?2026l[?2026h[?25l[A[1Gpulling manifest [K
pulling 2bada8a74506:  32% ▕█████             ▏ 1.5 GB/4.7 GB   19 MB/s   2m42s[K[?25h[?2026l[?2026h[?25l[A[1Gpulling manifest [K
pulling 2bada8a74506:  32% ▕█████             ▏ 1.5 GB/4.7 GB   19 MB/s   2m42s[K[?25h[?2026l[?2026h[?25l[A[1Gpulling manifest [K
pulling 2bada8a74506:  32% ▕█████             ▏ 1.5 GB/4.7 GB   19 MB/s   2m42s[K[?25h[?2026l[?2026h[?25l[A[1Gpulling manifest [K
pulling 2bada8a74506:  33% ▕█████             ▏ 1.5 GB/4.7 GB   19 MB/s   2m41s[K[?25h[?2026l[?2026h[?25l[A[1Gpulling manifest [K
pulling 2bada8a74506:  33% ▕█████             ▏ 1.5 GB/4.7 GB   19 MB/s   2m41s[K[?25h[?2026l[?2026h[?25l[A[1Gpulling manifest [K
pulling 2bada8a74506:  33% ▕█████             ▏ 1.5 GB/4.7 GB   19 MB/s   2m41s[K[?25h[?2026l[?2026h[?25l[A[1Gpulling manifest [K
pulling 2bada8a74506:  33% ▕█████             ▏ 1.5 GB/4.7 GB   19 MB/s   2m41s[K[?25h[?2026l[?2026h[?25l[A[1Gpulling manifest [K
pulling 2bada8a74506:  33% ▕█████             ▏ 1.5 GB/4.7 GB   19 MB/s   2m42s[K[?25h[?2026l[?2026h[?25l[A[1Gpulling manifest [K
pulling 2bada8a74506:  33% ▕█████             ▏ 1.5 GB/4.7 GB   19 MB/s   2m42s[K[?25h[?2026l[?2026h[?25l[A[1Gpulling manifest [K
pulling 2bada8a74506:  33% ▕█████             ▏ 1.5 GB/4.7 GB   19 MB/s   2m42s[K[?25h[?2026l[?2026h[?25l[A[1Gpulling manifest [K
pulling 2bada8a74506:  33% ▕█████             ▏ 1.5 GB/4.7 GB   19 MB/s   2m42s[K[?25h[?2026l[?2026h[?25l[A[1Gpulling manifest [K
pulling 2bada8a74506:  33% ▕█████             ▏ 1.5 GB/4.7 GB   19 MB/s   2m42s[K[?25h[?2026l[?2026h[?25l[A[1Gpulling manifest [K
pulling 2bada8a74506:  33% ▕█████             ▏ 1.5 GB/4.7 GB   19 MB/s   2m41s[K[?25h[?2026l[?2026h[?25l[A[1Gpulling manifest [K
pulling 2bada8a74506:  33% ▕█████             ▏ 1.5 GB/4.7 GB   19 MB/s   2m41s[K[?25h[?2026l[?2026h[?25l[A[1Gpulling manifest [K
pulling 2bada8a74506:  33% ▕█████             ▏ 1.5 GB/4.7 GB   19 MB/s   2m41s[K[?25h[?2026l[?2026h[?25l[A[1Gpulling manifest [K
pulling 2bada8a74506:  33% ▕█████             ▏ 1.5 GB/4.7 GB   19 MB/s   2m41s[K[?25h[?2026l[?2026h[?25l[A[1Gpulling manifest [K
pulling 2bada8a74506:  33% ▕█████             ▏ 1.5 GB/4.7 GB   19 MB/s   2m41s[K[?25h[?2026l[?2026h[?25l[A[1Gpulling manifest [K
pulling 2bada8a74506:  33% ▕█████             ▏ 1.6 GB/4.7 GB   19 MB/s   2m40s[K[?25h[?2026l[?2026h[?25l[A[1Gpulling manifest [K
pulling 2bada8a74506:  33% ▕█████             ▏ 1.6 GB/4.7 GB   19 MB/s   2m40s[K[?25h[?2026l[?2026h[?25l[A[1Gpulling manifest [K
pulling 2bada8a74506:  33% ▕█████             ▏ 1.6 GB/4.7 GB   19 MB/s   2m40s[K[?25h[?2026l[?2026h[?25l[A[1Gpulling manifest [K
pulling 2bada8a74506:  33% ▕█████             ▏ 1.6 GB/4.7 GB   19 MB/s   2m39s[K[?25h[?2026l[?2026h[?25l[A[1Gpulling manifest [K
pulling 2bada8a74506:  33% ▕█████             ▏ 1.6 GB/4.7 GB   19 MB/s   2m39s[K[?25h[?2026l[?2026h[?25l[A[1Gpulling manifest [K
pulling 2bada8a74506:  33% ▕█████             ▏ 1.6 GB/4.7 GB   19 MB/s   2m39s[K[?25h[?2026l[?2026h[?25l[A[1Gpulling manifest [K
pulling 2bada8a74506:  33% ▕█████             ▏ 1.6 GB/4.7 GB   19 MB/s   2m39s[K[?25h[?2026l[?2026h[?25l[A[1Gpulling manifest [K
pulling 2bada8a74506:  33% ▕██████            ▏ 1.6 GB/4.7 GB   19 MB/s   2m39s[K[?25h[?2026l[?2026h[?25l[A[1Gpulling manifest [K
pulling 2bada8a74506:  33% ▕██████            ▏ 1.6 GB/4.7 GB   19 MB/s   2m39s[K[?25h[?2026l[?2026h[?25l[A[1Gpulling manifest [K
pulling 2bada8a74506:  33% ▕██████            ▏ 1.6 GB/4.7 GB   19 MB/s   2m39s[K[?25h[?2026l[?2026h[?25l[A[1Gpulling manifest [K
pulling 2bada8a74506:  34% ▕██████            ▏ 1.6 GB/4.7 GB   19 MB/s   2m39s[K[?25h[?2026l[?2026h[?25l[A[1Gpulling manifest [K
pulling 2bada8a74506:  34% ▕██████            ▏ 1.6 GB/4.7 GB   19 MB/s   2m39s[K[?25h[?2026l[?2026h[?25l[A[1Gpulling manifest [K
pulling 2bada8a74506:  34% ▕██████            ▏ 1.6 GB/4.7 GB   19 MB/s   2m39s[K[?25h[?2026l[?2026h[?25l[A[1Gpulling manifest [K
pulling 2bada8a74506:  34% ▕██████            ▏ 1.6 GB/4.7 GB   19 MB/s   2m39s[K[?25h[?2026l[?2026h[?25l[A[1Gpulling manifest [K
pulling 2bada8a74506:  34% ▕██████            ▏ 1.6 GB/4.7 GB   19 MB/s   2m39s[K[?25h[?2026l[?2026h[?25l[A[1Gpulling manifest [K
pulling 2bada8a74506:  34% ▕██████            ▏ 1.6 GB/4.7 GB   19 MB/s   2m39s[K[?25h[?2026l[?2026h[?25l[A[1Gpulling manifest [K
pulling 2bada8a74506:  34% ▕██████            ▏ 1.6 GB/4.7 GB   19 MB/s   2m39s[K[?25h[?2026l[?2026h[?25l[A[1Gpulling manifest [K
pulling 2bada8a74506:  34% ▕██████            ▏ 1.6 GB/4.7 GB   19 MB/s   2m38s[K[?25h[?2026l[?2026h[?25l[A[1Gpulling manifest [K
pulling 2bada8a74506:  34% ▕██████            ▏ 1.6 GB/4.7 GB   19 MB/s   2m38s[K[?25h[?2026l[?2026h[?25l[A[1Gpulling manifest [K
pulling 2bada8a74506:  34% ▕██████            ▏ 1.6 GB/4.7 GB   19 MB/s   2m38s[K[?25h[?2026l[?2026h[?25l[A[1Gpulling manifest [K
pulling 2bada8a74506:  34% ▕██████            ▏ 1.6 GB/4.7 GB   19 MB/s   2m38s[K[?25h[?2026l[?2026h[?25l[A[1Gpulling manifest [K
pulling 2bada8a74506:  34% ▕██████            ▏ 1.6 GB/4.7 GB   20 MB/s   2m34s[K[?25h[?2026l[?2026h[?25l[A[1Gpulling manifest [K
pulling 2bada8a74506:  34% ▕██████            ▏ 1.6 GB/4.7 GB   20 MB/s   2m33s[K[?25h[?2026l[?2026h[?25l[A[1Gpulling manifest [K
pulling 2bada8a74506:  34% ▕██████            ▏ 1.6 GB/4.7 GB   20 MB/s   2m33s[K[?25h[?2026l[?2026h[?25l[A[1Gpulling manifest [K
pulling 2bada8a74506:  34% ▕██████            ▏ 1.6 GB/4.7 GB   20 MB/s   2m33s[K[?25h[?2026l[?2026h[?25l[A[1Gpulling manifest [K
pulling 2bada8a74506:  34% ▕██████            ▏ 1.6 GB/4.7 GB   20 MB/s   2m33s[K[?25h[?2026l[?2026h[?25l[A[1Gpulling manifest [K
pulling 2bada8a74506:  34% ▕██████            ▏ 1.6 GB/4.7 GB   20 MB/s   2m33s[K[?25h[?2026l[?2026h[?25l[A[1Gpulling manifest [K
pulling 2bada8a74506:  34% ▕██████            ▏ 1.6 GB/4.7 GB   20 MB/s   2m33s[K[?25h[?2026l[?2026h[?25l[A[1Gpulling manifest [K
pulling 2bada8a74506:  34% ▕██████            ▏ 1.6 GB/4.7 GB   20 MB/s   2m33s[K[?25h[?2026l[?2026h[?25l[A[1Gpulling manifest [K
pulling 2bada8a74506:  34% ▕██████            ▏ 1.6 GB/4.7 GB   20 MB/s   2m33s[K[?25h[?2026l[?2026h[?25l[A[1Gpulling manifest [K
pulling 2bada8a74506:  34% ▕██████            ▏ 1.6 GB/4.7 GB   20 MB/s   2m33s[K[?25h[?2026l[?2026h[?25l[A[1Gpulling manifest [K
pulling 2bada8a74506:  34% ▕██████            ▏ 1.6 GB/4.7 GB   19 MB/s   2m35s[K[?25h[?2026l[?2026h[?25l[A[1Gpulling manifest [K
pulling 2bada8a74506:  34% ▕██████            ▏ 1.6 GB/4.7 GB   19 MB/s   2m35s[K[?25h[?2026l[?2026h[?25l[A[1Gpulling manifest [K
pulling 2bada8a74506:  34% ▕██████            ▏ 1.6 GB/4.7 GB   19 MB/s   2m35s[K[?25h[?2026l[?2026h[?25l[A[1Gpulling manifest [K
pulling 2bada8a74506:  34% ▕██████            ▏ 1.6 GB/4.7 GB   19 MB/s   2m35s[K[?25h[?2026l[?2026h[?25l[A[1Gpulling manifest [K
pulling 2bada8a74506:  35% ▕██████            ▏ 1.6 GB/4.7 GB   19 MB/s   2m35s[K[?25h[?2026l[?2026h[?25l[A[1Gpulling manifest [K
pulling 2bada8a74506:  35% ▕██████            ▏ 1.6 GB/4.7 GB   19 MB/s   2m35s[K[?25h[?2026l[?2026h[?25l[A[1Gpulling manifest [K
pulling 2bada8a74506:  35% ▕██████            ▏ 1.6 GB/4.7 GB   19 MB/s   2m35s[K[?25h[?2026l[?2026h[?25l[A[1Gpulling manifest [K
pulling 2bada8a74506:  35% ▕██████            ▏ 1.6 GB/4.7 GB   19 MB/s   2m35s[K[?25h[?2026l[?2026h[?25l[A[1Gpulling manifest [K
pulling 2bada8a74506:  35% ▕██████            ▏ 1.6 GB/4.7 GB   19 MB/s   2m34s[K[?25h[?2026l[?2026h[?25l[A[1Gpulling manifest [K
pulling 2bada8a74506:  35% ▕██████            ▏ 1.6 GB/4.7 GB   19 MB/s   2m34s[K[?25h[?2026l[?2026h[?25l[A[1Gpulling manifest [K
pulling 2bada8a74506:  35% ▕██████            ▏ 1.6 GB/4.7 GB   19 MB/s   2m34s[K[?25h[?2026l[?2026h[?25l[A[1Gpulling manifest [K
pulling 2bada8a74506:  35% ▕██████            ▏ 1.6 GB/4.7 GB   19 MB/s   2m34s[K[?25h[?2026l[?2026h[?25l[A[1Gpulling manifest [K
pulling 2bada8a74506:  35% ▕██████            ▏ 1.6 GB/4.7 GB   19 MB/s   2m34s[K[?25h[?2026l[?2026h[?25l[A[1Gpulling manifest [K
pulling 2bada8a74506:  35% ▕██████            ▏ 1.6 GB/4.7 GB   19 MB/s   2m34s[K[?25h[?2026l[?2026h[?25l[A[1Gpulling manifest [K
pulling 2bada8a74506:  35% ▕██████            ▏ 1.6 GB/4.7 GB   19 MB/s   2m33s[K[?25h[?2026l[?2026h[?25l[A[1Gpulling manifest [K
pulling 2bada8a74506:  35% ▕██████            ▏ 1.6 GB/4.7 GB   19 MB/s   2m33s[K[?25h[?2026l[?2026h[?25l[A[1Gpulling manifest [K
pulling 2bada8a74506:  35% ▕██████            ▏ 1.6 GB/4.7 GB   19 MB/s   2m33s[K[?25h[?2026l[?2026h[?25l[A[1Gpulling manifest [K
pulling 2bada8a74506:  35% ▕██████            ▏ 1.6 GB/4.7 GB   19 MB/s   2m33s[K[?25h[?2026l[?2026h[?25l[A[1Gpulling manifest [K
pulling 2bada8a74506:  35% ▕██████            ▏ 1.6 GB/4.7 GB   19 MB/s   2m33s[K[?25h[?2026l[?2026h[?25l[A[1Gpulling manifest [K
pulling 2bada8a74506:  35% ▕██████            ▏ 1.6 GB/4.7 GB   19 MB/s   2m33s[K[?25h[?2026l[?2026h[?25l[A[1Gpulling manifest [K
pulling 2bada8a74506:  35% ▕██████            ▏ 1.6 GB/4.7 GB   19 MB/s   2m33s[K[?25h[?2026l[?2026h[?25l[A[1Gpulling manifest [K
pulling 2bada8a74506:  35% ▕██████            ▏ 1.7 GB/4.7 GB   19 MB/s   2m32s[K[?25h[?2026l[?2026h[?25l[A[1Gpulling manifest [K
pulling 2bada8a74506:  35% ▕██████            ▏ 1.7 GB/4.7 GB   19 MB/s   2m32s[K[?25h[?2026l[?2026h[?25l[A[1Gpulling manifest [K
pulling 2bada8a74506:  35% ▕██████            ▏ 1.7 GB/4.7 GB   19 MB/s   2m31s[K[?25h[?2026l[?2026h[?25l[A[1Gpulling manifest [K
pulling 2bada8a74506:  35% ▕██████            ▏ 1.7 GB/4.7 GB   19 MB/s   2m31s[K[?25h[?2026l[?2026h[?25l[A[1Gpulling manifest [K
pulling 2bada8a74506:  35% ▕██████            ▏ 1.7 GB/4.7 GB   19 MB/s   2m31s[K[?25h[?2026l[?2026h[?25l[A[1Gpulling manifest [K
pulling 2bada8a74506:  35% ▕██████            ▏ 1.7 GB/4.7 GB   19 MB/s   2m31s[K[?25h[?2026l[?2026h[?25l[A[1Gpulling manifest [K
pulling 2bada8a74506:  35% ▕██████            ▏ 1.7 GB/4.7 GB   19 MB/s   2m31s[K[?25h[?2026l[?2026h[?25l[A[1Gpulling manifest [K
pulling 2bada8a74506:  36% ▕██████            ▏ 1.7 GB/4.7 GB   19 MB/s   2m31s[K[?25h[?2026l[?2026h[?25l[A[1Gpulling manifest [K
pulling 2bada8a74506:  36% ▕██████            ▏ 1.7 GB/4.7 GB   19 MB/s   2m31s[K[?25h[?2026l[?2026h[?25l[A[1Gpulling manifest [K
pulling 2bada8a74506:  36% ▕██████            ▏ 1.7 GB/4.7 GB   19 MB/s   2m31s[K[?25h[?2026l[?2026h[?25l[A[1Gpulling manifest [K
pulling 2bada8a74506:  36% ▕██████            ▏ 1.7 GB/4.7 GB   20 MB/s   2m29s[K[?25h[?2026l[?2026h[?25l[A[1Gpulling manifest [K
pulling 2bada8a74506:  36% ▕██████            ▏ 1.7 GB/4.7 GB   20 MB/s   2m29s[K[?25h[?2026l[?2026h[?25l[A[1Gpulling manifest [K
pulling 2bada8a74506:  36% ▕██████            ▏ 1.7 GB/4.7 GB   20 MB/s   2m29s[K[?25h[?2026l[?2026h[?25l[A[1Gpulling manifest [K
pulling 2bada8a74506:  36% ▕██████            ▏ 1.7 GB/4.7 GB   20 MB/s   2m29s[K[?25h[?2026l[?2026h[?25l[A[1Gpulling manifest [K
pulling 2bada8a74506:  36% ▕██████            ▏ 1.7 GB/4.7 GB   20 MB/s   2m29s[K[?25h[?2026l[?2026h[?25l[A[1Gpulling manifest [K
pulling 2bada8a74506:  36% ▕██████            ▏ 1.7 GB/4.7 GB   20 MB/s   2m29s[K[?25h[?2026l[?2026h[?25l[A[1Gpulling manifest [K
pulling 2bada8a74506:  36% ▕██████            ▏ 1.7 GB/4.7 GB   20 MB/s   2m29s[K[?25h[?2026l[?2026h[?25l[A[1Gpulling manifest [K
pulling 2bada8a74506:  36% ▕██████            ▏ 1.7 GB/4.7 GB   20 MB/s   2m29s[K[?25h[?2026l[?2026h[?25l[A[1Gpulling manifest [K
pulling 2bada8a74506:  36% ▕██████            ▏ 1.7 GB/4.7 GB   20 MB/s   2m29s[K[?25h[?2026l[?2026h[?25l[A[1Gpulling manifest [K
pulling 2bada8a74506:  36% ▕██████            ▏ 1.7 GB/4.7 GB   20 MB/s   2m28s[K[?25h[?2026l[?2026h[?25l[A[1Gpulling manifest [K
pulling 2bada8a74506:  36% ▕██████            ▏ 1.7 GB/4.7 GB   20 MB/s   2m28s[K[?25h[?2026l[?2026h[?25l[A[1Gpulling manifest [K
pulling 2bada8a74506:  36% ▕██████            ▏ 1.7 GB/4.7 GB   20 MB/s   2m28s[K[?25h[?2026l[?2026h[?25l[A[1Gpulling manifest [K
pulling 2bada8a74506:  36% ▕██████            ▏ 1.7 GB/4.7 GB   20 MB/s   2m28s[K[?25h[?2026l[?2026h[?25l[A[1Gpulling manifest [K
pulling 2bada8a74506:  36% ▕██████            ▏ 1.7 GB/4.7 GB   20 MB/s   2m28s[K[?25h[?2026l[?2026h[?25l[A[1Gpulling manifest [K
pulling 2bada8a74506:  36% ▕██████            ▏ 1.7 GB/4.7 GB   20 MB/s   2m28s[K[?25h[?2026l[?2026h[?25l[A[1Gpulling manifest [K
pulling 2bada8a74506:  36% ▕██████            ▏ 1.7 GB/4.7 GB   20 MB/s   2m28s[K[?25h[?2026l[?2026h[?25l[A[1Gpulling manifest [K
pulling 2bada8a74506:  36% ▕██████            ▏ 1.7 GB/4.7 GB   20 MB/s   2m28s[K[?25h[?2026l[?2026h[?25l[A[1Gpulling manifest [K
pulling 2bada8a74506:  36% ▕██████            ▏ 1.7 GB/4.7 GB   20 MB/s   2m28s[K[?25h[?2026l[?2026h[?25l[A[1Gpulling manifest [K
pulling 2bada8a74506:  36% ▕██████            ▏ 1.7 GB/4.7 GB   20 MB/s   2m27s[K[?25h[?2026l[?2026h[?25l[A[1Gpulling manifest [K
pulling 2bada8a74506:  37% ▕██████            ▏ 1.7 GB/4.7 GB   20 MB/s   2m27s[K[?25h[?2026l[?2026h[?25l[A[1Gpulling manifest [K
pulling 2bada8a74506:  37% ▕██████            ▏ 1.7 GB/4.7 GB   20 MB/s   2m27s[K[?25h[?2026l[?2026h[?25l[A[1Gpulling manifest [K
pulling 2bada8a74506:  37% ▕██████            ▏ 1.7 GB/4.7 GB   20 MB/s   2m26s[K[?25h[?2026l[?2026h[?25l[A[1Gpulling manifest [K
pulling 2bada8a74506:  37% ▕██████            ▏ 1.7 GB/4.7 GB   20 MB/s   2m26s[K[?25h[?2026l[?2026h[?25l[A[1Gpulling manifest [K
pulling 2bada8a74506:  37% ▕██████            ▏ 1.7 GB/4.7 GB   20 MB/s   2m26s[K[?25h[?2026l[?2026h[?25l[A[1Gpulling manifest [K
pulling 2bada8a74506:  37% ▕██████            ▏ 1.7 GB/4.7 GB   20 MB/s   2m26s[K[?25h[?2026l[?2026h[?25l[A[1Gpulling manifest [K
pulling 2bada8a74506:  37% ▕██████            ▏ 1.7 GB/4.7 GB   20 MB/s   2m26s[K[?25h[?2026l[?2026h[?25l[A[1Gpulling manifest [K
pulling 2bada8a74506:  37% ▕██████            ▏ 1.7 GB/4.7 GB   20 MB/s   2m26s[K[?25h[?2026l[?2026h[?25l[A[1Gpulling manifest [K
pulling 2bada8a74506:  37% ▕██████            ▏ 1.7 GB/4.7 GB   20 MB/s   2m26s[K[?25h[?2026l[?2026h[?25l[A[1Gpulling manifest [K
pulling 2bada8a74506:  37% ▕██████            ▏ 1.7 GB/4.7 GB   20 MB/s   2m26s[K[?25h[?2026l[?2026h[?25l[A[1Gpulling manifest [K
pulling 2bada8a74506:  37% ▕██████            ▏ 1.7 GB/4.7 GB   20 MB/s   2m26s[K[?25h[?2026l[?2026h[?25l[A[1Gpulling manifest [K
pulling 2bada8a74506:  37% ▕██████            ▏ 1.7 GB/4.7 GB   20 MB/s   2m27s[K[?25h[?2026l[?2026h[?25l[A[1Gpulling manifest [K
pulling 2bada8a74506:  37% ▕██████            ▏ 1.7 GB/4.7 GB   20 MB/s   2m26s[K[?25h[?2026l[?2026h[?25l[A[1Gpulling manifest [K
pulling 2bada8a74506:  37% ▕██████            ▏ 1.7 GB/4.7 GB   20 MB/s   2m26s[K[?25h[?2026l[?2026h[?25l[A[1Gpulling manifest [K
pulling 2bada8a74506:  37% ▕██████            ▏ 1.7 GB/4.7 GB   20 MB/s   2m26s[K[?25h[?2026l[?2026h[?25l[A[1Gpulling manifest [K
pulling 2bada8a74506:  37% ▕██████            ▏ 1.7 GB/4.7 GB   20 MB/s   2m26s[K[?25h[?2026l[?2026h[?25l[A[1Gpulling manifest [K
pulling 2bada8a74506:  37% ▕██████            ▏ 1.7 GB/4.7 GB   20 MB/s   2m26s[K[?25h[?2026l[?2026h[?25l[A[1Gpulling manifest [K
pulling 2bada8a74506:  37% ▕██████            ▏ 1.7 GB/4.7 GB   20 MB/s   2m26s[K[?25h[?2026l[?2026h[?25l[A[1Gpulling manifest [K
pulling 2bada8a74506:  37% ▕██████            ▏ 1.7 GB/4.7 GB   20 MB/s   2m26s[K[?25h[?2026l[?2026h[?25l[A[1Gpulling manifest [K
pulling 2bada8a74506:  37% ▕██████            ▏ 1.7 GB/4.7 GB   20 MB/s   2m26s[K[?25h[?2026l[?2026h[?25l[A[1Gpulling manifest [K
pulling 2bada8a74506:  37% ▕██████            ▏ 1.8 GB/4.7 GB   20 MB/s   2m26s[K[?25h[?2026l[?2026h[?25l[A[1Gpulling manifest [K
pulling 2bada8a74506:  37% ▕██████            ▏ 1.8 GB/4.7 GB   20 MB/s   2m26s[K[?25h[?2026l[?2026h[?25l[A[1Gpulling manifest [K
pulling 2bada8a74506:  37% ▕██████            ▏ 1.8 GB/4.7 GB   20 MB/s   2m26s[K[?25h[?2026l[?2026h[?25l[A[1Gpulling manifest [K
pulling 2bada8a74506:  37% ▕██████            ▏ 1.8 GB/4.7 GB   20 MB/s   2m26s[K[?25h[?2026l[?2026h[?25l[A[1Gpulling manifest [K
pulling 2bada8a74506:  37% ▕██████            ▏ 1.8 GB/4.7 GB   20 MB/s   2m26s[K[?25h[?2026l[?2026h[?25l[A[1Gpulling manifest [K
pulling 2bada8a74506:  38% ▕██████            ▏ 1.8 GB/4.7 GB   20 MB/s   2m26s[K[?25h[?2026l[?2026h[?25l[A[1Gpulling manifest [K
pulling 2bada8a74506:  38% ▕██████            ▏ 1.8 GB/4.7 GB   20 MB/s   2m25s[K[?25h[?2026l[?2026h[?25l[A[1Gpulling manifest [K
pulling 2bada8a74506:  38% ▕██████            ▏ 1.8 GB/4.7 GB   20 MB/s   2m25s[K[?25h[?2026l[?2026h[?25l[A[1Gpulling manifest [K
pulling 2bada8a74506:  38% ▕██████            ▏ 1.8 GB/4.7 GB   20 MB/s   2m25s[K[?25h[?2026l[?2026h[?25l[A[1Gpulling manifest [K
pulling 2bada8a74506:  38% ▕██████            ▏ 1.8 GB/4.7 GB   20 MB/s   2m25s[K[?25h[?2026l[?2026h[?25l[A[1Gpulling manifest [K
pulling 2bada8a74506:  38% ▕██████            ▏ 1.8 GB/4.7 GB   20 MB/s   2m25s[K[?25h[?2026l[?2026h[?25l[A[1Gpulling manifest [K
pulling 2bada8a74506:  38% ▕██████            ▏ 1.8 GB/4.7 GB   20 MB/s   2m25s[K[?25h[?2026l[?2026h[?25l[A[1Gpulling manifest [K
pulling 2bada8a74506:  38% ▕██████            ▏ 1.8 GB/4.7 GB   20 MB/s   2m24s[K[?25h[?2026l[?2026h[?25l[A[1Gpulling manifest [K
pulling 2bada8a74506:  38% ▕██████            ▏ 1.8 GB/4.7 GB   20 MB/s   2m24s[K[?25h[?2026l[?2026h[?25l[A[1Gpulling manifest [K
pulling 2bada8a74506:  38% ▕██████            ▏ 1.8 GB/4.7 GB   20 MB/s   2m24s[K[?25h[?2026l[?2026h[?25l[A[1Gpulling manifest [K
pulling 2bada8a74506:  38% ▕██████            ▏ 1.8 GB/4.7 GB   20 MB/s   2m24s[K[?25h[?2026l[?2026h[?25l[A[1Gpulling manifest [K
pulling 2bada8a74506:  38% ▕██████            ▏ 1.8 GB/4.7 GB   20 MB/s   2m24s[K[?25h[?2026l[?2026h[?25l[A[1Gpulling manifest [K
pulling 2bada8a74506:  38% ▕██████            ▏ 1.8 GB/4.7 GB   20 MB/s   2m24s[K[?25h[?2026l[?2026h[?25l[A[1Gpulling manifest [K
pulling 2bada8a74506:  38% ▕██████            ▏ 1.8 GB/4.7 GB   20 MB/s   2m24s[K[?25h[?2026l[?2026h[?25l[A[1Gpulling manifest [K
pulling 2bada8a74506:  38% ▕██████            ▏ 1.8 GB/4.7 GB   20 MB/s   2m24s[K[?25h[?2026l[?2026h[?25l[A[1Gpulling manifest [K
pulling 2bada8a74506:  38% ▕██████            ▏ 1.8 GB/4.7 GB   20 MB/s   2m24s[K[?25h[?2026l[?2026h[?25l[A[1Gpulling manifest [K
pulling 2bada8a74506:  38% ▕██████            ▏ 1.8 GB/4.7 GB   20 MB/s   2m23s[K[?25h[?2026l[?2026h[?25l[A[1Gpulling manifest [K
pulling 2bada8a74506:  38% ▕██████            ▏ 1.8 GB/4.7 GB   20 MB/s   2m20s[K[?25h[?2026l[?2026h[?25l[A[1Gpulling manifest [K
pulling 2bada8a74506:  38% ▕██████            ▏ 1.8 GB/4.7 GB   20 MB/s   2m20s[K[?25h[?2026l[?2026h[?25l[A[1Gpulling manifest [K
pulling 2bada8a74506:  38% ▕██████            ▏ 1.8 GB/4.7 GB   20 MB/s   2m20s[K[?25h[?2026l[?2026h[?25l[A[1Gpulling manifest [K
pulling 2bada8a74506:  38% ▕██████            ▏ 1.8 GB/4.7 GB   20 MB/s   2m20s[K[?25h[?2026l[?2026h[?25l[A[1Gpulling manifest [K
pulling 2bada8a74506:  38% ▕██████            ▏ 1.8 GB/4.7 GB   20 MB/s   2m20s[K[?25h[?2026l[?2026h[?25l[A[1Gpulling manifest [K
pulling 2bada8a74506:  38% ▕██████            ▏ 1.8 GB/4.7 GB   20 MB/s   2m20s[K[?25h[?2026l[?2026h[?25l[A[1Gpulling manifest [K
pulling 2bada8a74506:  38% ▕██████            ▏ 1.8 GB/4.7 GB   20 MB/s   2m19s[K[?25h[?2026l[?2026h[?25l[A[1Gpulling manifest [K
pulling 2bada8a74506:  39% ▕██████            ▏ 1.8 GB/4.7 GB   20 MB/s   2m19s[K[?25h[?2026l[?2026h[?25l[A[1Gpulling manifest [K
pulling 2bada8a74506:  39% ▕██████            ▏ 1.8 GB/4.7 GB   20 MB/s   2m19s[K[?25h[?2026l[?2026h[?25l[A[1Gpulling manifest [K
pulling 2bada8a74506:  39% ▕██████            ▏ 1.8 GB/4.7 GB   20 MB/s   2m19s[K[?25h[?2026l[?2026h[?25l[A[1Gpulling manifest [K
pulling 2bada8a74506:  39% ▕██████            ▏ 1.8 GB/4.7 GB   20 MB/s   2m23s[K[?25h[?2026l[?2026h[?25l[A[1Gpulling manifest [K
pulling 2bada8a74506:  39% ▕██████            ▏ 1.8 GB/4.7 GB   20 MB/s   2m23s[K[?25h[?2026l[?2026h[?25l[A[1Gpulling manifest [K
pulling 2bada8a74506:  39% ▕██████            ▏ 1.8 GB/4.7 GB   20 MB/s   2m23s[K[?25h[?2026l[?2026h[?25l[A[1Gpulling manifest [K
pulling 2bada8a74506:  39% ▕██████            ▏ 1.8 GB/4.7 GB   20 MB/s   2m23s[K[?25h[?2026l[?2026h[?25l[A[1Gpulling manifest [K
pulling 2bada8a74506:  39% ▕██████            ▏ 1.8 GB/4.7 GB   20 MB/s   2m22s[K[?25h[?2026l[?2026h[?25l[A[1Gpulling manifest [K
pulling 2bada8a74506:  39% ▕██████            ▏ 1.8 GB/4.7 GB   20 MB/s   2m22s[K[?25h[?2026l[?2026h[?25l[A[1Gpulling manifest [K
pulling 2bada8a74506:  39% ▕██████            ▏ 1.8 GB/4.7 GB   20 MB/s   2m22s[K[?25h[?2026l[?2026h[?25l[A[1Gpulling manifest [K
pulling 2bada8a74506:  39% ▕███████           ▏ 1.8 GB/4.7 GB   20 MB/s   2m22s[K[?25h[?2026l[?2026h[?25l[A[1Gpulling manifest [K
pulling 2bada8a74506:  39% ▕███████           ▏ 1.8 GB/4.7 GB   20 MB/s   2m22s[K[?25h[?2026l[?2026h[?25l[A[1Gpulling manifest [K
pulling 2bada8a74506:  39% ▕███████           ▏ 1.8 GB/4.7 GB   20 MB/s   2m22s[K[?25h[?2026l[?2026h[?25l[A[1Gpulling manifest [K
pulling 2bada8a74506:  39% ▕███████           ▏ 1.8 GB/4.7 GB   19 MB/s   2m22s[K[?25h[?2026l[?2026h[?25l[A[1Gpulling manifest [K
pulling 2bada8a74506:  39% ▕███████           ▏ 1.8 GB/4.7 GB   19 MB/s   2m22s[K[?25h[?2026l[?2026h[?25l[A[1Gpulling manifest [K
pulling 2bada8a74506:  39% ▕███████           ▏ 1.8 GB/4.7 GB   19 MB/s   2m22s[K[?25h[?2026l[?2026h[?25l[A[1Gpulling manifest [K
pulling 2bada8a74506:  39% ▕███████           ▏ 1.8 GB/4.7 GB   19 MB/s   2m22s[K[?25h[?2026l[?2026h[?25l[A[1Gpulling manifest [K
pulling 2bada8a74506:  39% ▕███████           ▏ 1.8 GB/4.7 GB   19 MB/s   2m22s[K[?25h[?2026l[?2026h[?25l[A[1Gpulling manifest [K
pulling 2bada8a74506:  39% ▕███████           ▏ 1.8 GB/4.7 GB   19 MB/s   2m22s[K[?25h[?2026l[?2026h[?25l[A[1Gpulling manifest [K
pulling 2bada8a74506:  39% ▕███████           ▏ 1.8 GB/4.7 GB   19 MB/s   2m22s[K[?25h[?2026l[?2026h[?25l[A[1Gpulling manifest [K
pulling 2bada8a74506:  39% ▕███████           ▏ 1.8 GB/4.7 GB   19 MB/s   2m22s[K[?25h[?2026l[?2026h[?25l[A[1Gpulling manifest [K
pulling 2bada8a74506:  39% ▕███████           ▏ 1.8 GB/4.7 GB   19 MB/s   2m22s[K[?25h[?2026l[?2026h[?25l[A[1Gpulling manifest [K
pulling 2bada8a74506:  39% ▕███████           ▏ 1.8 GB/4.7 GB   19 MB/s   2m22s[K[?25h[?2026l[?2026h[?25l[A[1Gpulling manifest [K
pulling 2bada8a74506:  39% ▕███████           ▏ 1.8 GB/4.7 GB   19 MB/s   2m22s[K[?25h[?2026l[?2026h[?25l[A[1Gpulling manifest [K
pulling 2bada8a74506:  40% ▕███████           ▏ 1.9 GB/4.7 GB   19 MB/s   2m22s[K[?25h[?2026l[?2026h[?25l[A[1Gpulling manifest [K
pulling 2bada8a74506:  40% ▕███████           ▏ 1.9 GB/4.7 GB   19 MB/s   2m22s[K[?25h[?2026l[?2026h[?25l[A[1Gpulling manifest [K
pulling 2bada8a74506:  40% ▕███████           ▏ 1.9 GB/4.7 GB   19 MB/s   2m22s[K[?25h[?2026l[?2026h[?25l[A[1Gpulling manifest [K
pulling 2bada8a74506:  40% ▕███████           ▏ 1.9 GB/4.7 GB   19 MB/s   2m22s[K[?25h[?2026l[?2026h[?25l[A[1Gpulling manifest [K
pulling 2bada8a74506:  40% ▕███████           ▏ 1.9 GB/4.7 GB   19 MB/s   2m22s[K[?25h[?2026l[?2026h[?25l[A[1Gpulling manifest [K
pulling 2bada8a74506:  40% ▕███████           ▏ 1.9 GB/4.7 GB   19 MB/s   2m21s[K[?25h[?2026l[?2026h[?25l[A[1Gpulling manifest [K
pulling 2bada8a74506:  40% ▕███████           ▏ 1.9 GB/4.7 GB   19 MB/s   2m21s[K[?25h[?2026l[?2026h[?25l[A[1Gpulling manifest [K
pulling 2bada8a74506:  40% ▕███████           ▏ 1.9 GB/4.7 GB   19 MB/s   2m21s[K[?25h[?2026l[?2026h[?25l[A[1Gpulling manifest [K
pulling 2bada8a74506:  40% ▕███████           ▏ 1.9 GB/4.7 GB   19 MB/s   2m21s[K[?25h[?2026l[?2026h[?25l[A[1Gpulling manifest [K
pulling 2bada8a74506:  40% ▕███████           ▏ 1.9 GB/4.7 GB   19 MB/s   2m21s[K[?25h[?2026l[?2026h[?25l[A[1Gpulling manifest [K
pulling 2bada8a74506:  40% ▕███████           ▏ 1.9 GB/4.7 GB   19 MB/s   2m22s[K[?25h[?2026l[?2026h[?25l[A[1Gpulling manifest [K
pulling 2bada8a74506:  40% ▕███████           ▏ 1.9 GB/4.7 GB   19 MB/s   2m22s[K[?25h[?2026l[?2026h[?25l[A[1Gpulling manifest [K
pulling 2bada8a74506:  40% ▕███████           ▏ 1.9 GB/4.7 GB   19 MB/s   2m22s[K[?25h[?2026l[?2026h[?25l[A[1Gpulling manifest [K
pulling 2bada8a74506:  40% ▕███████           ▏ 1.9 GB/4.7 GB   19 MB/s   2m22s[K[?25h[?2026l[?2026h[?25l[A[1Gpulling manifest [K
pulling 2bada8a74506:  40% ▕███████           ▏ 1.9 GB/4.7 GB   19 MB/s   2m22s[K[?25h[?2026l[?2026h[?25l[A[1Gpulling manifest [K
pulling 2bada8a74506:  40% ▕███████           ▏ 1.9 GB/4.7 GB   19 MB/s   2m22s[K[?25h[?2026l[?2026h[?25l[A[1Gpulling manifest [K
pulling 2bada8a74506:  40% ▕███████           ▏ 1.9 GB/4.7 GB   19 MB/s   2m21s[K[?25h[?2026l[?2026h[?25l[A[1Gpulling manifest [K
pulling 2bada8a74506:  40% ▕███████           ▏ 1.9 GB/4.7 GB   19 MB/s   2m21s[K[?25h[?2026l[?2026h[?25l[A[1Gpulling manifest [K
pulling 2bada8a74506:  40% ▕███████           ▏ 1.9 GB/4.7 GB   19 MB/s   2m21s[K[?25h[?2026l[?2026h[?25l[A[1Gpulling manifest [K
pulling 2bada8a74506:  40% ▕███████           ▏ 1.9 GB/4.7 GB   19 MB/s   2m21s[K[?25h[?2026l[?2026h[?25l[A[1Gpulling manifest [K
pulling 2bada8a74506:  40% ▕███████           ▏ 1.9 GB/4.7 GB   19 MB/s   2m21s[K[?25h[?2026l[?2026h[?25l[A[1Gpulling manifest [K
pulling 2bada8a74506:  40% ▕███████           ▏ 1.9 GB/4.7 GB   19 MB/s   2m21s[K[?25h[?2026l[?2026h[?25l[A[1Gpulling manifest [K
pulling 2bada8a74506:  40% ▕███████           ▏ 1.9 GB/4.7 GB   19 MB/s   2m21s[K[?25h[?2026l[?2026h[?25l[A[1Gpulling manifest [K
pulling 2bada8a74506:  41% ▕███████           ▏ 1.9 GB/4.7 GB   19 MB/s   2m20s[K[?25h[?2026l[?2026h[?25l[A[1Gpulling manifest [K
pulling 2bada8a74506:  41% ▕███████           ▏ 1.9 GB/4.7 GB   19 MB/s   2m20s[K[?25h[?2026l[?2026h[?25l[A[1Gpulling manifest [K
pulling 2bada8a74506:  41% ▕███████           ▏ 1.9 GB/4.7 GB   19 MB/s   2m20s[K[?25h[?2026l[?2026h[?25l[A[1Gpulling manifest [K
pulling 2bada8a74506:  41% ▕███████           ▏ 1.9 GB/4.7 GB   19 MB/s   2m20s[K[?25h[?2026l[?2026h[?25l[A[1Gpulling manifest [K
pulling 2bada8a74506:  41% ▕███████           ▏ 1.9 GB/4.7 GB   19 MB/s   2m20s[K[?25h[?2026l[?2026h[?25l[A[1Gpulling manifest [K
pulling 2bada8a74506:  41% ▕███████           ▏ 1.9 GB/4.7 GB   19 MB/s   2m20s[K[?25h[?2026l[?2026h[?25l[A[1Gpulling manifest [K
pulling 2bada8a74506:  41% ▕███████           ▏ 1.9 GB/4.7 GB   19 MB/s   2m20s[K[?25h[?2026l[?2026h[?25l[A[1Gpulling manifest [K
pulling 2bada8a74506:  41% ▕███████           ▏ 1.9 GB/4.7 GB   19 MB/s   2m20s[K[?25h[?2026l[?2026h[?25l[A[1Gpulling manifest [K
pulling 2bada8a74506:  41% ▕███████           ▏ 1.9 GB/4.7 GB   19 MB/s   2m20s[K[?25h[?2026l[?2026h[?25l[A[1Gpulling manifest [K
pulling 2bada8a74506:  41% ▕███████           ▏ 1.9 GB/4.7 GB   19 MB/s   2m20s[K[?25h[?2026l[?2026h[?25l[A[1Gpulling manifest [K
pulling 2bada8a74506:  41% ▕███████           ▏ 1.9 GB/4.7 GB   19 MB/s   2m20s[K[?25h[?2026l[?2026h[?25l[A[1Gpulling manifest [K
pulling 2bada8a74506:  41% ▕███████           ▏ 1.9 GB/4.7 GB   19 MB/s   2m20s[K[?25h[?2026l[?2026h[?25l[A[1Gpulling manifest [K
pulling 2bada8a74506:  41% ▕███████           ▏ 1.9 GB/4.7 GB   19 MB/s   2m20s[K[?25h[?2026l[?2026h[?25l[A[1Gpulling manifest [K
pulling 2bada8a74506:  41% ▕███████           ▏ 1.9 GB/4.7 GB   19 MB/s   2m20s[K[?25h[?2026l[?2026h[?25l[A[1Gpulling manifest [K
pulling 2bada8a74506:  41% ▕███████           ▏ 1.9 GB/4.7 GB   19 MB/s   2m20s[K[?25h[?2026l[?2026h[?25l[A[1Gpulling manifest [K
pulling 2bada8a74506:  41% ▕███████           ▏ 1.9 GB/4.7 GB   19 MB/s   2m20s[K[?25h[?2026l[?2026h[?25l[A[1Gpulling manifest [K
pulling 2bada8a74506:  41% ▕███████           ▏ 1.9 GB/4.7 GB   19 MB/s   2m19s[K[?25h[?2026l[?2026h[?25l[A[1Gpulling manifest [K
pulling 2bada8a74506:  41% ▕███████           ▏ 1.9 GB/4.7 GB   19 MB/s   2m18s[K[?25h[?2026l[?2026h[?25l[A[1Gpulling manifest [K
pulling 2bada8a74506:  41% ▕███████           ▏ 1.9 GB/4.7 GB   19 MB/s   2m18s[K[?25h[?2026l[?2026h[?25l[A[1Gpulling manifest [K
pulling 2bada8a74506:  41% ▕███████           ▏ 1.9 GB/4.7 GB   19 MB/s   2m18s[K[?25h[?2026l[?2026h[?25l[A[1Gpulling manifest [K
pulling 2bada8a74506:  41% ▕███████           ▏ 1.9 GB/4.7 GB   19 MB/s   2m18s[K[?25h[?2026l[?2026h[?25l[A[1Gpulling manifest [K
pulling 2bada8a74506:  41% ▕███████           ▏ 1.9 GB/4.7 GB   19 MB/s   2m18s[K[?25h[?2026l[?2026h[?25l[A[1Gpulling manifest [K
pulling 2bada8a74506:  41% ▕███████           ▏ 1.9 GB/4.7 GB   19 MB/s   2m18s[K[?25h[?2026l[?2026h[?25l[A[1Gpulling manifest [K
pulling 2bada8a74506:  41% ▕███████           ▏ 1.9 GB/4.7 GB   19 MB/s   2m18s[K[?25h[?2026l[?2026h[?25l[A[1Gpulling manifest [K
pulling 2bada8a74506:  42% ▕███████           ▏ 1.9 GB/4.7 GB   19 MB/s   2m18s[K[?25h[?2026l[?2026h[?25l[A[1Gpulling manifest [K
pulling 2bada8a74506:  42% ▕███████           ▏ 1.9 GB/4.7 GB   19 MB/s   2m18s[K[?25h[?2026l[?2026h[?25l[A[1Gpulling manifest [K
pulling 2bada8a74506:  42% ▕███████           ▏ 1.9 GB/4.7 GB   19 MB/s   2m18s[K[?25h[?2026l[?2026h[?25l[A[1Gpulling manifest [K
pulling 2bada8a74506:  42% ▕███████           ▏ 2.0 GB/4.7 GB   19 MB/s   2m18s[K[?25h[?2026l[?2026h[?25l[A[1Gpulling manifest [K
pulling 2bada8a74506:  42% ▕███████           ▏ 2.0 GB/4.7 GB   19 MB/s   2m18s[K[?25h[?2026l[?2026h[?25l[A[1Gpulling manifest [K
pulling 2bada8a74506:  42% ▕███████           ▏ 2.0 GB/4.7 GB   19 MB/s   2m17s[K[?25h[?2026l[?2026h[?25l[A[1Gpulling manifest [K
pulling 2bada8a74506:  42% ▕███████           ▏ 2.0 GB/4.7 GB   19 MB/s   2m17s[K[?25h[?2026l[?2026h[?25l[A[1Gpulling manifest [K
pulling 2bada8a74506:  42% ▕███████           ▏ 2.0 GB/4.7 GB   19 MB/s   2m17s[K[?25h[?2026l[?2026h[?25l[A[1Gpulling manifest [K
pulling 2bada8a74506:  42% ▕███████           ▏ 2.0 GB/4.7 GB   19 MB/s   2m17s[K[?25h[?2026l[?2026h[?25l[A[1Gpulling manifest [K
pulling 2bada8a74506:  42% ▕███████           ▏ 2.0 GB/4.7 GB   19 MB/s   2m17s[K[?25h[?2026l[?2026h[?25l[A[1Gpulling manifest [K
pulling 2bada8a74506:  42% ▕███████           ▏ 2.0 GB/4.7 GB   19 MB/s   2m17s[K[?25h[?2026l[?2026h[?25l[A[1Gpulling manifest [K
pulling 2bada8a74506:  42% ▕███████           ▏ 2.0 GB/4.7 GB   19 MB/s   2m17s[K[?25h[?2026l[?2026h[?25l[A[1Gpulling manifest [K
pulling 2bada8a74506:  42% ▕███████           ▏ 2.0 GB/4.7 GB   19 MB/s   2m17s[K[?25h[?2026l[?2026h[?25l[A[1Gpulling manifest [K
pulling 2bada8a74506:  42% ▕███████           ▏ 2.0 GB/4.7 GB   19 MB/s   2m17s[K[?25h[?2026l[?2026h[?25l[A[1Gpulling manifest [K
pulling 2bada8a74506:  42% ▕███████           ▏ 2.0 GB/4.7 GB   19 MB/s   2m16s[K[?25h[?2026l[?2026h[?25l[A[1Gpulling manifest [K
pulling 2bada8a74506:  42% ▕███████           ▏ 2.0 GB/4.7 GB   19 MB/s   2m16s[K[?25h[?2026l[?2026h[?25l[A[1Gpulling manifest [K
pulling 2bada8a74506:  42% ▕███████           ▏ 2.0 GB/4.7 GB   19 MB/s   2m16s[K[?25h[?2026l[?2026h[?25l[A[1Gpulling manifest [K
pulling 2bada8a74506:  42% ▕███████           ▏ 2.0 GB/4.7 GB   19 MB/s   2m16s[K[?25h[?2026l[?2026h[?25l[A[1Gpulling manifest [K
pulling 2bada8a74506:  42% ▕███████           ▏ 2.0 GB/4.7 GB   19 MB/s   2m16s[K[?25h[?2026l[?2026h[?25l[A[1Gpulling manifest [K
pulling 2bada8a74506:  42% ▕███████           ▏ 2.0 GB/4.7 GB   19 MB/s   2m16s[K[?25h[?2026l[?2026h[?25l[A[1Gpulling manifest [K
pulling 2bada8a74506:  42% ▕███████           ▏ 2.0 GB/4.7 GB   19 MB/s   2m16s[K[?25h[?2026l[?2026h[?25l[A[1Gpulling manifest [K
pulling 2bada8a74506:  42% ▕███████           ▏ 2.0 GB/4.7 GB   19 MB/s   2m16s[K[?25h[?2026l[?2026h[?25l[A[1Gpulling manifest [K
pulling 2bada8a74506:  42% ▕███████           ▏ 2.0 GB/4.7 GB   19 MB/s   2m16s[K[?25h[?2026l[?2026h[?25l[A[1Gpulling manifest [K
pulling 2bada8a74506:  43% ▕███████           ▏ 2.0 GB/4.7 GB   19 MB/s   2m15s[K[?25h[?2026l[?2026h[?25l[A[1Gpulling manifest [K
pulling 2bada8a74506:  43% ▕███████           ▏ 2.0 GB/4.7 GB   20 MB/s   2m11s[K[?25h[?2026l[?2026h[?25l[A[1Gpulling manifest [K
pulling 2bada8a74506:  43% ▕███████           ▏ 2.0 GB/4.7 GB   20 MB/s   2m11s[K[?25h[?2026l[?2026h[?25l[A[1Gpulling manifest [K
pulling 2bada8a74506:  43% ▕███████           ▏ 2.0 GB/4.7 GB   20 MB/s   2m11s[K[?25h[?2026l[?2026h[?25l[A[1Gpulling manifest [K
pulling 2bada8a74506:  43% ▕███████           ▏ 2.0 GB/4.7 GB   20 MB/s   2m11s[K[?25h[?2026l[?2026h[?25l[A[1Gpulling manifest [K
pulling 2bada8a74506:  43% ▕███████           ▏ 2.0 GB/4.7 GB   20 MB/s   2m11s[K[?25h[?2026l[?2026h[?25l[A[1Gpulling manifest [K
pulling 2bada8a74506:  43% ▕███████           ▏ 2.0 GB/4.7 GB   20 MB/s   2m11s[K[?25h[?2026l[?2026h[?25l[A[1Gpulling manifest [K
pulling 2bada8a74506:  43% ▕███████           ▏ 2.0 GB/4.7 GB   20 MB/s   2m11s[K[?25h[?2026l[?2026h[?25l[A[1Gpulling manifest [K
pulling 2bada8a74506:  43% ▕███████           ▏ 2.0 GB/4.7 GB   20 MB/s   2m11s[K[?25h[?2026l[?2026h[?25l[A[1Gpulling manifest [K
pulling 2bada8a74506:  43% ▕███████           ▏ 2.0 GB/4.7 GB   20 MB/s   2m11s[K[?25h[?2026l[?2026h[?25l[A[1Gpulling manifest [K
pulling 2bada8a74506:  43% ▕███████           ▏ 2.0 GB/4.7 GB   20 MB/s   2m11s[K[?25h[?2026l[?2026h[?25l[A[1Gpulling manifest [K
pulling 2bada8a74506:  43% ▕███████           ▏ 2.0 GB/4.7 GB   20 MB/s   2m13s[K[?25h[?2026l[?2026h[?25l[A[1Gpulling manifest [K
pulling 2bada8a74506:  43% ▕███████           ▏ 2.0 GB/4.7 GB   20 MB/s   2m13s[K[?25h[?2026l[?2026h[?25l[A[1Gpulling manifest [K
pulling 2bada8a74506:  43% ▕███████           ▏ 2.0 GB/4.7 GB   20 MB/s   2m13s[K[?25h[?2026l[?2026h[?25l[A[1Gpulling manifest [K
pulling 2bada8a74506:  43% ▕███████           ▏ 2.0 GB/4.7 GB   20 MB/s   2m13s[K[?25h[?2026l[?2026h[?25l[A[1Gpulling manifest [K
pulling 2bada8a74506:  43% ▕███████           ▏ 2.0 GB/4.7 GB   20 MB/s   2m13s[K[?25h[?2026l[?2026h[?25l[A[1Gpulling manifest [K
pulling 2bada8a74506:  43% ▕███████           ▏ 2.0 GB/4.7 GB   20 MB/s   2m12s[K[?25h[?2026l[?2026h[?25l[A[1Gpulling manifest [K
pulling 2bada8a74506:  43% ▕███████           ▏ 2.0 GB/4.7 GB   20 MB/s   2m12s[K[?25h[?2026l[?2026h[?25l[A[1Gpulling manifest [K
pulling 2bada8a74506:  43% ▕███████           ▏ 2.0 GB/4.7 GB   20 MB/s   2m12s[K[?25h[?2026l[?2026h[?25l[A[1Gpulling manifest [K
pulling 2bada8a74506:  43% ▕███████           ▏ 2.0 GB/4.7 GB   20 MB/s   2m12s[K[?25h[?2026l[?2026h[?25l[A[1Gpulling manifest [K
pulling 2bada8a74506:  43% ▕███████           ▏ 2.0 GB/4.7 GB   20 MB/s   2m12s[K[?25h[?2026l[?2026h[?25l[A[1Gpulling manifest [K
pulling 2bada8a74506:  43% ▕███████           ▏ 2.0 GB/4.7 GB   19 MB/s   2m14s[K[?25h[?2026l[?2026h[?25l[A[1Gpulling manifest [K
pulling 2bada8a74506:  43% ▕███████           ▏ 2.0 GB/4.7 GB   19 MB/s   2m13s[K[?25h[?2026l[?2026h[?25l[A[1Gpulling manifest [K
pulling 2bada8a74506:  43% ▕███████           ▏ 2.0 GB/4.7 GB   19 MB/s   2m13s[K[?25h[?2026l[?2026h[?25l[A[1Gpulling manifest [K
pulling 2bada8a74506:  43% ▕███████           ▏ 2.0 GB/4.7 GB   19 MB/s   2m13s[K[?25h[?2026l[?2026h[?25l[A[1Gpulling manifest [K
pulling 2bada8a74506:  43% ▕███████           ▏ 2.0 GB/4.7 GB   19 MB/s   2m13s[K[?25h[?2026l[?2026h[?25l[A[1Gpulling manifest [K
pulling 2bada8a74506:  43% ▕███████           ▏ 2.0 GB/4.7 GB   19 MB/s   2m13s[K[?25h[?2026l[?2026h[?25l[A[1Gpulling manifest [K
pulling 2bada8a74506:  44% ▕███████           ▏ 2.0 GB/4.7 GB   19 MB/s   2m13s[K[?25h[?2026l[?2026h[?25l[A[1Gpulling manifest [K
pulling 2bada8a74506:  44% ▕███████           ▏ 2.0 GB/4.7 GB   19 MB/s   2m13s[K[?25h[?2026l[?2026h[?25l[A[1Gpulling manifest [K
pulling 2bada8a74506:  44% ▕███████           ▏ 2.0 GB/4.7 GB   19 MB/s   2m13s[K[?25h[?2026l[?2026h[?25l[A[1Gpulling manifest [K
pulling 2bada8a74506:  44% ▕███████           ▏ 2.0 GB/4.7 GB   19 MB/s   2m13s[K[?25h[?2026l[?2026h[?25l[A[1Gpulling manifest [K
pulling 2bada8a74506:  44% ▕███████           ▏ 2.0 GB/4.7 GB   19 MB/s   2m13s[K[?25h[?2026l[?2026h[?25l[A[1Gpulling manifest [K
pulling 2bada8a74506:  44% ▕███████           ▏ 2.0 GB/4.7 GB   20 MB/s   2m11s[K[?25h[?2026l[?2026h[?25l[A[1Gpulling manifest [K
pulling 2bada8a74506:  44% ▕███████           ▏ 2.0 GB/4.7 GB   20 MB/s   2m11s[K[?25h[?2026l[?2026h[?25l[A[1Gpulling manifest [K
pulling 2bada8a74506:  44% ▕███████           ▏ 2.1 GB/4.7 GB   20 MB/s   2m11s[K[?25h[?2026l[?2026h[?25l[A[1Gpulling manifest [K
pulling 2bada8a74506:  44% ▕███████           ▏ 2.1 GB/4.7 GB   20 MB/s   2m11s[K[?25h[?2026l[?2026h[?25l[A[1Gpulling manifest [K
pulling 2bada8a74506:  44% ▕███████           ▏ 2.1 GB/4.7 GB   20 MB/s   2m11s[K[?25h[?2026l[?2026h[?25l[A[1Gpulling manifest [K
pulling 2bada8a74506:  44% ▕███████           ▏ 2.1 GB/4.7 GB   20 MB/s   2m11s[K[?25h[?2026l[?2026h[?25l[A[1Gpulling manifest [K
pulling 2bada8a74506:  44% ▕███████           ▏ 2.1 GB/4.7 GB   20 MB/s   2m11s[K[?25h[?2026l[?2026h[?25l[A[1Gpulling manifest [K
pulling 2bada8a74506:  44% ▕███████           ▏ 2.1 GB/4.7 GB   20 MB/s   2m10s[K[?25h[?2026l[?2026h[?25l[A[1Gpulling manifest [K
pulling 2bada8a74506:  44% ▕███████           ▏ 2.1 GB/4.7 GB   20 MB/s   2m10s[K[?25h[?2026l[?2026h[?25l[A[1Gpulling manifest [K
pulling 2bada8a74506:  44% ▕███████           ▏ 2.1 GB/4.7 GB   20 MB/s   2m10s[K[?25h[?2026l[?2026h[?25l[A[1Gpulling manifest [K
pulling 2bada8a74506:  44% ▕███████           ▏ 2.1 GB/4.7 GB   19 MB/s   2m11s[K[?25h[?2026l[?2026h[?25l[A[1Gpulling manifest [K
pulling 2bada8a74506:  44% ▕███████           ▏ 2.1 GB/4.7 GB   19 MB/s   2m11s[K[?25h[?2026l[?2026h[?25l[A[1Gpulling manifest [K
pulling 2bada8a74506:  44% ▕███████           ▏ 2.1 GB/4.7 GB   19 MB/s   2m11s[K[?25h[?2026l[?2026h[?25l[A[1Gpulling manifest [K
pulling 2bada8a74506:  44% ▕███████           ▏ 2.1 GB/4.7 GB   19 MB/s   2m11s[K[?25h[?2026l[?2026h[?25l[A[1Gpulling manifest [K
pulling 2bada8a74506:  44% ▕███████           ▏ 2.1 GB/4.7 GB   19 MB/s   2m11s[K[?25h[?2026l[?2026h[?25l[A[1Gpulling manifest [K
pulling 2bada8a74506:  44% ▕███████           ▏ 2.1 GB/4.7 GB   19 MB/s   2m11s[K[?25h[?2026l[?2026h[?25l[A[1Gpulling manifest [K
pulling 2bada8a74506:  44% ▕███████           ▏ 2.1 GB/4.7 GB   19 MB/s   2m11s[K[?25h[?2026l[?2026h[?25l[A[1Gpulling manifest [K
pulling 2bada8a74506:  44% ▕████████          ▏ 2.1 GB/4.7 GB   19 MB/s   2m11s[K[?25h[?2026l[?2026h[?25l[A[1Gpulling manifest [K
pulling 2bada8a74506:  45% ▕████████          ▏ 2.1 GB/4.7 GB   19 MB/s   2m11s[K[?25h[?2026l[?2026h[?25l[A[1Gpulling manifest [K
pulling 2bada8a74506:  45% ▕████████          ▏ 2.1 GB/4.7 GB   19 MB/s   2m10s[K[?25h[?2026l[?2026h[?25l[A[1Gpulling manifest [K
pulling 2bada8a74506:  45% ▕████████          ▏ 2.1 GB/4.7 GB   20 MB/s    2m9s[K[?25h[?2026l[?2026h[?25l[A[1Gpulling manifest [K
pulling 2bada8a74506:  45% ▕████████          ▏ 2.1 GB/4.7 GB   20 MB/s    2m9s[K[?25h[?2026l[?2026h[?25l[A[1Gpulling manifest [K
pulling 2bada8a74506:  45% ▕████████          ▏ 2.1 GB/4.7 GB   20 MB/s    2m9s[K[?25h[?2026l[?2026h[?25l[A[1Gpulling manifest [K
pulling 2bada8a74506:  45% ▕████████          ▏ 2.1 GB/4.7 GB   20 MB/s    2m9s[K[?25h[?2026l[?2026h[?25l[A[1Gpulling manifest [K
pulling 2bada8a74506:  45% ▕████████          ▏ 2.1 GB/4.7 GB   20 MB/s    2m9s[K[?25h[?2026l[?2026h[?25l[A[1Gpulling manifest [K
pulling 2bada8a74506:  45% ▕████████          ▏ 2.1 GB/4.7 GB   20 MB/s    2m9s[K[?25h[?2026l[?2026h[?25l[A[1Gpulling manifest [K
pulling 2bada8a74506:  45% ▕████████          ▏ 2.1 GB/4.7 GB   20 MB/s    2m8s[K[?25h[?2026l[?2026h[?25l[A[1Gpulling manifest [K
pulling 2bada8a74506:  45% ▕████████          ▏ 2.1 GB/4.7 GB   20 MB/s    2m8s[K[?25h[?2026l[?2026h[?25l[A[1Gpulling manifest [K
pulling 2bada8a74506:  45% ▕████████          ▏ 2.1 GB/4.7 GB   20 MB/s    2m8s[K[?25h[?2026l[?2026h[?25l[A[1Gpulling manifest [K
pulling 2bada8a74506:  45% ▕████████          ▏ 2.1 GB/4.7 GB   20 MB/s    2m8s[K[?25h[?2026l[?2026h[?25l[A[1Gpulling manifest [K
pulling 2bada8a74506:  45% ▕████████          ▏ 2.1 GB/4.7 GB   19 MB/s    2m9s[K[?25h[?2026l[?2026h[?25l[A[1Gpulling manifest [K
pulling 2bada8a74506:  45% ▕████████          ▏ 2.1 GB/4.7 GB   19 MB/s    2m9s[K[?25h[?2026l[?2026h[?25l[A[1Gpulling manifest [K
pulling 2bada8a74506:  45% ▕████████          ▏ 2.1 GB/4.7 GB   19 MB/s    2m9s[K[?25h[?2026l[?2026h[?25l[A[1Gpulling manifest [K
pulling 2bada8a74506:  45% ▕████████          ▏ 2.1 GB/4.7 GB   19 MB/s    2m8s[K[?25h[?2026l[?2026h[?25l[A[1Gpulling manifest [K
pulling 2bada8a74506:  45% ▕████████          ▏ 2.1 GB/4.7 GB   19 MB/s    2m8s[K[?25h[?2026l[?2026h[?25l[A[1Gpulling manifest [K
pulling 2bada8a74506:  45% ▕████████          ▏ 2.1 GB/4.7 GB   19 MB/s    2m8s[K[?25h[?2026l[?2026h[?25l[A[1Gpulling manifest [K
pulling 2bada8a74506:  45% ▕████████          ▏ 2.1 GB/4.7 GB   19 MB/s    2m8s[K[?25h[?2026l[?2026h[?25l[A[1Gpulling manifest [K
pulling 2bada8a74506:  45% ▕████████          ▏ 2.1 GB/4.7 GB   19 MB/s    2m8s[K[?25h[?2026l[?2026h[?25l[A[1Gpulling manifest [K
pulling 2bada8a74506:  45% ▕████████          ▏ 2.1 GB/4.7 GB   19 MB/s    2m8s[K[?25h[?2026l[?2026h[?25l[A[1Gpulling manifest [K
pulling 2bada8a74506:  45% ▕████████          ▏ 2.1 GB/4.7 GB   19 MB/s    2m8s[K[?25h[?2026l[?2026h[?25l[A[1Gpulling manifest [K
pulling 2bada8a74506:  45% ▕████████          ▏ 2.1 GB/4.7 GB   19 MB/s    2m8s[K[?25h[?2026l[?2026h[?25l[A[1Gpulling manifest [K
pulling 2bada8a74506:  46% ▕████████          ▏ 2.1 GB/4.7 GB   19 MB/s    2m8s[K[?25h[?2026l[?2026h[?25l[A[1Gpulling manifest [K
pulling 2bada8a74506:  46% ▕████████          ▏ 2.1 GB/4.7 GB   19 MB/s    2m8s[K[?25h[?2026l[?2026h[?25l[A[1Gpulling manifest [K
pulling 2bada8a74506:  46% ▕████████          ▏ 2.1 GB/4.7 GB   19 MB/s    2m8s[K[?25h[?2026l[?2026h[?25l[A[1Gpulling manifest [K
pulling 2bada8a74506:  46% ▕████████          ▏ 2.1 GB/4.7 GB   19 MB/s    2m8s[K[?25h[?2026l[?2026h[?25l[A[1Gpulling manifest [K
pulling 2bada8a74506:  46% ▕████████          ▏ 2.1 GB/4.7 GB   19 MB/s    2m7s[K[?25h[?2026l[?2026h[?25l[A[1Gpulling manifest [K
pulling 2bada8a74506:  46% ▕████████          ▏ 2.1 GB/4.7 GB   19 MB/s    2m7s[K[?25h[?2026l[?2026h[?25l[A[1Gpulling manifest [K
pulling 2bada8a74506:  46% ▕████████          ▏ 2.1 GB/4.7 GB   19 MB/s    2m7s[K[?25h[?2026l[?2026h[?25l[A[1Gpulling manifest [K
pulling 2bada8a74506:  46% ▕████████          ▏ 2.1 GB/4.7 GB   19 MB/s    2m7s[K[?25h[?2026l[?2026h[?25l[A[1Gpulling manifest [K
pulling 2bada8a74506:  46% ▕████████          ▏ 2.1 GB/4.7 GB   19 MB/s    2m7s[K[?25h[?2026l[?2026h[?25l[A[1Gpulling manifest [K
pulling 2bada8a74506:  46% ▕████████          ▏ 2.2 GB/4.7 GB   19 MB/s    2m6s[K[?25h[?2026l[?2026h[?25l[A[1Gpulling manifest [K
pulling 2bada8a74506:  46% ▕████████          ▏ 2.2 GB/4.7 GB   19 MB/s    2m6s[K[?25h[?2026l[?2026h[?25l[A[1Gpulling manifest [K
pulling 2bada8a74506:  46% ▕████████          ▏ 2.2 GB/4.7 GB   19 MB/s    2m6s[K[?25h[?2026l[?2026h[?25l[A[1Gpulling manifest [K
pulling 2bada8a74506:  46% ▕████████          ▏ 2.2 GB/4.7 GB   19 MB/s    2m6s[K[?25h[?2026l[?2026h[?25l[A[1Gpulling manifest [K
pulling 2bada8a74506:  46% ▕████████          ▏ 2.2 GB/4.7 GB   19 MB/s    2m6s[K[?25h[?2026l[?2026h[?25l[A[1Gpulling manifest [K
pulling 2bada8a74506:  46% ▕████████          ▏ 2.2 GB/4.7 GB   19 MB/s    2m6s[K[?25h[?2026l[?2026h[?25l[A[1Gpulling manifest [K
pulling 2bada8a74506:  46% ▕████████          ▏ 2.2 GB/4.7 GB   19 MB/s    2m6s[K[?25h[?2026l[?2026h[?25l[A[1Gpulling manifest [K
pulling 2bada8a74506:  46% ▕████████          ▏ 2.2 GB/4.7 GB   19 MB/s    2m6s[K[?25h[?2026l[?2026h[?25l[A[1Gpulling manifest [K
pulling 2bada8a74506:  46% ▕████████          ▏ 2.2 GB/4.7 GB   19 MB/s    2m6s[K[?25h[?2026l[?2026h[?25l[A[1Gpulling manifest [K
pulling 2bada8a74506:  46% ▕████████          ▏ 2.2 GB/4.7 GB   19 MB/s    2m6s[K[?25h[?2026l[?2026h[?25l[A[1Gpulling manifest [K
pulling 2bada8a74506:  46% ▕████████          ▏ 2.2 GB/4.7 GB   19 MB/s    2m6s[K[?25h[?2026l[?2026h[?25l[A[1Gpulling manifest [K
pulling 2bada8a74506:  46% ▕████████          ▏ 2.2 GB/4.7 GB   19 MB/s    2m6s[K[?25h[?2026l[?2026h[?25l[A[1Gpulling manifest [K
pulling 2bada8a74506:  46% ▕████████          ▏ 2.2 GB/4.7 GB   19 MB/s    2m5s[K[?25h[?2026l[?2026h[?25l[A[1Gpulling manifest [K
pulling 2bada8a74506:  46% ▕████████          ▏ 2.2 GB/4.7 GB   19 MB/s    2m5s[K[?25h[?2026l[?2026h[?25l[A[1Gpulling manifest [K
pulling 2bada8a74506:  46% ▕████████          ▏ 2.2 GB/4.7 GB   19 MB/s    2m5s[K[?25h[?2026l[?2026h[?25l[A[1Gpulling manifest [K
pulling 2bada8a74506:  47% ▕████████          ▏ 2.2 GB/4.7 GB   19 MB/s    2m5s[K[?25h[?2026l[?2026h[?25l[A[1Gpulling manifest [K
pulling 2bada8a74506:  47% ▕████████          ▏ 2.2 GB/4.7 GB   19 MB/s    2m5s[K[?25h[?2026l[?2026h[?25l[A[1Gpulling manifest [K
pulling 2bada8a74506:  47% ▕████████          ▏ 2.2 GB/4.7 GB   19 MB/s    2m5s[K[?25h[?2026l[?2026h[?25l[A[1Gpulling manifest [K
pulling 2bada8a74506:  47% ▕████████          ▏ 2.2 GB/4.7 GB   19 MB/s    2m5s[K[?25h[?2026l[?2026h[?25l[A[1Gpulling manifest [K
pulling 2bada8a74506:  47% ▕████████          ▏ 2.2 GB/4.7 GB   19 MB/s    2m5s[K[?25h[?2026l[?2026h[?25l[A[1Gpulling manifest [K
pulling 2bada8a74506:  47% ▕████████          ▏ 2.2 GB/4.7 GB   19 MB/s    2m5s[K[?25h[?2026l[?2026h[?25l[A[1Gpulling manifest [K
pulling 2bada8a74506:  47% ▕████████          ▏ 2.2 GB/4.7 GB   20 MB/s    2m3s[K[?25h[?2026l[?2026h[?25l[A[1Gpulling manifest [K
pulling 2bada8a74506:  47% ▕████████          ▏ 2.2 GB/4.7 GB   20 MB/s    2m3s[K[?25h[?2026l[?2026h[?25l[A[1Gpulling manifest [K
pulling 2bada8a74506:  47% ▕████████          ▏ 2.2 GB/4.7 GB   20 MB/s    2m2s[K[?25h[?2026l[?2026h[?25l[A[1Gpulling manifest [K
pulling 2bada8a74506:  47% ▕████████          ▏ 2.2 GB/4.7 GB   20 MB/s    2m2s[K[?25h[?2026l[?2026h[?25l[A[1Gpulling manifest [K
pulling 2bada8a74506:  47% ▕████████          ▏ 2.2 GB/4.7 GB   20 MB/s    2m2s[K[?25h[?2026l[?2026h[?25l[A[1Gpulling manifest [K
pulling 2bada8a74506:  47% ▕████████          ▏ 2.2 GB/4.7 GB   20 MB/s    2m2s[K[?25h[?2026l[?2026h[?25l[A[1Gpulling manifest [K
pulling 2bada8a74506:  47% ▕████████          ▏ 2.2 GB/4.7 GB   20 MB/s    2m2s[K[?25h[?2026l[?2026h[?25l[A[1Gpulling manifest [K
pulling 2bada8a74506:  47% ▕████████          ▏ 2.2 GB/4.7 GB   20 MB/s    2m2s[K[?25h[?2026l[?2026h[?25l[A[1Gpulling manifest [K
pulling 2bada8a74506:  47% ▕████████          ▏ 2.2 GB/4.7 GB   20 MB/s    2m2s[K[?25h[?2026l[?2026h[?25l[A[1Gpulling manifest [K
pulling 2bada8a74506:  47% ▕████████          ▏ 2.2 GB/4.7 GB   20 MB/s    2m2s[K[?25h[?2026l[?2026h[?25l[A[1Gpulling manifest [K
pulling 2bada8a74506:  47% ▕████████          ▏ 2.2 GB/4.7 GB   20 MB/s    2m1s[K[?25h[?2026l[?2026h[?25l[A[1Gpulling manifest [K
pulling 2bada8a74506:  47% ▕████████          ▏ 2.2 GB/4.7 GB   20 MB/s    2m1s[K[?25h[?2026l[?2026h[?25l[A[1Gpulling manifest [K
pulling 2bada8a74506:  47% ▕████████          ▏ 2.2 GB/4.7 GB   20 MB/s    2m1s[K[?25h[?2026l[?2026h[?25l[A[1Gpulling manifest [K
pulling 2bada8a74506:  47% ▕████████          ▏ 2.2 GB/4.7 GB   20 MB/s    2m1s[K[?25h[?2026l[?2026h[?25l[A[1Gpulling manifest [K
pulling 2bada8a74506:  47% ▕████████          ▏ 2.2 GB/4.7 GB   20 MB/s    2m1s[K[?25h[?2026l[?2026h[?25l[A[1Gpulling manifest [K
pulling 2bada8a74506:  47% ▕████████          ▏ 2.2 GB/4.7 GB   20 MB/s    2m1s[K[?25h[?2026l[?2026h[?25l[A[1Gpulling manifest [K
pulling 2bada8a74506:  47% ▕████████          ▏ 2.2 GB/4.7 GB   20 MB/s    2m1s[K[?25h[?2026l[?2026h[?25l[A[1Gpulling manifest [K
pulling 2bada8a74506:  47% ▕████████          ▏ 2.2 GB/4.7 GB   20 MB/s    2m1s[K[?25h[?2026l[?2026h[?25l[A[1Gpulling manifest [K
pulling 2bada8a74506:  48% ▕████████          ▏ 2.2 GB/4.7 GB   20 MB/s    2m1s[K[?25h[?2026l[?2026h[?25l[A[1Gpulling manifest [K
pulling 2bada8a74506:  48% ▕████████          ▏ 2.2 GB/4.7 GB   20 MB/s    2m1s[K[?25h[?2026l[?2026h[?25l[A[1Gpulling manifest [K
pulling 2bada8a74506:  48% ▕████████          ▏ 2.2 GB/4.7 GB   20 MB/s    2m1s[K[?25h[?2026l[?2026h[?25l[A[1Gpulling manifest [K
pulling 2bada8a74506:  48% ▕████████          ▏ 2.2 GB/4.7 GB   20 MB/s    2m1s[K[?25h[?2026l[?2026h[?25l[A[1Gpulling manifest [K
pulling 2bada8a74506:  48% ▕████████          ▏ 2.2 GB/4.7 GB   20 MB/s    2m1s[K[?25h[?2026l[?2026h[?25l[A[1Gpulling manifest [K
pulling 2bada8a74506:  48% ▕████████          ▏ 2.2 GB/4.7 GB   20 MB/s    2m1s[K[?25h[?2026l[?2026h[?25l[A[1Gpulling manifest [K
pulling 2bada8a74506:  48% ▕████████          ▏ 2.2 GB/4.7 GB   20 MB/s    2m1s[K[?25h[?2026l[?2026h[?25l[A[1Gpulling manifest [K
pulling 2bada8a74506:  48% ▕████████          ▏ 2.2 GB/4.7 GB   20 MB/s    2m1s[K[?25h[?2026l[?2026h[?25l[A[1Gpulling manifest [K
pulling 2bada8a74506:  48% ▕████████          ▏ 2.2 GB/4.7 GB   20 MB/s    2m1s[K[?25h[?2026l[?2026h[?25l[A[1Gpulling manifest [K
pulling 2bada8a74506:  48% ▕████████          ▏ 2.2 GB/4.7 GB   20 MB/s    2m1s[K[?25h[?2026l[?2026h[?25l[A[1Gpulling manifest [K
pulling 2bada8a74506:  48% ▕████████          ▏ 2.2 GB/4.7 GB   20 MB/s    2m1s[K[?25h[?2026l[?2026h[?25l[A[1Gpulling manifest [K
pulling 2bada8a74506:  48% ▕████████          ▏ 2.2 GB/4.7 GB   20 MB/s    2m1s[K[?25h[?2026l[?2026h[?25l[A[1Gpulling manifest [K
pulling 2bada8a74506:  48% ▕████████          ▏ 2.2 GB/4.7 GB   20 MB/s    2m1s[K[?25h[?2026l[?2026h[?25l[A[1Gpulling manifest [K
pulling 2bada8a74506:  48% ▕████████          ▏ 2.3 GB/4.7 GB   20 MB/s    2m1s[K[?25h[?2026l[?2026h[?25l[A[1Gpulling manifest [K
pulling 2bada8a74506:  48% ▕████████          ▏ 2.3 GB/4.7 GB   20 MB/s    2m1s[K[?25h[?2026l[?2026h[?25l[A[1Gpulling manifest [K
pulling 2bada8a74506:  48% ▕████████          ▏ 2.3 GB/4.7 GB   20 MB/s    2m1s[K[?25h[?2026l[?2026h[?25l[A[1Gpulling manifest [K
pulling 2bada8a74506:  48% ▕████████          ▏ 2.3 GB/4.7 GB   20 MB/s    2m1s[K[?25h[?2026l[?2026h[?25l[A[1Gpulling manifest [K
pulling 2bada8a74506:  48% ▕████████          ▏ 2.3 GB/4.7 GB   20 MB/s    2m1s[K[?25h[?2026l[?2026h[?25l[A[1Gpulling manifest [K
pulling 2bada8a74506:  48% ▕████████          ▏ 2.3 GB/4.7 GB   20 MB/s    2m0s[K[?25h[?2026l[?2026h[?25l[A[1Gpulling manifest [K
pulling 2bada8a74506:  48% ▕████████          ▏ 2.3 GB/4.7 GB   20 MB/s    2m0s[K[?25h[?2026l[?2026h[?25l[A[1Gpulling manifest [K
pulling 2bada8a74506:  48% ▕████████          ▏ 2.3 GB/4.7 GB   20 MB/s    2m0s[K[?25h[?2026l[?2026h[?25l[A[1Gpulling manifest [K
pulling 2bada8a74506:  48% ▕████████          ▏ 2.3 GB/4.7 GB   20 MB/s    2m0s[K[?25h[?2026l[?2026h[?25l[A[1Gpulling manifest [K
pulling 2bada8a74506:  48% ▕████████          ▏ 2.3 GB/4.7 GB   20 MB/s    2m0s[K[?25h[?2026l[?2026h[?25l[A[1Gpulling manifest [K
pulling 2bada8a74506:  48% ▕████████          ▏ 2.3 GB/4.7 GB   19 MB/s    2m2s[K[?25h[?2026l[?2026h[?25l[A[1Gpulling manifest [K
pulling 2bada8a74506:  49% ▕████████          ▏ 2.3 GB/4.7 GB   19 MB/s    2m1s[K[?25h[?2026l[?2026h[?25l[A[1Gpulling manifest [K
pulling 2bada8a74506:  49% ▕████████          ▏ 2.3 GB/4.7 GB   19 MB/s    2m1s[K[?25h[?2026l[?2026h[?25l[A[1Gpulling manifest [K
pulling 2bada8a74506:  49% ▕████████          ▏ 2.3 GB/4.7 GB   19 MB/s    2m1s[K[?25h[?2026l[?2026h[?25l[A[1Gpulling manifest [K
pulling 2bada8a74506:  49% ▕████████          ▏ 2.3 GB/4.7 GB   19 MB/s    2m1s[K[?25h[?2026l[?2026h[?25l[A[1Gpulling manifest [K
pulling 2bada8a74506:  49% ▕████████          ▏ 2.3 GB/4.7 GB   19 MB/s    2m1s[K[?25h[?2026l[?2026h[?25l[A[1Gpulling manifest [K
pulling 2bada8a74506:  49% ▕████████          ▏ 2.3 GB/4.7 GB   19 MB/s    2m1s[K[?25h[?2026l[?2026h[?25l[A[1Gpulling manifest [K
pulling 2bada8a74506:  49% ▕████████          ▏ 2.3 GB/4.7 GB   19 MB/s    2m1s[K[?25h[?2026l[?2026h[?25l[A[1Gpulling manifest [K
pulling 2bada8a74506:  49% ▕████████          ▏ 2.3 GB/4.7 GB   19 MB/s    2m1s[K[?25h[?2026l[?2026h[?25l[A[1Gpulling manifest [K
pulling 2bada8a74506:  49% ▕████████          ▏ 2.3 GB/4.7 GB   19 MB/s    2m1s[K[?25h[?2026l[?2026h[?25l[A[1Gpulling manifest [K
pulling 2bada8a74506:  49% ▕████████          ▏ 2.3 GB/4.7 GB   19 MB/s    2m1s[K[?25h[?2026l[?2026h[?25l[A[1Gpulling manifest [K
pulling 2bada8a74506:  49% ▕████████          ▏ 2.3 GB/4.7 GB   19 MB/s    2m1s[K[?25h[?2026l[?2026h[?25l[A[1Gpulling manifest [K
pulling 2bada8a74506:  49% ▕████████          ▏ 2.3 GB/4.7 GB   19 MB/s    2m0s[K[?25h[?2026l[?2026h[?25l[A[1Gpulling manifest [K
pulling 2bada8a74506:  49% ▕████████          ▏ 2.3 GB/4.7 GB   19 MB/s    2m0s[K[?25h[?2026l[?2026h[?25l[A[1Gpulling manifest [K
pulling 2bada8a74506:  49% ▕████████          ▏ 2.3 GB/4.7 GB   19 MB/s    2m0s[K[?25h[?2026l[?2026h[?25l[A[1Gpulling manifest [K
pulling 2bada8a74506:  49% ▕████████          ▏ 2.3 GB/4.7 GB   19 MB/s    2m0s[K[?25h[?2026l[?2026h[?25l[A[1Gpulling manifest [K
pulling 2bada8a74506:  49% ▕████████          ▏ 2.3 GB/4.7 GB   19 MB/s    2m0s[K[?25h[?2026l[?2026h[?25l[A[1Gpulling manifest [K
pulling 2bada8a74506:  49% ▕████████          ▏ 2.3 GB/4.7 GB   19 MB/s    2m0s[K[?25h[?2026l[?2026h[?25l[A[1Gpulling manifest [K
pulling 2bada8a74506:  49% ▕████████          ▏ 2.3 GB/4.7 GB   19 MB/s    2m0s[K[?25h[?2026l[?2026h[?25l[A[1Gpulling manifest [K
pulling 2bada8a74506:  49% ▕████████          ▏ 2.3 GB/4.7 GB   19 MB/s    2m0s[K[?25h[?2026l[?2026h[?25l[A[1Gpulling manifest [K
pulling 2bada8a74506:  49% ▕████████          ▏ 2.3 GB/4.7 GB   19 MB/s   1m59s[K[?25h[?2026l[?2026h[?25l[A[1Gpulling manifest [K
pulling 2bada8a74506:  49% ▕████████          ▏ 2.3 GB/4.7 GB   19 MB/s   1m59s[K[?25h[?2026l[?2026h[?25l[A[1Gpulling manifest [K
pulling 2bada8a74506:  49% ▕████████          ▏ 2.3 GB/4.7 GB   19 MB/s   1m59s[K[?25h[?2026l[?2026h[?25l[A[1Gpulling manifest [K
pulling 2bada8a74506:  49% ▕████████          ▏ 2.3 GB/4.7 GB   19 MB/s   1m59s[K[?25h[?2026l[?2026h[?25l[A[1Gpulling manifest [K
pulling 2bada8a74506:  49% ▕████████          ▏ 2.3 GB/4.7 GB   19 MB/s   1m59s[K[?25h[?2026l[?2026h[?25l[A[1Gpulling manifest [K
pulling 2bada8a74506:  50% ▕████████          ▏ 2.3 GB/4.7 GB   19 MB/s   1m58s[K[?25h[?2026l[?2026h[?25l[A[1Gpulling manifest [K
pulling 2bada8a74506:  50% ▕████████          ▏ 2.3 GB/4.7 GB   19 MB/s   1m58s[K[?25h[?2026l[?2026h[?25l[A[1Gpulling manifest [K
pulling 2bada8a74506:  50% ▕████████          ▏ 2.3 GB/4.7 GB   19 MB/s   1m58s[K[?25h[?2026l[?2026h[?25l[A[1Gpulling manifest [K
pulling 2bada8a74506:  50% ▕████████          ▏ 2.3 GB/4.7 GB   19 MB/s   1m58s[K[?25h[?2026l[?2026h[?25l[A[1Gpulling manifest [K
pulling 2bada8a74506:  50% ▕████████          ▏ 2.3 GB/4.7 GB   19 MB/s   1m58s[K[?25h[?2026l[?2026h[?25l[A[1Gpulling manifest [K
pulling 2bada8a74506:  50% ▕████████          ▏ 2.3 GB/4.7 GB   19 MB/s   1m58s[K[?25h[?2026l[?2026h[?25l[A[1Gpulling manifest [K
pulling 2bada8a74506:  50% ▕████████          ▏ 2.3 GB/4.7 GB   19 MB/s   1m58s[K[?25h[?2026l[?2026h[?25l[A[1Gpulling manifest [K
pulling 2bada8a74506:  50% ▕████████          ▏ 2.3 GB/4.7 GB   19 MB/s   1m58s[K[?25h[?2026l[?2026h[?25l[A[1Gpulling manifest [K
pulling 2bada8a74506:  50% ▕████████          ▏ 2.3 GB/4.7 GB   19 MB/s   1m58s[K[?25h[?2026l[?2026h[?25l[A[1Gpulling manifest [K
pulling 2bada8a74506:  50% ▕████████          ▏ 2.3 GB/4.7 GB   19 MB/s   1m58s[K[?25h[?2026l[?2026h[?25l[A[1Gpulling manifest [K
pulling 2bada8a74506:  50% ▕████████          ▏ 2.3 GB/4.7 GB   19 MB/s   1m58s[K[?25h[?2026l[?2026h[?25l[A[1Gpulling manifest [K
pulling 2bada8a74506:  50% ▕████████          ▏ 2.3 GB/4.7 GB   19 MB/s   1m58s[K[?25h[?2026l[?2026h[?25l[A[1Gpulling manifest [K
pulling 2bada8a74506:  50% ▕█████████         ▏ 2.3 GB/4.7 GB   19 MB/s   1m58s[K[?25h[?2026l[?2026h[?25l[A[1Gpulling manifest [K
pulling 2bada8a74506:  50% ▕█████████         ▏ 2.3 GB/4.7 GB   19 MB/s   1m57s[K[?25h[?2026l[?2026h[?25l[A[1Gpulling manifest [K
pulling 2bada8a74506:  50% ▕█████████         ▏ 2.3 GB/4.7 GB   19 MB/s   1m57s[K[?25h[?2026l[?2026h[?25l[A[1Gpulling manifest [K
pulling 2bada8a74506:  50% ▕█████████         ▏ 2.3 GB/4.7 GB   19 MB/s   1m57s[K[?25h[?2026l[?2026h[?25l[A[1Gpulling manifest [K
pulling 2bada8a74506:  50% ▕█████████         ▏ 2.4 GB/4.7 GB   19 MB/s   1m57s[K[?25h[?2026l[?2026h[?25l[A[1Gpulling manifest [K
pulling 2bada8a74506:  50% ▕█████████         ▏ 2.4 GB/4.7 GB   19 MB/s   1m57s[K[?25h[?2026l[?2026h[?25l[A[1Gpulling manifest [K
pulling 2bada8a74506:  50% ▕█████████         ▏ 2.4 GB/4.7 GB   19 MB/s   1m57s[K[?25h[?2026l[?2026h[?25l[A[1Gpulling manifest [K
pulling 2bada8a74506:  50% ▕█████████         ▏ 2.4 GB/4.7 GB   19 MB/s   1m57s[K[?25h[?2026l[?2026h[?25l[A[1Gpulling manifest [K
pulling 2bada8a74506:  50% ▕█████████         ▏ 2.4 GB/4.7 GB   19 MB/s   1m57s[K[?25h[?2026l[?2026h[?25l[A[1Gpulling manifest [K
pulling 2bada8a74506:  50% ▕█████████         ▏ 2.4 GB/4.7 GB   19 MB/s   1m57s[K[?25h[?2026l[?2026h[?25l[A[1Gpulling manifest [K
pulling 2bada8a74506:  50% ▕█████████         ▏ 2.4 GB/4.7 GB   19 MB/s   1m57s[K[?25h[?2026l[?2026h[?25l[A[1Gpulling manifest [K
pulling 2bada8a74506:  51% ▕█████████         ▏ 2.4 GB/4.7 GB   19 MB/s   1m57s[K[?25h[?2026l[?2026h[?25l[A[1Gpulling manifest [K
pulling 2bada8a74506:  51% ▕█████████         ▏ 2.4 GB/4.7 GB   19 MB/s   1m57s[K[?25h[?2026l[?2026h[?25l[A[1Gpulling manifest [K
pulling 2bada8a74506:  51% ▕█████████         ▏ 2.4 GB/4.7 GB   19 MB/s   1m56s[K[?25h[?2026l[?2026h[?25l[A[1Gpulling manifest [K
pulling 2bada8a74506:  51% ▕█████████         ▏ 2.4 GB/4.7 GB   20 MB/s   1m55s[K[?25h[?2026l[?2026h[?25l[A[1Gpulling manifest [K
pulling 2bada8a74506:  51% ▕█████████         ▏ 2.4 GB/4.7 GB   20 MB/s   1m55s[K[?25h[?2026l[?2026h[?25l[A[1Gpulling manifest [K
pulling 2bada8a74506:  51% ▕█████████         ▏ 2.4 GB/4.7 GB   20 MB/s   1m55s[K[?25h[?2026l[?2026h[?25l[A[1Gpulling manifest [K
pulling 2bada8a74506:  51% ▕█████████         ▏ 2.4 GB/4.7 GB   20 MB/s   1m55s[K[?25h[?2026l[?2026h[?25l[A[1Gpulling manifest [K
pulling 2bada8a74506:  51% ▕█████████         ▏ 2.4 GB/4.7 GB   20 MB/s   1m55s[K[?25h[?2026l[?2026h[?25l[A[1Gpulling manifest [K
pulling 2bada8a74506:  51% ▕█████████         ▏ 2.4 GB/4.7 GB   20 MB/s   1m55s[K[?25h[?2026l[?2026h[?25l[A[1Gpulling manifest [K
pulling 2bada8a74506:  51% ▕█████████         ▏ 2.4 GB/4.7 GB   20 MB/s   1m54s[K[?25h[?2026l[?2026h[?25l[A[1Gpulling manifest [K
pulling 2bada8a74506:  51% ▕█████████         ▏ 2.4 GB/4.7 GB   20 MB/s   1m54s[K[?25h[?2026l[?2026h[?25l[A[1Gpulling manifest [K
pulling 2bada8a74506:  51% ▕█████████         ▏ 2.4 GB/4.7 GB   20 MB/s   1m54s[K[?25h[?2026l[?2026h[?25l[A[1Gpulling manifest [K
pulling 2bada8a74506:  51% ▕█████████         ▏ 2.4 GB/4.7 GB   20 MB/s   1m54s[K[?25h[?2026l[?2026h[?25l[A[1Gpulling manifest [K
pulling 2bada8a74506:  51% ▕█████████         ▏ 2.4 GB/4.7 GB   20 MB/s   1m53s[K[?25h[?2026l[?2026h[?25l[A[1Gpulling manifest [K
pulling 2bada8a74506:  51% ▕█████████         ▏ 2.4 GB/4.7 GB   20 MB/s   1m52s[K[?25h[?2026l[?2026h[?25l[A[1Gpulling manifest [K
pulling 2bada8a74506:  51% ▕█████████         ▏ 2.4 GB/4.7 GB   20 MB/s   1m52s[K[?25h[?2026l[?2026h[?25l[A[1Gpulling manifest [K
pulling 2bada8a74506:  51% ▕█████████         ▏ 2.4 GB/4.7 GB   20 MB/s   1m52s[K[?25h[?2026l[?2026h[?25l[A[1Gpulling manifest [K
pulling 2bada8a74506:  51% ▕█████████         ▏ 2.4 GB/4.7 GB   20 MB/s   1m52s[K[?25h[?2026l[?2026h[?25l[A[1Gpulling manifest [K
pulling 2bada8a74506:  51% ▕█████████         ▏ 2.4 GB/4.7 GB   20 MB/s   1m52s[K[?25h[?2026l[?2026h[?25l[A[1Gpulling manifest [K
pulling 2bada8a74506:  51% ▕█████████         ▏ 2.4 GB/4.7 GB   20 MB/s   1m52s[K[?25h[?2026l[?2026h[?25l[A[1Gpulling manifest [K
pulling 2bada8a74506:  51% ▕█████████         ▏ 2.4 GB/4.7 GB   20 MB/s   1m52s[K[?25h[?2026l[?2026h[?25l[A[1Gpulling manifest [K
pulling 2bada8a74506:  51% ▕█████████         ▏ 2.4 GB/4.7 GB   20 MB/s   1m52s[K[?25h[?2026l[?2026h[?25l[A[1Gpulling manifest [K
pulling 2bada8a74506:  51% ▕█████████         ▏ 2.4 GB/4.7 GB   20 MB/s   1m52s[K[?25h[?2026l[?2026h[?25l[A[1Gpulling manifest [K
pulling 2bada8a74506:  51% ▕█████████         ▏ 2.4 GB/4.7 GB   19 MB/s   1m53s[K[?25h[?2026l[?2026h[?25l[A[1Gpulling manifest [K
pulling 2bada8a74506:  51% ▕█████████         ▏ 2.4 GB/4.7 GB   19 MB/s   1m53s[K[?25h[?2026l[?2026h[?25l[A[1Gpulling manifest [K
pulling 2bada8a74506:  52% ▕█████████         ▏ 2.4 GB/4.7 GB   19 MB/s   1m53s[K[?25h[?2026l[?2026h[?25l[A[1Gpulling manifest [K
pulling 2bada8a74506:  52% ▕█████████         ▏ 2.4 GB/4.7 GB   19 MB/s   1m53s[K[?25h[?2026l[?2026h[?25l[A[1Gpulling manifest [K
pulling 2bada8a74506:  52% ▕█████████         ▏ 2.4 GB/4.7 GB   19 MB/s   1m53s[K[?25h[?2026l[?2026h[?25l[A[1Gpulling manifest [K
pulling 2bada8a74506:  52% ▕█████████         ▏ 2.4 GB/4.7 GB   19 MB/s   1m53s[K[?25h[?2026l[?2026h[?25l[A[1Gpulling manifest [K
pulling 2bada8a74506:  52% ▕█████████         ▏ 2.4 GB/4.7 GB   19 MB/s   1m53s[K[?25h[?2026l[?2026h[?25l[A[1Gpulling manifest [K
pulling 2bada8a74506:  52% ▕█████████         ▏ 2.4 GB/4.7 GB   19 MB/s   1m53s[K[?25h[?2026l[?2026h[?25l[A[1Gpulling manifest [K
pulling 2bada8a74506:  52% ▕█████████         ▏ 2.4 GB/4.7 GB   19 MB/s   1m53s[K[?25h[?2026l[?2026h[?25l[A[1Gpulling manifest [K
pulling 2bada8a74506:  52% ▕█████████         ▏ 2.4 GB/4.7 GB   19 MB/s   1m53s[K[?25h[?2026l[?2026h[?25l[A[1Gpulling manifest [K
pulling 2bada8a74506:  52% ▕█████████         ▏ 2.4 GB/4.7 GB   20 MB/s   1m52s[K[?25h[?2026l[?2026h[?25l[A[1Gpulling manifest [K
pulling 2bada8a74506:  52% ▕█████████         ▏ 2.4 GB/4.7 GB   20 MB/s   1m52s[K[?25h[?2026l[?2026h[?25l[A[1Gpulling manifest [K
pulling 2bada8a74506:  52% ▕█████████         ▏ 2.4 GB/4.7 GB   20 MB/s   1m52s[K[?25h[?2026l[?2026h[?25l[A[1Gpulling manifest [K
pulling 2bada8a74506:  52% ▕█████████         ▏ 2.4 GB/4.7 GB   20 MB/s   1m52s[K[?25h[?2026l[?2026h[?25l[A[1Gpulling manifest [K
pulling 2bada8a74506:  52% ▕█████████         ▏ 2.4 GB/4.7 GB   20 MB/s   1m52s[K[?25h[?2026l[?2026h[?25l[A[1Gpulling manifest [K
pulling 2bada8a74506:  52% ▕█████████         ▏ 2.4 GB/4.7 GB   20 MB/s   1m52s[K[?25h[?2026l[?2026h[?25l[A[1Gpulling manifest [K
pulling 2bada8a74506:  52% ▕█████████         ▏ 2.4 GB/4.7 GB   20 MB/s   1m51s[K[?25h[?2026l[?2026h[?25l[A[1Gpulling manifest [K
pulling 2bada8a74506:  52% ▕█████████         ▏ 2.4 GB/4.7 GB   20 MB/s   1m51s[K[?25h[?2026l[?2026h[?25l[A[1Gpulling manifest [K
pulling 2bada8a74506:  52% ▕█████████         ▏ 2.4 GB/4.7 GB   20 MB/s   1m51s[K[?25h[?2026l[?2026h[?25l[A[1Gpulling manifest [K
pulling 2bada8a74506:  52% ▕█████████         ▏ 2.4 GB/4.7 GB   20 MB/s   1m51s[K[?25h[?2026l[?2026h[?25l[A[1Gpulling manifest [K
pulling 2bada8a74506:  52% ▕█████████         ▏ 2.4 GB/4.7 GB   20 MB/s   1m50s[K[?25h[?2026l[?2026h[?25l[A[1Gpulling manifest [K
pulling 2bada8a74506:  52% ▕█████████         ▏ 2.4 GB/4.7 GB   20 MB/s   1m50s[K[?25h[?2026l[?2026h[?25l[A[1Gpulling manifest [K
pulling 2bada8a74506:  52% ▕█████████         ▏ 2.5 GB/4.7 GB   20 MB/s   1m50s[K[?25h[?2026l[?2026h[?25l[A[1Gpulling manifest [K
pulling 2bada8a74506:  52% ▕█████████         ▏ 2.5 GB/4.7 GB   20 MB/s   1m50s[K[?25h[?2026l[?2026h[?25l[A[1Gpulling manifest [K
pulling 2bada8a74506:  52% ▕█████████         ▏ 2.5 GB/4.7 GB   20 MB/s   1m50s[K[?25h[?2026l[?2026h[?25l[A[1Gpulling manifest [K
pulling 2bada8a74506:  52% ▕█████████         ▏ 2.5 GB/4.7 GB   20 MB/s   1m50s[K[?25h[?2026l[?2026h[?25l[A[1Gpulling manifest [K
pulling 2bada8a74506:  53% ▕█████████         ▏ 2.5 GB/4.7 GB   20 MB/s   1m50s[K[?25h[?2026l[?2026h[?25l[A[1Gpulling manifest [K
pulling 2bada8a74506:  53% ▕█████████         ▏ 2.5 GB/4.7 GB   20 MB/s   1m50s[K[?25h[?2026l[?2026h[?25l[A[1Gpulling manifest [K
pulling 2bada8a74506:  53% ▕█████████         ▏ 2.5 GB/4.7 GB   20 MB/s   1m49s[K[?25h[?2026l[?2026h[?25l[A[1Gpulling manifest [K
pulling 2bada8a74506:  53% ▕█████████         ▏ 2.5 GB/4.7 GB   20 MB/s   1m49s[K[?25h[?2026l[?2026h[?25l[A[1Gpulling manifest [K
pulling 2bada8a74506:  53% ▕█████████         ▏ 2.5 GB/4.7 GB   20 MB/s   1m49s[K[?25h[?2026l[?2026h[?25l[A[1Gpulling manifest [K
pulling 2bada8a74506:  53% ▕█████████         ▏ 2.5 GB/4.7 GB   20 MB/s   1m49s[K[?25h[?2026l[?2026h[?25l[A[1Gpulling manifest [K
pulling 2bada8a74506:  53% ▕█████████         ▏ 2.5 GB/4.7 GB   20 MB/s   1m49s[K[?25h[?2026l[?2026h[?25l[A[1Gpulling manifest [K
pulling 2bada8a74506:  53% ▕█████████         ▏ 2.5 GB/4.7 GB   20 MB/s   1m49s[K[?25h[?2026l[?2026h[?25l[A[1Gpulling manifest [K
pulling 2bada8a74506:  53% ▕█████████         ▏ 2.5 GB/4.7 GB   20 MB/s   1m49s[K[?25h[?2026l[?2026h[?25l[A[1Gpulling manifest [K
pulling 2bada8a74506:  53% ▕█████████         ▏ 2.5 GB/4.7 GB   20 MB/s   1m49s[K[?25h[?2026l[?2026h[?25l[A[1Gpulling manifest [K
pulling 2bada8a74506:  53% ▕█████████         ▏ 2.5 GB/4.7 GB   20 MB/s   1m49s[K[?25h[?2026l[?2026h[?25l[A[1Gpulling manifest [K
pulling 2bada8a74506:  53% ▕█████████         ▏ 2.5 GB/4.7 GB   20 MB/s   1m49s[K[?25h[?2026l[?2026h[?25l[A[1Gpulling manifest [K
pulling 2bada8a74506:  53% ▕█████████         ▏ 2.5 GB/4.7 GB   20 MB/s   1m49s[K[?25h[?2026l[?2026h[?25l[A[1Gpulling manifest [K
pulling 2bada8a74506:  53% ▕█████████         ▏ 2.5 GB/4.7 GB   20 MB/s   1m48s[K[?25h[?2026l[?2026h[?25l[A[1Gpulling manifest [K
pulling 2bada8a74506:  53% ▕█████████         ▏ 2.5 GB/4.7 GB   20 MB/s   1m48s[K[?25h[?2026l[?2026h[?25l[A[1Gpulling manifest [K
pulling 2bada8a74506:  53% ▕█████████         ▏ 2.5 GB/4.7 GB   20 MB/s   1m49s[K[?25h[?2026l[?2026h[?25l[A[1Gpulling manifest [K
pulling 2bada8a74506:  53% ▕█████████         ▏ 2.5 GB/4.7 GB   20 MB/s   1m48s[K[?25h[?2026l[?2026h[?25l[A[1Gpulling manifest [K
pulling 2bada8a74506:  53% ▕█████████         ▏ 2.5 GB/4.7 GB   20 MB/s   1m48s[K[?25h[?2026l[?2026h[?25l[A[1Gpulling manifest [K
pulling 2bada8a74506:  53% ▕█████████         ▏ 2.5 GB/4.7 GB   20 MB/s   1m48s[K[?25h[?2026l[?2026h[?25l[A[1Gpulling manifest [K
pulling 2bada8a74506:  53% ▕█████████         ▏ 2.5 GB/4.7 GB   20 MB/s   1m48s[K[?25h[?2026l[?2026h[?25l[A[1Gpulling manifest [K
pulling 2bada8a74506:  53% ▕█████████         ▏ 2.5 GB/4.7 GB   20 MB/s   1m48s[K[?25h[?2026l[?2026h[?25l[A[1Gpulling manifest [K
pulling 2bada8a74506:  53% ▕█████████         ▏ 2.5 GB/4.7 GB   20 MB/s   1m48s[K[?25h[?2026l[?2026h[?25l[A[1Gpulling manifest [K
pulling 2bada8a74506:  53% ▕█████████         ▏ 2.5 GB/4.7 GB   20 MB/s   1m48s[K[?25h[?2026l[?2026h[?25l[A[1Gpulling manifest [K
pulling 2bada8a74506:  53% ▕█████████         ▏ 2.5 GB/4.7 GB   20 MB/s   1m48s[K[?25h[?2026l[?2026h[?25l[A[1Gpulling manifest [K
pulling 2bada8a74506:  54% ▕█████████         ▏ 2.5 GB/4.7 GB   20 MB/s   1m48s[K[?25h[?2026l[?2026h[?25l[A[1Gpulling manifest [K
pulling 2bada8a74506:  54% ▕█████████         ▏ 2.5 GB/4.7 GB   20 MB/s   1m47s[K[?25h[?2026l[?2026h[?25l[A[1Gpulling manifest [K
pulling 2bada8a74506:  54% ▕█████████         ▏ 2.5 GB/4.7 GB   20 MB/s   1m47s[K[?25h[?2026l[?2026h[?25l[A[1Gpulling manifest [K
pulling 2bada8a74506:  54% ▕█████████         ▏ 2.5 GB/4.7 GB   20 MB/s   1m47s[K[?25h[?2026l[?2026h[?25l[A[1Gpulling manifest [K
pulling 2bada8a74506:  54% ▕█████████         ▏ 2.5 GB/4.7 GB   20 MB/s   1m47s[K[?25h[?2026l[?2026h[?25l[A[1Gpulling manifest [K
pulling 2bada8a74506:  54% ▕█████████         ▏ 2.5 GB/4.7 GB   20 MB/s   1m47s[K[?25h[?2026l[?2026h[?25l[A[1Gpulling manifest [K
pulling 2bada8a74506:  54% ▕█████████         ▏ 2.5 GB/4.7 GB   20 MB/s   1m47s[K[?25h[?2026l[?2026h[?25l[A[1Gpulling manifest [K
pulling 2bada8a74506:  54% ▕█████████         ▏ 2.5 GB/4.7 GB   20 MB/s   1m47s[K[?25h[?2026l[?2026h[?25l[A[1Gpulling manifest [K
pulling 2bada8a74506:  54% ▕█████████         ▏ 2.5 GB/4.7 GB   20 MB/s   1m47s[K[?25h[?2026l[?2026h[?25l[A[1Gpulling manifest [K
pulling 2bada8a74506:  54% ▕█████████         ▏ 2.5 GB/4.7 GB   20 MB/s   1m47s[K[?25h[?2026l[?2026h[?25l[A[1Gpulling manifest [K
pulling 2bada8a74506:  54% ▕█████████         ▏ 2.5 GB/4.7 GB   20 MB/s   1m46s[K[?25h[?2026l[?2026h[?25l[A[1Gpulling manifest [K
pulling 2bada8a74506:  54% ▕█████████         ▏ 2.5 GB/4.7 GB   20 MB/s   1m46s[K[?25h[?2026l[?2026h[?25l[A[1Gpulling manifest [K
pulling 2bada8a74506:  54% ▕█████████         ▏ 2.5 GB/4.7 GB   20 MB/s   1m46s[K[?25h[?2026l[?2026h[?25l[A[1Gpulling manifest [K
pulling 2bada8a74506:  54% ▕█████████         ▏ 2.5 GB/4.7 GB   20 MB/s   1m46s[K[?25h[?2026l[?2026h[?25l[A[1Gpulling manifest [K
pulling 2bada8a74506:  54% ▕█████████         ▏ 2.5 GB/4.7 GB   20 MB/s   1m46s[K[?25h[?2026l[?2026h[?25l[A[1Gpulling manifest [K
pulling 2bada8a74506:  54% ▕█████████         ▏ 2.5 GB/4.7 GB   20 MB/s   1m46s[K[?25h[?2026l[?2026h[?25l[A[1Gpulling manifest [K
pulling 2bada8a74506:  54% ▕█████████         ▏ 2.5 GB/4.7 GB   20 MB/s   1m46s[K[?25h[?2026l[?2026h[?25l[A[1Gpulling manifest [K
pulling 2bada8a74506:  54% ▕█████████         ▏ 2.5 GB/4.7 GB   20 MB/s   1m45s[K[?25h[?2026l[?2026h[?25l[A[1Gpulling manifest [K
pulling 2bada8a74506:  54% ▕█████████         ▏ 2.5 GB/4.7 GB   20 MB/s   1m45s[K[?25h[?2026l[?2026h[?25l[A[1Gpulling manifest [K
pulling 2bada8a74506:  54% ▕█████████         ▏ 2.5 GB/4.7 GB   20 MB/s   1m45s[K[?25h[?2026l[?2026h[?25l[A[1Gpulling manifest [K
pulling 2bada8a74506:  54% ▕█████████         ▏ 2.5 GB/4.7 GB   20 MB/s   1m45s[K[?25h[?2026l[?2026h[?25l[A[1Gpulling manifest [K
pulling 2bada8a74506:  54% ▕█████████         ▏ 2.5 GB/4.7 GB   20 MB/s   1m45s[K[?25h[?2026l[?2026h[?25l[A[1Gpulling manifest [K
pulling 2bada8a74506:  55% ▕█████████         ▏ 2.6 GB/4.7 GB   20 MB/s   1m46s[K[?25h[?2026l[?2026h[?25l[A[1Gpulling manifest [K
pulling 2bada8a74506:  55% ▕█████████         ▏ 2.6 GB/4.7 GB   20 MB/s   1m46s[K[?25h[?2026l[?2026h[?25l[A[1Gpulling manifest [K
pulling 2bada8a74506:  55% ▕█████████         ▏ 2.6 GB/4.7 GB   20 MB/s   1m46s[K[?25h[?2026l[?2026h[?25l[A[1Gpulling manifest [K
pulling 2bada8a74506:  55% ▕█████████         ▏ 2.6 GB/4.7 GB   20 MB/s   1m46s[K[?25h[?2026l[?2026h[?25l[A[1Gpulling manifest [K
pulling 2bada8a74506:  55% ▕█████████         ▏ 2.6 GB/4.7 GB   20 MB/s   1m46s[K[?25h[?2026l[?2026h[?25l[A[1Gpulling manifest [K
pulling 2bada8a74506:  55% ▕█████████         ▏ 2.6 GB/4.7 GB   20 MB/s   1m45s[K[?25h[?2026l[?2026h[?25l[A[1Gpulling manifest [K
pulling 2bada8a74506:  55% ▕█████████         ▏ 2.6 GB/4.7 GB   20 MB/s   1m45s[K[?25h[?2026l[?2026h[?25l[A[1Gpulling manifest [K
pulling 2bada8a74506:  55% ▕█████████         ▏ 2.6 GB/4.7 GB   20 MB/s   1m45s[K[?25h[?2026l[?2026h[?25l[A[1Gpulling manifest [K
pulling 2bada8a74506:  55% ▕█████████         ▏ 2.6 GB/4.7 GB   20 MB/s   1m45s[K[?25h[?2026l[?2026h[?25l[A[1Gpulling manifest [K
pulling 2bada8a74506:  55% ▕█████████         ▏ 2.6 GB/4.7 GB   20 MB/s   1m45s[K[?25h[?2026l[?2026h[?25l[A[1Gpulling manifest [K
pulling 2bada8a74506:  55% ▕█████████         ▏ 2.6 GB/4.7 GB   19 MB/s   1m46s[K[?25h[?2026l[?2026h[?25l[A[1Gpulling manifest [K
pulling 2bada8a74506:  55% ▕█████████         ▏ 2.6 GB/4.7 GB   19 MB/s   1m46s[K[?25h[?2026l[?2026h[?25l[A[1Gpulling manifest [K
pulling 2bada8a74506:  55% ▕█████████         ▏ 2.6 GB/4.7 GB   19 MB/s   1m46s[K[?25h[?2026l[?2026h[?25l[A[1Gpulling manifest [K
pulling 2bada8a74506:  55% ▕█████████         ▏ 2.6 GB/4.7 GB   19 MB/s   1m46s[K[?25h[?2026l[?2026h[?25l[A[1Gpulling manifest [K
pulling 2bada8a74506:  55% ▕█████████         ▏ 2.6 GB/4.7 GB   19 MB/s   1m46s[K[?25h[?2026l[?2026h[?25l[A[1Gpulling manifest [K
pulling 2bada8a74506:  55% ▕█████████         ▏ 2.6 GB/4.7 GB   19 MB/s   1m45s[K[?25h[?2026l[?2026h[?25l[A[1Gpulling manifest [K
pulling 2bada8a74506:  55% ▕█████████         ▏ 2.6 GB/4.7 GB   19 MB/s   1m45s[K[?25h[?2026l[?2026h[?25l[A[1Gpulling manifest [K
pulling 2bada8a74506:  55% ▕█████████         ▏ 2.6 GB/4.7 GB   19 MB/s   1m45s[K[?25h[?2026l[?2026h[?25l[A[1Gpulling manifest [K
pulling 2bada8a74506:  55% ▕█████████         ▏ 2.6 GB/4.7 GB   19 MB/s   1m45s[K[?25h[?2026l[?2026h[?25l[A[1Gpulling manifest [K
pulling 2bada8a74506:  55% ▕█████████         ▏ 2.6 GB/4.7 GB   19 MB/s   1m45s[K[?25h[?2026l[?2026h[?25l[A[1Gpulling manifest [K
pulling 2bada8a74506:  55% ▕█████████         ▏ 2.6 GB/4.7 GB   20 MB/s   1m43s[K[?25h[?2026l[?2026h[?25l[A[1Gpulling manifest [K
pulling 2bada8a74506:  55% ▕█████████         ▏ 2.6 GB/4.7 GB   20 MB/s   1m43s[K[?25h[?2026l[?2026h[?25l[A[1Gpulling manifest [K
pulling 2bada8a74506:  55% ▕█████████         ▏ 2.6 GB/4.7 GB   20 MB/s   1m43s[K[?25h[?2026l[?2026h[?25l[A[1Gpulling manifest [K
pulling 2bada8a74506:  55% ▕█████████         ▏ 2.6 GB/4.7 GB   20 MB/s   1m43s[K[?25h[?2026l[?2026h[?25l[A[1Gpulling manifest [K
pulling 2bada8a74506:  55% ▕█████████         ▏ 2.6 GB/4.7 GB   20 MB/s   1m43s[K[?25h[?2026l[?2026h[?25l[A[1Gpulling manifest [K
pulling 2bada8a74506:  56% ▕██████████        ▏ 2.6 GB/4.7 GB   20 MB/s   1m43s[K[?25h[?2026l[?2026h[?25l[A[1Gpulling manifest [K
pulling 2bada8a74506:  56% ▕██████████        ▏ 2.6 GB/4.7 GB   20 MB/s   1m43s[K[?25h[?2026l[?2026h[?25l[A[1Gpulling manifest [K
pulling 2bada8a74506:  56% ▕██████████        ▏ 2.6 GB/4.7 GB   20 MB/s   1m43s[K[?25h[?2026l[?2026h[?25l[A[1Gpulling manifest [K
pulling 2bada8a74506:  56% ▕██████████        ▏ 2.6 GB/4.7 GB   20 MB/s   1m42s[K[?25h[?2026l[?2026h[?25l[A[1Gpulling manifest [K
pulling 2bada8a74506:  56% ▕██████████        ▏ 2.6 GB/4.7 GB   20 MB/s   1m42s[K[?25h[?2026l[?2026h[?25l[A[1Gpulling manifest [K
pulling 2bada8a74506:  56% ▕██████████        ▏ 2.6 GB/4.7 GB   20 MB/s   1m43s[K[?25h[?2026l[?2026h[?25l[A[1Gpulling manifest [K
pulling 2bada8a74506:  56% ▕██████████        ▏ 2.6 GB/4.7 GB   20 MB/s   1m43s[K[?25h[?2026l[?2026h[?25l[A[1Gpulling manifest [K
pulling 2bada8a74506:  56% ▕██████████        ▏ 2.6 GB/4.7 GB   20 MB/s   1m43s[K[?25h[?2026l[?2026h[?25l[A[1Gpulling manifest [K
pulling 2bada8a74506:  56% ▕██████████        ▏ 2.6 GB/4.7 GB   20 MB/s   1m43s[K[?25h[?2026l[?2026h[?25l[A[1Gpulling manifest [K
pulling 2bada8a74506:  56% ▕██████████        ▏ 2.6 GB/4.7 GB   20 MB/s   1m43s[K[?25h[?2026l[?2026h[?25l[A[1Gpulling manifest [K
pulling 2bada8a74506:  56% ▕██████████        ▏ 2.6 GB/4.7 GB   20 MB/s   1m43s[K[?25h[?2026l[?2026h[?25l[A[1Gpulling manifest [K
pulling 2bada8a74506:  56% ▕██████████        ▏ 2.6 GB/4.7 GB   20 MB/s   1m43s[K[?25h[?2026l[?2026h[?25l[A[1Gpulling manifest [K
pulling 2bada8a74506:  56% ▕██████████        ▏ 2.6 GB/4.7 GB   20 MB/s   1m42s[K[?25h[?2026l[?2026h[?25l[A[1Gpulling manifest [K
pulling 2bada8a74506:  56% ▕██████████        ▏ 2.6 GB/4.7 GB   20 MB/s   1m42s[K[?25h[?2026l[?2026h[?25l[A[1Gpulling manifest [K
pulling 2bada8a74506:  56% ▕██████████        ▏ 2.6 GB/4.7 GB   20 MB/s   1m42s[K[?25h[?2026l[?2026h[?25l[A[1Gpulling manifest [K
pulling 2bada8a74506:  56% ▕██████████        ▏ 2.6 GB/4.7 GB   19 MB/s   1m43s[K[?25h[?2026l[?2026h[?25l[A[1Gpulling manifest [K
pulling 2bada8a74506:  56% ▕██████████        ▏ 2.6 GB/4.7 GB   19 MB/s   1m43s[K[?25h[?2026l[?2026h[?25l[A[1Gpulling manifest [K
pulling 2bada8a74506:  56% ▕██████████        ▏ 2.6 GB/4.7 GB   19 MB/s   1m43s[K[?25h[?2026l[?2026h[?25l[A[1Gpulling manifest [K
pulling 2bada8a74506:  56% ▕██████████        ▏ 2.6 GB/4.7 GB   19 MB/s   1m43s[K[?25h[?2026l[?2026h[?25l[A[1Gpulling manifest [K
pulling 2bada8a74506:  56% ▕██████████        ▏ 2.6 GB/4.7 GB   19 MB/s   1m42s[K[?25h[?2026l[?2026h[?25l[A[1Gpulling manifest [K
pulling 2bada8a74506:  56% ▕██████████        ▏ 2.6 GB/4.7 GB   19 MB/s   1m42s[K[?25h[?2026l[?2026h[?25l[A[1Gpulling manifest [K
pulling 2bada8a74506:  56% ▕██████████        ▏ 2.6 GB/4.7 GB   19 MB/s   1m42s[K[?25h[?2026l[?2026h[?25l[A[1Gpulling manifest [K
pulling 2bada8a74506:  56% ▕██████████        ▏ 2.6 GB/4.7 GB   19 MB/s   1m42s[K[?25h[?2026l[?2026h[?25l[A[1Gpulling manifest [K
pulling 2bada8a74506:  56% ▕██████████        ▏ 2.6 GB/4.7 GB   19 MB/s   1m42s[K[?25h[?2026l[?2026h[?25l[A[1Gpulling manifest [K
pulling 2bada8a74506:  56% ▕██████████        ▏ 2.6 GB/4.7 GB   19 MB/s   1m42s[K[?25h[?2026l[?2026h[?25l[A[1Gpulling manifest [K
pulling 2bada8a74506:  57% ▕██████████        ▏ 2.6 GB/4.7 GB   19 MB/s   1m42s[K[?25h[?2026l[?2026h[?25l[A[1Gpulling manifest [K
pulling 2bada8a74506:  57% ▕██████████        ▏ 2.6 GB/4.7 GB   19 MB/s   1m43s[K[?25h[?2026l[?2026h[?25l[A[1Gpulling manifest [K
pulling 2bada8a74506:  57% ▕██████████        ▏ 2.7 GB/4.7 GB   19 MB/s   1m43s[K[?25h[?2026l[?2026h[?25l[A[1Gpulling manifest [K
pulling 2bada8a74506:  57% ▕██████████        ▏ 2.7 GB/4.7 GB   19 MB/s   1m43s[K[?25h[?2026l[?2026h[?25l[A[1Gpulling manifest [K
pulling 2bada8a74506:  57% ▕██████████        ▏ 2.7 GB/4.7 GB   19 MB/s   1m42s[K[?25h[?2026l[?2026h[?25l[A[1Gpulling manifest [K
pulling 2bada8a74506:  57% ▕██████████        ▏ 2.7 GB/4.7 GB   19 MB/s   1m42s[K[?25h[?2026l[?2026h[?25l[A[1Gpulling manifest [K
pulling 2bada8a74506:  57% ▕██████████        ▏ 2.7 GB/4.7 GB   19 MB/s   1m42s[K[?25h[?2026l[?2026h[?25l[A[1Gpulling manifest [K
pulling 2bada8a74506:  57% ▕██████████        ▏ 2.7 GB/4.7 GB   19 MB/s   1m42s[K[?25h[?2026l[?2026h[?25l[A[1Gpulling manifest [K
pulling 2bada8a74506:  57% ▕██████████        ▏ 2.7 GB/4.7 GB   19 MB/s   1m42s[K[?25h[?2026l[?2026h[?25l[A[1Gpulling manifest [K
pulling 2bada8a74506:  57% ▕██████████        ▏ 2.7 GB/4.7 GB   19 MB/s   1m42s[K[?25h[?2026l[?2026h[?25l[A[1Gpulling manifest [K
pulling 2bada8a74506:  57% ▕██████████        ▏ 2.7 GB/4.7 GB   19 MB/s   1m42s[K[?25h[?2026l[?2026h[?25l[A[1Gpulling manifest [K
pulling 2bada8a74506:  57% ▕██████████        ▏ 2.7 GB/4.7 GB   19 MB/s   1m42s[K[?25h[?2026l[?2026h[?25l[A[1Gpulling manifest [K
pulling 2bada8a74506:  57% ▕██████████        ▏ 2.7 GB/4.7 GB   19 MB/s   1m42s[K[?25h[?2026l[?2026h[?25l[A[1Gpulling manifest [K
pulling 2bada8a74506:  57% ▕██████████        ▏ 2.7 GB/4.7 GB   19 MB/s   1m42s[K[?25h[?2026l[?2026h[?25l[A[1Gpulling manifest [K
pulling 2bada8a74506:  57% ▕██████████        ▏ 2.7 GB/4.7 GB   19 MB/s   1m41s[K[?25h[?2026l[?2026h[?25l[A[1Gpulling manifest [K
pulling 2bada8a74506:  57% ▕██████████        ▏ 2.7 GB/4.7 GB   19 MB/s   1m41s[K[?25h[?2026l[?2026h[?25l[A[1Gpulling manifest [K
pulling 2bada8a74506:  57% ▕██████████        ▏ 2.7 GB/4.7 GB   19 MB/s   1m41s[K[?25h[?2026l[?2026h[?25l[A[1Gpulling manifest [K
pulling 2bada8a74506:  57% ▕██████████        ▏ 2.7 GB/4.7 GB   19 MB/s   1m41s[K[?25h[?2026l[?2026h[?25l[A[1Gpulling manifest [K
pulling 2bada8a74506:  57% ▕██████████        ▏ 2.7 GB/4.7 GB   19 MB/s   1m41s[K[?25h[?2026l[?2026h[?25l[A[1Gpulling manifest [K
pulling 2bada8a74506:  57% ▕██████████        ▏ 2.7 GB/4.7 GB   19 MB/s   1m41s[K[?25h[?2026l[?2026h[?25l[A[1Gpulling manifest [K
pulling 2bada8a74506:  57% ▕██████████        ▏ 2.7 GB/4.7 GB   19 MB/s   1m41s[K[?25h[?2026l[?2026h[?25l[A[1Gpulling manifest [K
pulling 2bada8a74506:  57% ▕██████████        ▏ 2.7 GB/4.7 GB   19 MB/s   1m41s[K[?25h[?2026l[?2026h[?25l[A[1Gpulling manifest [K
pulling 2bada8a74506:  57% ▕██████████        ▏ 2.7 GB/4.7 GB   19 MB/s   1m41s[K[?25h[?2026l[?2026h[?25l[A[1Gpulling manifest [K
pulling 2bada8a74506:  58% ▕██████████        ▏ 2.7 GB/4.7 GB   19 MB/s   1m40s[K[?25h[?2026l[?2026h[?25l[A[1Gpulling manifest [K
pulling 2bada8a74506:  58% ▕██████████        ▏ 2.7 GB/4.7 GB   19 MB/s   1m40s[K[?25h[?2026l[?2026h[?25l[A[1Gpulling manifest [K
pulling 2bada8a74506:  58% ▕██████████        ▏ 2.7 GB/4.7 GB   19 MB/s   1m40s[K[?25h[?2026l[?2026h[?25l[A[1Gpulling manifest [K
pulling 2bada8a74506:  58% ▕██████████        ▏ 2.7 GB/4.7 GB   19 MB/s   1m40s[K[?25h[?2026l[?2026h[?25l[A[1Gpulling manifest [K
pulling 2bada8a74506:  58% ▕██████████        ▏ 2.7 GB/4.7 GB   19 MB/s   1m40s[K[?25h[?2026l[?2026h[?25l[A[1Gpulling manifest [K
pulling 2bada8a74506:  58% ▕██████████        ▏ 2.7 GB/4.7 GB   19 MB/s   1m40s[K[?25h[?2026l[?2026h[?25l[A[1Gpulling manifest [K
pulling 2bada8a74506:  58% ▕██████████        ▏ 2.7 GB/4.7 GB   19 MB/s   1m40s[K[?25h[?2026l[?2026h[?25l[A[1Gpulling manifest [K
pulling 2bada8a74506:  58% ▕██████████        ▏ 2.7 GB/4.7 GB   19 MB/s   1m40s[K[?25h[?2026l[?2026h[?25l[A[1Gpulling manifest [K
pulling 2bada8a74506:  58% ▕██████████        ▏ 2.7 GB/4.7 GB   19 MB/s   1m40s[K[?25h[?2026l[?2026h[?25l[A[1Gpulling manifest [K
pulling 2bada8a74506:  58% ▕██████████        ▏ 2.7 GB/4.7 GB   19 MB/s   1m40s[K[?25h[?2026l[?2026h[?25l[A[1Gpulling manifest [K
pulling 2bada8a74506:  58% ▕██████████        ▏ 2.7 GB/4.7 GB   19 MB/s   1m39s[K[?25h[?2026l[?2026h[?25l[A[1Gpulling manifest [K
pulling 2bada8a74506:  58% ▕██████████        ▏ 2.7 GB/4.7 GB   19 MB/s   1m39s[K[?25h[?2026l[?2026h[?25l[A[1Gpulling manifest [K
pulling 2bada8a74506:  58% ▕██████████        ▏ 2.7 GB/4.7 GB   19 MB/s   1m39s[K[?25h[?2026l[?2026h[?25l[A[1Gpulling manifest [K
pulling 2bada8a74506:  58% ▕██████████        ▏ 2.7 GB/4.7 GB   19 MB/s   1m39s[K[?25h[?2026l[?2026h[?25l[A[1Gpulling manifest [K
pulling 2bada8a74506:  58% ▕██████████        ▏ 2.7 GB/4.7 GB   19 MB/s   1m39s[K[?25h[?2026l[?2026h[?25l[A[1Gpulling manifest [K
pulling 2bada8a74506:  58% ▕██████████        ▏ 2.7 GB/4.7 GB   19 MB/s   1m39s[K[?25h[?2026l[?2026h[?25l[A[1Gpulling manifest [K
pulling 2bada8a74506:  58% ▕██████████        ▏ 2.7 GB/4.7 GB   19 MB/s   1m39s[K[?25h[?2026l[?2026h[?25l[A[1Gpulling manifest [K
pulling 2bada8a74506:  58% ▕██████████        ▏ 2.7 GB/4.7 GB   19 MB/s   1m39s[K[?25h[?2026l[?2026h[?25l[A[1Gpulling manifest [K
pulling 2bada8a74506:  58% ▕██████████        ▏ 2.7 GB/4.7 GB   19 MB/s   1m38s[K[?25h[?2026l[?2026h[?25l[A[1Gpulling manifest [K
pulling 2bada8a74506:  58% ▕██████████        ▏ 2.7 GB/4.7 GB   19 MB/s   1m38s[K[?25h[?2026l[?2026h[?25l[A[1Gpulling manifest [K
pulling 2bada8a74506:  58% ▕██████████        ▏ 2.7 GB/4.7 GB   19 MB/s   1m38s[K[?25h[?2026l[?2026h[?25l[A[1Gpulling manifest [K
pulling 2bada8a74506:  58% ▕██████████        ▏ 2.7 GB/4.7 GB   19 MB/s   1m37s[K[?25h[?2026l[?2026h[?25l[A[1Gpulling manifest [K
pulling 2bada8a74506:  58% ▕██████████        ▏ 2.7 GB/4.7 GB   19 MB/s   1m37s[K[?25h[?2026l[?2026h[?25l[A[1Gpulling manifest [K
pulling 2bada8a74506:  59% ▕██████████        ▏ 2.7 GB/4.7 GB   19 MB/s   1m37s[K[?25h[?2026l[?2026h[?25l[A[1Gpulling manifest [K
pulling 2bada8a74506:  59% ▕██████████        ▏ 2.7 GB/4.7 GB   19 MB/s   1m37s[K[?25h[?2026l[?2026h[?25l[A[1Gpulling manifest [K
pulling 2bada8a74506:  59% ▕██████████        ▏ 2.7 GB/4.7 GB   19 MB/s   1m37s[K[?25h[?2026l[?2026h[?25l[A[1Gpulling manifest [K
pulling 2bada8a74506:  59% ▕██████████        ▏ 2.7 GB/4.7 GB   19 MB/s   1m37s[K[?25h[?2026l[?2026h[?25l[A[1Gpulling manifest [K
pulling 2bada8a74506:  59% ▕██████████        ▏ 2.7 GB/4.7 GB   19 MB/s   1m37s[K[?25h[?2026l[?2026h[?25l[A[1Gpulling manifest [K
pulling 2bada8a74506:  59% ▕██████████        ▏ 2.8 GB/4.7 GB   19 MB/s   1m37s[K[?25h[?2026l[?2026h[?25l[A[1Gpulling manifest [K
pulling 2bada8a74506:  59% ▕██████████        ▏ 2.8 GB/4.7 GB   19 MB/s   1m36s[K[?25h[?2026l[?2026h[?25l[A[1Gpulling manifest [K
pulling 2bada8a74506:  59% ▕██████████        ▏ 2.8 GB/4.7 GB   19 MB/s   1m36s[K[?25h[?2026l[?2026h[?25l[A[1Gpulling manifest [K
pulling 2bada8a74506:  59% ▕██████████        ▏ 2.8 GB/4.7 GB   19 MB/s   1m36s[K[?25h[?2026l[?2026h[?25l[A[1Gpulling manifest [K
pulling 2bada8a74506:  59% ▕██████████        ▏ 2.8 GB/4.7 GB   19 MB/s   1m36s[K[?25h[?2026l[?2026h[?25l[A[1Gpulling manifest [K
pulling 2bada8a74506:  59% ▕██████████        ▏ 2.8 GB/4.7 GB   19 MB/s   1m36s[K[?25h[?2026l[?2026h[?25l[A[1Gpulling manifest [K
pulling 2bada8a74506:  59% ▕██████████        ▏ 2.8 GB/4.7 GB   19 MB/s   1m36s[K[?25h[?2026l[?2026h[?25l[A[1Gpulling manifest [K
pulling 2bada8a74506:  59% ▕██████████        ▏ 2.8 GB/4.7 GB   19 MB/s   1m36s[K[?25h[?2026l[?2026h[?25l[A[1Gpulling manifest [K
pulling 2bada8a74506:  59% ▕██████████        ▏ 2.8 GB/4.7 GB   19 MB/s   1m36s[K[?25h[?2026l[?2026h[?25l[A[1Gpulling manifest [K
pulling 2bada8a74506:  59% ▕██████████        ▏ 2.8 GB/4.7 GB   19 MB/s   1m36s[K[?25h[?2026l[?2026h[?25l[A[1Gpulling manifest [K
pulling 2bada8a74506:  59% ▕██████████        ▏ 2.8 GB/4.7 GB   19 MB/s   1m36s[K[?25h[?2026l[?2026h[?25l[A[1Gpulling manifest [K
pulling 2bada8a74506:  59% ▕██████████        ▏ 2.8 GB/4.7 GB   20 MB/s   1m34s[K[?25h[?2026l[?2026h[?25l[A[1Gpulling manifest [K
pulling 2bada8a74506:  59% ▕██████████        ▏ 2.8 GB/4.7 GB   20 MB/s   1m34s[K[?25h[?2026l[?2026h[?25l[A[1Gpulling manifest [K
pulling 2bada8a74506:  59% ▕██████████        ▏ 2.8 GB/4.7 GB   20 MB/s   1m34s[K[?25h[?2026l[?2026h[?25l[A[1Gpulling manifest [K
pulling 2bada8a74506:  59% ▕██████████        ▏ 2.8 GB/4.7 GB   20 MB/s   1m34s[K[?25h[?2026l[?2026h[?25l[A[1Gpulling manifest [K
pulling 2bada8a74506:  59% ▕██████████        ▏ 2.8 GB/4.7 GB   20 MB/s   1m34s[K[?25h[?2026l[?2026h[?25l[A[1Gpulling manifest [K
pulling 2bada8a74506:  59% ▕██████████        ▏ 2.8 GB/4.7 GB   20 MB/s   1m34s[K[?25h[?2026l[?2026h[?25l[A[1Gpulling manifest [K
pulling 2bada8a74506:  59% ▕██████████        ▏ 2.8 GB/4.7 GB   20 MB/s   1m34s[K[?25h[?2026l[?2026h[?25l[A[1Gpulling manifest [K
pulling 2bada8a74506:  60% ▕██████████        ▏ 2.8 GB/4.7 GB   20 MB/s   1m33s[K[?25h[?2026l[?2026h[?25l[A[1Gpulling manifest [K
pulling 2bada8a74506:  60% ▕██████████        ▏ 2.8 GB/4.7 GB   20 MB/s   1m33s[K[?25h[?2026l[?2026h[?25l[A[1Gpulling manifest [K
pulling 2bada8a74506:  60% ▕██████████        ▏ 2.8 GB/4.7 GB   20 MB/s   1m33s[K[?25h[?2026l[?2026h[?25l[A[1Gpulling manifest [K
pulling 2bada8a74506:  60% ▕██████████        ▏ 2.8 GB/4.7 GB   20 MB/s   1m32s[K[?25h[?2026l[?2026h[?25l[A[1Gpulling manifest [K
pulling 2bada8a74506:  60% ▕██████████        ▏ 2.8 GB/4.7 GB   20 MB/s   1m32s[K[?25h[?2026l[?2026h[?25l[A[1Gpulling manifest [K
pulling 2bada8a74506:  60% ▕██████████        ▏ 2.8 GB/4.7 GB   20 MB/s   1m32s[K[?25h[?2026l[?2026h[?25l[A[1Gpulling manifest [K
pulling 2bada8a74506:  60% ▕██████████        ▏ 2.8 GB/4.7 GB   20 MB/s   1m31s[K[?25h[?2026l[?2026h[?25l[A[1Gpulling manifest [K
pulling 2bada8a74506:  60% ▕██████████        ▏ 2.8 GB/4.7 GB   20 MB/s   1m31s[K[?25h[?2026l[?2026h[?25l[A[1Gpulling manifest [K
pulling 2bada8a74506:  60% ▕██████████        ▏ 2.8 GB/4.7 GB   20 MB/s   1m31s[K[?25h[?2026l[?2026h[?25l[A[1Gpulling manifest [K
pulling 2bada8a74506:  60% ▕██████████        ▏ 2.8 GB/4.7 GB   20 MB/s   1m31s[K[?25h[?2026l[?2026h[?25l[A[1Gpulling manifest [K
pulling 2bada8a74506:  60% ▕██████████        ▏ 2.8 GB/4.7 GB   20 MB/s   1m31s[K[?25h[?2026l[?2026h[?25l[A[1Gpulling manifest [K
pulling 2bada8a74506:  60% ▕██████████        ▏ 2.8 GB/4.7 GB   20 MB/s   1m31s[K[?25h[?2026l[?2026h[?25l[A[1Gpulling manifest [K
pulling 2bada8a74506:  60% ▕██████████        ▏ 2.8 GB/4.7 GB   20 MB/s   1m31s[K[?25h[?2026l[?2026h[?25l[A[1Gpulling manifest [K
pulling 2bada8a74506:  60% ▕██████████        ▏ 2.8 GB/4.7 GB   20 MB/s   1m31s[K[?25h[?2026l[?2026h[?25l[A[1Gpulling manifest [K
pulling 2bada8a74506:  60% ▕██████████        ▏ 2.8 GB/4.7 GB   20 MB/s   1m31s[K[?25h[?2026l[?2026h[?25l[A[1Gpulling manifest [K
pulling 2bada8a74506:  60% ▕██████████        ▏ 2.8 GB/4.7 GB   20 MB/s   1m31s[K[?25h[?2026l[?2026h[?25l[A[1Gpulling manifest [K
pulling 2bada8a74506:  60% ▕██████████        ▏ 2.8 GB/4.7 GB   20 MB/s   1m31s[K[?25h[?2026l[?2026h[?25l[A[1Gpulling manifest [K
pulling 2bada8a74506:  60% ▕██████████        ▏ 2.8 GB/4.7 GB   20 MB/s   1m31s[K[?25h[?2026l[?2026h[?25l[A[1Gpulling manifest [K
pulling 2bada8a74506:  60% ▕██████████        ▏ 2.8 GB/4.7 GB   20 MB/s   1m31s[K[?25h[?2026l[?2026h[?25l[A[1Gpulling manifest [K
pulling 2bada8a74506:  60% ▕██████████        ▏ 2.8 GB/4.7 GB   20 MB/s   1m31s[K[?25h[?2026l[?2026h[?25l[A[1Gpulling manifest [K
pulling 2bada8a74506:  60% ▕██████████        ▏ 2.8 GB/4.7 GB   20 MB/s   1m31s[K[?25h[?2026l[?2026h[?25l[A[1Gpulling manifest [K
pulling 2bada8a74506:  60% ▕██████████        ▏ 2.8 GB/4.7 GB   20 MB/s   1m30s[K[?25h[?2026l[?2026h[?25l[A[1Gpulling manifest [K
pulling 2bada8a74506:  60% ▕██████████        ▏ 2.8 GB/4.7 GB   20 MB/s   1m30s[K[?25h[?2026l[?2026h[?25l[A[1Gpulling manifest [K
pulling 2bada8a74506:  60% ▕██████████        ▏ 2.8 GB/4.7 GB   20 MB/s   1m30s[K[?25h[?2026l[?2026h[?25l[A[1Gpulling manifest [K
pulling 2bada8a74506:  60% ▕██████████        ▏ 2.8 GB/4.7 GB   20 MB/s   1m30s[K[?25h[?2026l[?2026h[?25l[A[1Gpulling manifest [K
pulling 2bada8a74506:  60% ▕██████████        ▏ 2.8 GB/4.7 GB   20 MB/s   1m30s[K[?25h[?2026l[?2026h[?25l[A[1Gpulling manifest [K
pulling 2bada8a74506:  61% ▕██████████        ▏ 2.8 GB/4.7 GB   20 MB/s   1m30s[K[?25h[?2026l[?2026h[?25l[A[1Gpulling manifest [K
pulling 2bada8a74506:  61% ▕██████████        ▏ 2.8 GB/4.7 GB   20 MB/s   1m30s[K[?25h[?2026l[?2026h[?25l[A[1Gpulling manifest [K
pulling 2bada8a74506:  61% ▕██████████        ▏ 2.8 GB/4.7 GB   20 MB/s   1m30s[K[?25h[?2026l[?2026h[?25l[A[1Gpulling manifest [K
pulling 2bada8a74506:  61% ▕██████████        ▏ 2.8 GB/4.7 GB   20 MB/s   1m30s[K[?25h[?2026l[?2026h[?25l[A[1Gpulling manifest [K
pulling 2bada8a74506:  61% ▕██████████        ▏ 2.8 GB/4.7 GB   20 MB/s   1m30s[K[?25h[?2026l[?2026h[?25l[A[1Gpulling manifest [K
pulling 2bada8a74506:  61% ▕██████████        ▏ 2.8 GB/4.7 GB   20 MB/s   1m30s[K[?25h[?2026l[?2026h[?25l[A[1Gpulling manifest [K
pulling 2bada8a74506:  61% ▕██████████        ▏ 2.8 GB/4.7 GB   20 MB/s   1m29s[K[?25h[?2026l[?2026h[?25l[A[1Gpulling manifest [K
pulling 2bada8a74506:  61% ▕██████████        ▏ 2.8 GB/4.7 GB   20 MB/s   1m29s[K[?25h[?2026l[?2026h[?25l[A[1Gpulling manifest [K
pulling 2bada8a74506:  61% ▕██████████        ▏ 2.9 GB/4.7 GB   20 MB/s   1m30s[K[?25h[?2026l[?2026h[?25l[A[1Gpulling manifest [K
pulling 2bada8a74506:  61% ▕██████████        ▏ 2.9 GB/4.7 GB   20 MB/s   1m30s[K[?25h[?2026l[?2026h[?25l[A[1Gpulling manifest [K
pulling 2bada8a74506:  61% ▕██████████        ▏ 2.9 GB/4.7 GB   20 MB/s   1m30s[K[?25h[?2026l[?2026h[?25l[A[1Gpulling manifest [K
pulling 2bada8a74506:  61% ▕██████████        ▏ 2.9 GB/4.7 GB   20 MB/s   1m29s[K[?25h[?2026l[?2026h[?25l[A[1Gpulling manifest [K
pulling 2bada8a74506:  61% ▕██████████        ▏ 2.9 GB/4.7 GB   20 MB/s   1m29s[K[?25h[?2026l[?2026h[?25l[A[1Gpulling manifest [K
pulling 2bada8a74506:  61% ▕██████████        ▏ 2.9 GB/4.7 GB   20 MB/s   1m29s[K[?25h[?2026l[?2026h[?25l[A[1Gpulling manifest [K
pulling 2bada8a74506:  61% ▕███████████       ▏ 2.9 GB/4.7 GB   20 MB/s   1m29s[K[?25h[?2026l[?2026h[?25l[A[1Gpulling manifest [K
pulling 2bada8a74506:  61% ▕███████████       ▏ 2.9 GB/4.7 GB   20 MB/s   1m29s[K[?25h[?2026l[?2026h[?25l[A[1Gpulling manifest [K
pulling 2bada8a74506:  61% ▕███████████       ▏ 2.9 GB/4.7 GB   20 MB/s   1m29s[K[?25h[?2026l[?2026h[?25l[A[1Gpulling manifest [K
pulling 2bada8a74506:  61% ▕███████████       ▏ 2.9 GB/4.7 GB   20 MB/s   1m29s[K[?25h[?2026l[?2026h[?25l[A[1Gpulling manifest [K
pulling 2bada8a74506:  61% ▕███████████       ▏ 2.9 GB/4.7 GB   20 MB/s   1m29s[K[?25h[?2026l[?2026h[?25l[A[1Gpulling manifest [K
pulling 2bada8a74506:  61% ▕███████████       ▏ 2.9 GB/4.7 GB   20 MB/s   1m29s[K[?25h[?2026l[?2026h[?25l[A[1Gpulling manifest [K
pulling 2bada8a74506:  61% ▕███████████       ▏ 2.9 GB/4.7 GB   20 MB/s   1m29s[K[?25h[?2026l[?2026h[?25l[A[1Gpulling manifest [K
pulling 2bada8a74506:  61% ▕███████████       ▏ 2.9 GB/4.7 GB   20 MB/s   1m29s[K[?25h[?2026l[?2026h[?25l[A[1Gpulling manifest [K
pulling 2bada8a74506:  61% ▕███████████       ▏ 2.9 GB/4.7 GB   20 MB/s   1m29s[K[?25h[?2026l[?2026h[?25l[A[1Gpulling manifest [K
pulling 2bada8a74506:  61% ▕███████████       ▏ 2.9 GB/4.7 GB   20 MB/s   1m29s[K[?25h[?2026l[?2026h[?25l[A[1Gpulling manifest [K
pulling 2bada8a74506:  62% ▕███████████       ▏ 2.9 GB/4.7 GB   20 MB/s   1m29s[K[?25h[?2026l[?2026h[?25l[A[1Gpulling manifest [K
pulling 2bada8a74506:  62% ▕███████████       ▏ 2.9 GB/4.7 GB   20 MB/s   1m29s[K[?25h[?2026l[?2026h[?25l[A[1Gpulling manifest [K
pulling 2bada8a74506:  62% ▕███████████       ▏ 2.9 GB/4.7 GB   20 MB/s   1m29s[K[?25h[?2026l[?2026h[?25l[A[1Gpulling manifest [K
pulling 2bada8a74506:  62% ▕███████████       ▏ 2.9 GB/4.7 GB   20 MB/s   1m29s[K[?25h[?2026l[?2026h[?25l[A[1Gpulling manifest [K
pulling 2bada8a74506:  62% ▕███████████       ▏ 2.9 GB/4.7 GB   20 MB/s   1m29s[K[?25h[?2026l[?2026h[?25l[A[1Gpulling manifest [K
pulling 2bada8a74506:  62% ▕███████████       ▏ 2.9 GB/4.7 GB   20 MB/s   1m29s[K[?25h[?2026l[?2026h[?25l[A[1Gpulling manifest [K
pulling 2bada8a74506:  62% ▕███████████       ▏ 2.9 GB/4.7 GB   20 MB/s   1m29s[K[?25h[?2026l[?2026h[?25l[A[1Gpulling manifest [K
pulling 2bada8a74506:  62% ▕███████████       ▏ 2.9 GB/4.7 GB   20 MB/s   1m29s[K[?25h[?2026l[?2026h[?25l[A[1Gpulling manifest [K
pulling 2bada8a74506:  62% ▕███████████       ▏ 2.9 GB/4.7 GB   20 MB/s   1m29s[K[?25h[?2026l[?2026h[?25l[A[1Gpulling manifest [K
pulling 2bada8a74506:  62% ▕███████████       ▏ 2.9 GB/4.7 GB   20 MB/s   1m29s[K[?25h[?2026l[?2026h[?25l[A[1Gpulling manifest [K
pulling 2bada8a74506:  62% ▕███████████       ▏ 2.9 GB/4.7 GB   20 MB/s   1m28s[K[?25h[?2026l[?2026h[?25l[A[1Gpulling manifest [K
pulling 2bada8a74506:  62% ▕███████████       ▏ 2.9 GB/4.7 GB   20 MB/s   1m28s[K[?25h[?2026l[?2026h[?25l[A[1Gpulling manifest [K
pulling 2bada8a74506:  62% ▕███████████       ▏ 2.9 GB/4.7 GB   20 MB/s   1m28s[K[?25h[?2026l[?2026h[?25l[A[1Gpulling manifest [K
pulling 2bada8a74506:  62% ▕███████████       ▏ 2.9 GB/4.7 GB   20 MB/s   1m28s[K[?25h[?2026l[?2026h[?25l[A[1Gpulling manifest [K
pulling 2bada8a74506:  62% ▕███████████       ▏ 2.9 GB/4.7 GB   19 MB/s   1m29s[K[?25h[?2026l[?2026h[?25l[A[1Gpulling manifest [K
pulling 2bada8a74506:  62% ▕███████████       ▏ 2.9 GB/4.7 GB   19 MB/s   1m29s[K[?25h[?2026l[?2026h[?25l[A[1Gpulling manifest [K
pulling 2bada8a74506:  62% ▕███████████       ▏ 2.9 GB/4.7 GB   19 MB/s   1m29s[K[?25h[?2026l[?2026h[?25l[A[1Gpulling manifest [K
pulling 2bada8a74506:  62% ▕███████████       ▏ 2.9 GB/4.7 GB   19 MB/s   1m29s[K[?25h[?2026l[?2026h[?25l[A[1Gpulling manifest [K
pulling 2bada8a74506:  62% ▕███████████       ▏ 2.9 GB/4.7 GB   19 MB/s   1m28s[K[?25h[?2026l[?2026h[?25l[A[1Gpulling manifest [K
pulling 2bada8a74506:  62% ▕███████████       ▏ 2.9 GB/4.7 GB   19 MB/s   1m28s[K[?25h[?2026l[?2026h[?25l[A[1Gpulling manifest [K
pulling 2bada8a74506:  62% ▕███████████       ▏ 2.9 GB/4.7 GB   19 MB/s   1m28s[K[?25h[?2026l[?2026h[?25l[A[1Gpulling manifest [K
pulling 2bada8a74506:  62% ▕███████████       ▏ 2.9 GB/4.7 GB   19 MB/s   1m28s[K[?25h[?2026l[?2026h[?25l[A[1Gpulling manifest [K
pulling 2bada8a74506:  62% ▕███████████       ▏ 2.9 GB/4.7 GB   19 MB/s   1m28s[K[?25h[?2026l[?2026h[?25l[A[1Gpulling manifest [K
pulling 2bada8a74506:  62% ▕███████████       ▏ 2.9 GB/4.7 GB   19 MB/s   1m28s[K[?25h[?2026l[?2026h[?25l[A[1Gpulling manifest [K
pulling 2bada8a74506:  63% ▕███████████       ▏ 2.9 GB/4.7 GB   19 MB/s   1m28s[K[?25h[?2026l[?2026h[?25l[A[1Gpulling manifest [K
pulling 2bada8a74506:  63% ▕███████████       ▏ 2.9 GB/4.7 GB   19 MB/s   1m28s[K[?25h[?2026l[?2026h[?25l[A[1Gpulling manifest [K
pulling 2bada8a74506:  63% ▕███████████       ▏ 2.9 GB/4.7 GB   19 MB/s   1m28s[K[?25h[?2026l[?2026h[?25l[A[1Gpulling manifest [K
pulling 2bada8a74506:  63% ▕███████████       ▏ 2.9 GB/4.7 GB   19 MB/s   1m28s[K[?25h[?2026l[?2026h[?25l[A[1Gpulling manifest [K
pulling 2bada8a74506:  63% ▕███████████       ▏ 2.9 GB/4.7 GB   19 MB/s   1m28s[K[?25h[?2026l[?2026h[?25l[A[1Gpulling manifest [K
pulling 2bada8a74506:  63% ▕███████████       ▏ 2.9 GB/4.7 GB   19 MB/s   1m28s[K[?25h[?2026l[?2026h[?25l[A[1Gpulling manifest [K
pulling 2bada8a74506:  63% ▕███████████       ▏ 2.9 GB/4.7 GB   19 MB/s   1m27s[K[?25h[?2026l[?2026h[?25l[A[1Gpulling manifest [K
pulling 2bada8a74506:  63% ▕███████████       ▏ 2.9 GB/4.7 GB   19 MB/s   1m27s[K[?25h[?2026l[?2026h[?25l[A[1Gpulling manifest [K
pulling 2bada8a74506:  63% ▕███████████       ▏ 2.9 GB/4.7 GB   19 MB/s   1m27s[K[?25h[?2026l[?2026h[?25l[A[1Gpulling manifest [K
pulling 2bada8a74506:  63% ▕███████████       ▏ 2.9 GB/4.7 GB   19 MB/s   1m27s[K[?25h[?2026l[?2026h[?25l[A[1Gpulling manifest [K
pulling 2bada8a74506:  63% ▕███████████       ▏ 2.9 GB/4.7 GB   19 MB/s   1m28s[K[?25h[?2026l[?2026h[?25l[A[1Gpulling manifest [K
pulling 2bada8a74506:  63% ▕███████████       ▏ 3.0 GB/4.7 GB   19 MB/s   1m28s[K[?25h[?2026l[?2026h[?25l[A[1Gpulling manifest [K
pulling 2bada8a74506:  63% ▕███████████       ▏ 3.0 GB/4.7 GB   19 MB/s   1m27s[K[?25h[?2026l[?2026h[?25l[A[1Gpulling manifest [K
pulling 2bada8a74506:  63% ▕███████████       ▏ 3.0 GB/4.7 GB   19 MB/s   1m27s[K[?25h[?2026l[?2026h[?25l[A[1Gpulling manifest [K
pulling 2bada8a74506:  63% ▕███████████       ▏ 3.0 GB/4.7 GB   19 MB/s   1m27s[K[?25h[?2026l[?2026h[?25l[A[1Gpulling manifest [K
pulling 2bada8a74506:  63% ▕███████████       ▏ 3.0 GB/4.7 GB   19 MB/s   1m27s[K[?25h[?2026l[?2026h[?25l[A[1Gpulling manifest [K
pulling 2bada8a74506:  63% ▕███████████       ▏ 3.0 GB/4.7 GB   19 MB/s   1m27s[K[?25h[?2026l[?2026h[?25l[A[1Gpulling manifest [K
pulling 2bada8a74506:  63% ▕███████████       ▏ 3.0 GB/4.7 GB   19 MB/s   1m27s[K[?25h[?2026l[?2026h[?25l[A[1Gpulling manifest [K
pulling 2bada8a74506:  63% ▕███████████       ▏ 3.0 GB/4.7 GB   19 MB/s   1m27s[K[?25h[?2026l[?2026h[?25l[A[1Gpulling manifest [K
pulling 2bada8a74506:  63% ▕███████████       ▏ 3.0 GB/4.7 GB   19 MB/s   1m27s[K[?25h[?2026l[?2026h[?25l[A[1Gpulling manifest [K
pulling 2bada8a74506:  63% ▕███████████       ▏ 3.0 GB/4.7 GB   19 MB/s   1m27s[K[?25h[?2026l[?2026h[?25l[A[1Gpulling manifest [K
pulling 2bada8a74506:  63% ▕███████████       ▏ 3.0 GB/4.7 GB   19 MB/s   1m28s[K[?25h[?2026l[?2026h[?25l[A[1Gpulling manifest [K
pulling 2bada8a74506:  63% ▕███████████       ▏ 3.0 GB/4.7 GB   19 MB/s   1m28s[K[?25h[?2026l[?2026h[?25l[A[1Gpulling manifest [K
pulling 2bada8a74506:  63% ▕███████████       ▏ 3.0 GB/4.7 GB   19 MB/s   1m28s[K[?25h[?2026l[?2026h[?25l[A[1Gpulling manifest [K
pulling 2bada8a74506:  64% ▕███████████       ▏ 3.0 GB/4.7 GB   19 MB/s   1m28s[K[?25h[?2026l[?2026h[?25l[A[1Gpulling manifest [K
pulling 2bada8a74506:  64% ▕███████████       ▏ 3.0 GB/4.7 GB   19 MB/s   1m28s[K[?25h[?2026l[?2026h[?25l[A[1Gpulling manifest [K
pulling 2bada8a74506:  64% ▕███████████       ▏ 3.0 GB/4.7 GB   19 MB/s   1m28s[K[?25h[?2026l[?2026h[?25l[A[1Gpulling manifest [K
pulling 2bada8a74506:  64% ▕███████████       ▏ 3.0 GB/4.7 GB   19 MB/s   1m28s[K[?25h[?2026l[?2026h[?25l[A[1Gpulling manifest [K
pulling 2bada8a74506:  64% ▕███████████       ▏ 3.0 GB/4.7 GB   19 MB/s   1m28s[K[?25h[?2026l[?2026h[?25l[A[1Gpulling manifest [K
pulling 2bada8a74506:  64% ▕███████████       ▏ 3.0 GB/4.7 GB   19 MB/s   1m28s[K[?25h[?2026l[?2026h[?25l[A[1Gpulling manifest [K
pulling 2bada8a74506:  64% ▕███████████       ▏ 3.0 GB/4.7 GB   19 MB/s   1m28s[K[?25h[?2026l[?2026h[?25l[A[1Gpulling manifest [K
pulling 2bada8a74506:  64% ▕███████████       ▏ 3.0 GB/4.7 GB   19 MB/s   1m27s[K[?25h[?2026l[?2026h[?25l[A[1Gpulling manifest [K
pulling 2bada8a74506:  64% ▕███████████       ▏ 3.0 GB/4.7 GB   19 MB/s   1m27s[K[?25h[?2026l[?2026h[?25l[A[1Gpulling manifest [K
pulling 2bada8a74506:  64% ▕███████████       ▏ 3.0 GB/4.7 GB   19 MB/s   1m27s[K[?25h[?2026l[?2026h[?25l[A[1Gpulling manifest [K
pulling 2bada8a74506:  64% ▕███████████       ▏ 3.0 GB/4.7 GB   19 MB/s   1m26s[K[?25h[?2026l[?2026h[?25l[A[1Gpulling manifest [K
pulling 2bada8a74506:  64% ▕███████████       ▏ 3.0 GB/4.7 GB   19 MB/s   1m26s[K[?25h[?2026l[?2026h[?25l[A[1Gpulling manifest [K
pulling 2bada8a74506:  64% ▕███████████       ▏ 3.0 GB/4.7 GB   19 MB/s   1m26s[K[?25h[?2026l[?2026h[?25l[A[1Gpulling manifest [K
pulling 2bada8a74506:  64% ▕███████████       ▏ 3.0 GB/4.7 GB   19 MB/s   1m26s[K[?25h[?2026l[?2026h[?25l[A[1Gpulling manifest [K
pulling 2bada8a74506:  64% ▕███████████       ▏ 3.0 GB/4.7 GB   19 MB/s   1m26s[K[?25h[?2026l[?2026h[?25l[A[1Gpulling manifest [K
pulling 2bada8a74506:  64% ▕███████████       ▏ 3.0 GB/4.7 GB   19 MB/s   1m26s[K[?25h[?2026l[?2026h[?25l[A[1Gpulling manifest [K
pulling 2bada8a74506:  64% ▕███████████       ▏ 3.0 GB/4.7 GB   19 MB/s   1m26s[K[?25h[?2026l[?2026h[?25l[A[1Gpulling manifest [K
pulling 2bada8a74506:  64% ▕███████████       ▏ 3.0 GB/4.7 GB   19 MB/s   1m26s[K[?25h[?2026l[?2026h[?25l[A[1Gpulling manifest [K
pulling 2bada8a74506:  64% ▕███████████       ▏ 3.0 GB/4.7 GB   19 MB/s   1m26s[K[?25h[?2026l[?2026h[?25l[A[1Gpulling manifest [K
pulling 2bada8a74506:  64% ▕███████████       ▏ 3.0 GB/4.7 GB   19 MB/s   1m26s[K[?25h[?2026l[?2026h[?25l[A[1Gpulling manifest [K
pulling 2bada8a74506:  64% ▕███████████       ▏ 3.0 GB/4.7 GB   19 MB/s   1m26s[K[?25h[?2026l[?2026h[?25l[A[1Gpulling manifest [K
pulling 2bada8a74506:  64% ▕███████████       ▏ 3.0 GB/4.7 GB   19 MB/s   1m26s[K[?25h[?2026l[?2026h[?25l[A[1Gpulling manifest [K
pulling 2bada8a74506:  64% ▕███████████       ▏ 3.0 GB/4.7 GB   19 MB/s   1m26s[K[?25h[?2026l[?2026h[?25l[A[1Gpulling manifest [K
pulling 2bada8a74506:  64% ▕███████████       ▏ 3.0 GB/4.7 GB   19 MB/s   1m26s[K[?25h[?2026l[?2026h[?25l[A[1Gpulling manifest [K
pulling 2bada8a74506:  64% ▕███████████       ▏ 3.0 GB/4.7 GB   19 MB/s   1m25s[K[?25h[?2026l[?2026h[?25l[A[1Gpulling manifest [K
pulling 2bada8a74506:  64% ▕███████████       ▏ 3.0 GB/4.7 GB   19 MB/s   1m25s[K[?25h[?2026l[?2026h[?25l[A[1Gpulling manifest [K
pulling 2bada8a74506:  65% ▕███████████       ▏ 3.0 GB/4.7 GB   19 MB/s   1m25s[K[?25h[?2026l[?2026h[?25l[A[1Gpulling manifest [K
pulling 2bada8a74506:  65% ▕███████████       ▏ 3.0 GB/4.7 GB   19 MB/s   1m26s[K[?25h[?2026l[?2026h[?25l[A[1Gpulling manifest [K
pulling 2bada8a74506:  65% ▕███████████       ▏ 3.0 GB/4.7 GB   19 MB/s   1m26s[K[?25h[?2026l[?2026h[?25l[A[1Gpulling manifest [K
pulling 2bada8a74506:  65% ▕███████████       ▏ 3.0 GB/4.7 GB   19 MB/s   1m25s[K[?25h[?2026l[?2026h[?25l[A[1Gpulling manifest [K
pulling 2bada8a74506:  65% ▕███████████       ▏ 3.0 GB/4.7 GB   19 MB/s   1m25s[K[?25h[?2026l[?2026h[?25l[A[1Gpulling manifest [K
pulling 2bada8a74506:  65% ▕███████████       ▏ 3.0 GB/4.7 GB   19 MB/s   1m25s[K[?25h[?2026l[?2026h[?25l[A[1Gpulling manifest [K
pulling 2bada8a74506:  65% ▕███████████       ▏ 3.0 GB/4.7 GB   19 MB/s   1m25s[K[?25h[?2026l[?2026h[?25l[A[1Gpulling manifest [K
pulling 2bada8a74506:  65% ▕███████████       ▏ 3.0 GB/4.7 GB   19 MB/s   1m25s[K[?25h[?2026l[?2026h[?25l[A[1Gpulling manifest [K
pulling 2bada8a74506:  65% ▕███████████       ▏ 3.0 GB/4.7 GB   19 MB/s   1m25s[K[?25h[?2026l[?2026h[?25l[A[1Gpulling manifest [K
pulling 2bada8a74506:  65% ▕███████████       ▏ 3.0 GB/4.7 GB   19 MB/s   1m25s[K[?25h[?2026l[?2026h[?25l[A[1Gpulling manifest [K
pulling 2bada8a74506:  65% ▕███████████       ▏ 3.0 GB/4.7 GB   19 MB/s   1m25s[K[?25h[?2026l[?2026h[?25l[A[1Gpulling manifest [K
pulling 2bada8a74506:  65% ▕███████████       ▏ 3.0 GB/4.7 GB   19 MB/s   1m25s[K[?25h[?2026l[?2026h[?25l[A[1Gpulling manifest [K
pulling 2bada8a74506:  65% ▕███████████       ▏ 3.0 GB/4.7 GB   19 MB/s   1m24s[K[?25h[?2026l[?2026h[?25l[A[1Gpulling manifest [K
pulling 2bada8a74506:  65% ▕███████████       ▏ 3.0 GB/4.7 GB   19 MB/s   1m24s[K[?25h[?2026l[?2026h[?25l[A[1Gpulling manifest [K
pulling 2bada8a74506:  65% ▕███████████       ▏ 3.0 GB/4.7 GB   19 MB/s   1m24s[K[?25h[?2026l[?2026h[?25l[A[1Gpulling manifest [K
pulling 2bada8a74506:  65% ▕███████████       ▏ 3.1 GB/4.7 GB   19 MB/s   1m24s[K[?25h[?2026l[?2026h[?25l[A[1Gpulling manifest [K
pulling 2bada8a74506:  65% ▕███████████       ▏ 3.1 GB/4.7 GB   19 MB/s   1m24s[K[?25h[?2026l[?2026h[?25l[A[1Gpulling manifest [K
pulling 2bada8a74506:  65% ▕███████████       ▏ 3.1 GB/4.7 GB   19 MB/s   1m24s[K[?25h[?2026l[?2026h[?25l[A[1Gpulling manifest [K
pulling 2bada8a74506:  65% ▕███████████       ▏ 3.1 GB/4.7 GB   19 MB/s   1m24s[K[?25h[?2026l[?2026h[?25l[A[1Gpulling manifest [K
pulling 2bada8a74506:  65% ▕███████████       ▏ 3.1 GB/4.7 GB   19 MB/s   1m24s[K[?25h[?2026l[?2026h[?25l[A[1Gpulling manifest [K
pulling 2bada8a74506:  65% ▕███████████       ▏ 3.1 GB/4.7 GB   19 MB/s   1m23s[K[?25h[?2026l[?2026h[?25l[A[1Gpulling manifest [K
pulling 2bada8a74506:  65% ▕███████████       ▏ 3.1 GB/4.7 GB   19 MB/s   1m23s[K[?25h[?2026l[?2026h[?25l[A[1Gpulling manifest [K
pulling 2bada8a74506:  65% ▕███████████       ▏ 3.1 GB/4.7 GB   19 MB/s   1m23s[K[?25h[?2026l[?2026h[?25l[A[1Gpulling manifest [K
pulling 2bada8a74506:  66% ▕███████████       ▏ 3.1 GB/4.7 GB   19 MB/s   1m23s[K[?25h[?2026l[?2026h[?25l[A[1Gpulling manifest [K
pulling 2bada8a74506:  66% ▕███████████       ▏ 3.1 GB/4.7 GB   19 MB/s   1m23s[K[?25h[?2026l[?2026h[?25l[A[1Gpulling manifest [K
pulling 2bada8a74506:  66% ▕███████████       ▏ 3.1 GB/4.7 GB   19 MB/s   1m23s[K[?25h[?2026l[?2026h[?25l[A[1Gpulling manifest [K
pulling 2bada8a74506:  66% ▕███████████       ▏ 3.1 GB/4.7 GB   19 MB/s   1m23s[K[?25h[?2026l[?2026h[?25l[A[1Gpulling manifest [K
pulling 2bada8a74506:  66% ▕███████████       ▏ 3.1 GB/4.7 GB   19 MB/s   1m22s[K[?25h[?2026l[?2026h[?25l[A[1Gpulling manifest [K
pulling 2bada8a74506:  66% ▕███████████       ▏ 3.1 GB/4.7 GB   19 MB/s   1m22s[K[?25h[?2026l[?2026h[?25l[A[1Gpulling manifest [K
pulling 2bada8a74506:  66% ▕███████████       ▏ 3.1 GB/4.7 GB   19 MB/s   1m22s[K[?25h[?2026l[?2026h[?25l[A[1Gpulling manifest [K
pulling 2bada8a74506:  66% ▕███████████       ▏ 3.1 GB/4.7 GB   19 MB/s   1m22s[K[?25h[?2026l[?2026h[?25l[A[1Gpulling manifest [K
pulling 2bada8a74506:  66% ▕███████████       ▏ 3.1 GB/4.7 GB   19 MB/s   1m22s[K[?25h[?2026l[?2026h[?25l[A[1Gpulling manifest [K
pulling 2bada8a74506:  66% ▕███████████       ▏ 3.1 GB/4.7 GB   19 MB/s   1m22s[K[?25h[?2026l[?2026h[?25l[A[1Gpulling manifest [K
pulling 2bada8a74506:  66% ▕███████████       ▏ 3.1 GB/4.7 GB   19 MB/s   1m22s[K[?25h[?2026l[?2026h[?25l[A[1Gpulling manifest [K
pulling 2bada8a74506:  66% ▕███████████       ▏ 3.1 GB/4.7 GB   19 MB/s   1m22s[K[?25h[?2026l[?2026h[?25l[A[1Gpulling manifest [K
pulling 2bada8a74506:  66% ▕███████████       ▏ 3.1 GB/4.7 GB   19 MB/s   1m22s[K[?25h[?2026l[?2026h[?25l[A[1Gpulling manifest [K
pulling 2bada8a74506:  66% ▕███████████       ▏ 3.1 GB/4.7 GB   19 MB/s   1m22s[K[?25h[?2026l[?2026h[?25l[A[1Gpulling manifest [K
pulling 2bada8a74506:  66% ▕███████████       ▏ 3.1 GB/4.7 GB   19 MB/s   1m22s[K[?25h[?2026l[?2026h[?25l[A[1Gpulling manifest [K
pulling 2bada8a74506:  66% ▕███████████       ▏ 3.1 GB/4.7 GB   19 MB/s   1m22s[K[?25h[?2026l[?2026h[?25l[A[1Gpulling manifest [K
pulling 2bada8a74506:  66% ▕███████████       ▏ 3.1 GB/4.7 GB   19 MB/s   1m21s[K[?25h[?2026l[?2026h[?25l[A[1Gpulling manifest [K
pulling 2bada8a74506:  66% ▕███████████       ▏ 3.1 GB/4.7 GB   19 MB/s   1m21s[K[?25h[?2026l[?2026h[?25l[A[1Gpulling manifest [K
pulling 2bada8a74506:  66% ▕███████████       ▏ 3.1 GB/4.7 GB   19 MB/s   1m21s[K[?25h[?2026l[?2026h[?25l[A[1Gpulling manifest [K
pulling 2bada8a74506:  66% ▕███████████       ▏ 3.1 GB/4.7 GB   19 MB/s   1m21s[K[?25h[?2026l[?2026h[?25l[A[1Gpulling manifest [K
pulling 2bada8a74506:  66% ▕███████████       ▏ 3.1 GB/4.7 GB   19 MB/s   1m21s[K[?25h[?2026l[?2026h[?25l[A[1Gpulling manifest [K
pulling 2bada8a74506:  66% ▕███████████       ▏ 3.1 GB/4.7 GB   19 MB/s   1m21s[K[?25h[?2026l[?2026h[?25l[A[1Gpulling manifest [K
pulling 2bada8a74506:  66% ▕███████████       ▏ 3.1 GB/4.7 GB   19 MB/s   1m21s[K[?25h[?2026l[?2026h[?25l[A[1Gpulling manifest [K
pulling 2bada8a74506:  66% ▕███████████       ▏ 3.1 GB/4.7 GB   19 MB/s   1m21s[K[?25h[?2026l[?2026h[?25l[A[1Gpulling manifest [K
pulling 2bada8a74506:  66% ▕███████████       ▏ 3.1 GB/4.7 GB   19 MB/s   1m21s[K[?25h[?2026l[?2026h[?25l[A[1Gpulling manifest [K
pulling 2bada8a74506:  67% ▕███████████       ▏ 3.1 GB/4.7 GB   19 MB/s   1m20s[K[?25h[?2026l[?2026h[?25l[A[1Gpulling manifest [K
pulling 2bada8a74506:  67% ▕███████████       ▏ 3.1 GB/4.7 GB   19 MB/s   1m20s[K[?25h[?2026l[?2026h[?25l[A[1Gpulling manifest [K
pulling 2bada8a74506:  67% ▕███████████       ▏ 3.1 GB/4.7 GB   19 MB/s   1m20s[K[?25h[?2026l[?2026h[?25l[A[1Gpulling manifest [K
pulling 2bada8a74506:  67% ▕████████████      ▏ 3.1 GB/4.7 GB   19 MB/s   1m20s[K[?25h[?2026l[?2026h[?25l[A[1Gpulling manifest [K
pulling 2bada8a74506:  67% ▕████████████      ▏ 3.1 GB/4.7 GB   19 MB/s   1m19s[K[?25h[?2026l[?2026h[?25l[A[1Gpulling manifest [K
pulling 2bada8a74506:  67% ▕████████████      ▏ 3.1 GB/4.7 GB   19 MB/s   1m19s[K[?25h[?2026l[?2026h[?25l[A[1Gpulling manifest [K
pulling 2bada8a74506:  67% ▕████████████      ▏ 3.1 GB/4.7 GB   19 MB/s   1m19s[K[?25h[?2026l[?2026h[?25l[A[1Gpulling manifest [K
pulling 2bada8a74506:  67% ▕████████████      ▏ 3.1 GB/4.7 GB   19 MB/s   1m19s[K[?25h[?2026l[?2026h[?25l[A[1Gpulling manifest [K
pulling 2bada8a74506:  67% ▕████████████      ▏ 3.1 GB/4.7 GB   19 MB/s   1m19s[K[?25h[?2026l[?2026h[?25l[A[1Gpulling manifest [K
pulling 2bada8a74506:  67% ▕████████████      ▏ 3.1 GB/4.7 GB   19 MB/s   1m19s[K[?25h[?2026l[?2026h[?25l[A[1Gpulling manifest [K
pulling 2bada8a74506:  67% ▕████████████      ▏ 3.1 GB/4.7 GB   19 MB/s   1m19s[K[?25h[?2026l[?2026h[?25l[A[1Gpulling manifest [K
pulling 2bada8a74506:  67% ▕████████████      ▏ 3.1 GB/4.7 GB   19 MB/s   1m19s[K[?25h[?2026l[?2026h[?25l[A[1Gpulling manifest [K
pulling 2bada8a74506:  67% ▕████████████      ▏ 3.1 GB/4.7 GB   19 MB/s   1m19s[K[?25h[?2026l[?2026h[?25l[A[1Gpulling manifest [K
pulling 2bada8a74506:  67% ▕████████████      ▏ 3.1 GB/4.7 GB   19 MB/s   1m19s[K[?25h[?2026l[?2026h[?25l[A[1Gpulling manifest [K
pulling 2bada8a74506:  67% ▕████████████      ▏ 3.1 GB/4.7 GB   19 MB/s   1m17s[K[?25h[?2026l[?2026h[?25l[A[1Gpulling manifest [K
pulling 2bada8a74506:  67% ▕████████████      ▏ 3.1 GB/4.7 GB   19 MB/s   1m17s[K[?25h[?2026l[?2026h[?25l[A[1Gpulling manifest [K
pulling 2bada8a74506:  67% ▕████████████      ▏ 3.1 GB/4.7 GB   19 MB/s   1m17s[K[?25h[?2026l[?2026h[?25l[A[1Gpulling manifest [K
pulling 2bada8a74506:  67% ▕████████████      ▏ 3.1 GB/4.7 GB   19 MB/s   1m17s[K[?25h[?2026l[?2026h[?25l[A[1Gpulling manifest [K
pulling 2bada8a74506:  67% ▕████████████      ▏ 3.2 GB/4.7 GB   19 MB/s   1m17s[K[?25h[?2026l[?2026h[?25l[A[1Gpulling manifest [K
pulling 2bada8a74506:  67% ▕████████████      ▏ 3.2 GB/4.7 GB   19 MB/s   1m17s[K[?25h[?2026l[?2026h[?25l[A[1Gpulling manifest [K
pulling 2bada8a74506:  67% ▕████████████      ▏ 3.2 GB/4.7 GB   19 MB/s   1m17s[K[?25h[?2026l[?2026h[?25l[A[1Gpulling manifest [K
pulling 2bada8a74506:  67% ▕████████████      ▏ 3.2 GB/4.7 GB   19 MB/s   1m17s[K[?25h[?2026l[?2026h[?25l[A[1Gpulling manifest [K
pulling 2bada8a74506:  67% ▕████████████      ▏ 3.2 GB/4.7 GB   19 MB/s   1m16s[K[?25h[?2026l[?2026h[?25l[A[1Gpulling manifest [K
pulling 2bada8a74506:  68% ▕████████████      ▏ 3.2 GB/4.7 GB   19 MB/s   1m16s[K[?25h[?2026l[?2026h[?25l[A[1Gpulling manifest [K
pulling 2bada8a74506:  68% ▕████████████      ▏ 3.2 GB/4.7 GB   19 MB/s   1m16s[K[?25h[?2026l[?2026h[?25l[A[1Gpulling manifest [K
pulling 2bada8a74506:  68% ▕████████████      ▏ 3.2 GB/4.7 GB   19 MB/s   1m16s[K[?25h[?2026l[?2026h[?25l[A[1Gpulling manifest [K
pulling 2bada8a74506:  68% ▕████████████      ▏ 3.2 GB/4.7 GB   19 MB/s   1m15s[K[?25h[?2026l[?2026h[?25l[A[1Gpulling manifest [K
pulling 2bada8a74506:  68% ▕████████████      ▏ 3.2 GB/4.7 GB   19 MB/s   1m15s[K[?25h[?2026l[?2026h[?25l[A[1Gpulling manifest [K
pulling 2bada8a74506:  68% ▕████████████      ▏ 3.2 GB/4.7 GB   19 MB/s   1m15s[K[?25h[?2026l[?2026h[?25l[A[1Gpulling manifest [K
pulling 2bada8a74506:  68% ▕████████████      ▏ 3.2 GB/4.7 GB   19 MB/s   1m15s[K[?25h[?2026l[?2026h[?25l[A[1Gpulling manifest [K
pulling 2bada8a74506:  68% ▕████████████      ▏ 3.2 GB/4.7 GB   19 MB/s   1m15s[K[?25h[?2026l[?2026h[?25l[A[1Gpulling manifest [K
pulling 2bada8a74506:  68% ▕████████████      ▏ 3.2 GB/4.7 GB   19 MB/s   1m15s[K[?25h[?2026l[?2026h[?25l[A[1Gpulling manifest [K
pulling 2bada8a74506:  68% ▕████████████      ▏ 3.2 GB/4.7 GB   19 MB/s   1m15s[K[?25h[?2026l[?2026h[?25l[A[1Gpulling manifest [K
pulling 2bada8a74506:  68% ▕████████████      ▏ 3.2 GB/4.7 GB   19 MB/s   1m15s[K[?25h[?2026l[?2026h[?25l[A[1Gpulling manifest [K
pulling 2bada8a74506:  68% ▕████████████      ▏ 3.2 GB/4.7 GB   19 MB/s   1m15s[K[?25h[?2026l[?2026h[?25l[A[1Gpulling manifest [K
pulling 2bada8a74506:  68% ▕████████████      ▏ 3.2 GB/4.7 GB   20 MB/s   1m14s[K[?25h[?2026l[?2026h[?25l[A[1Gpulling manifest [K
pulling 2bada8a74506:  68% ▕████████████      ▏ 3.2 GB/4.7 GB   20 MB/s   1m14s[K[?25h[?2026l[?2026h[?25l[A[1Gpulling manifest [K
pulling 2bada8a74506:  68% ▕████████████      ▏ 3.2 GB/4.7 GB   20 MB/s   1m14s[K[?25h[?2026l[?2026h[?25l[A[1Gpulling manifest [K
pulling 2bada8a74506:  68% ▕████████████      ▏ 3.2 GB/4.7 GB   20 MB/s   1m14s[K[?25h[?2026l[?2026h[?25l[A[1Gpulling manifest [K
pulling 2bada8a74506:  68% ▕████████████      ▏ 3.2 GB/4.7 GB   20 MB/s   1m14s[K[?25h[?2026l[?2026h[?25l[A[1Gpulling manifest [K
pulling 2bada8a74506:  68% ▕████████████      ▏ 3.2 GB/4.7 GB   20 MB/s   1m13s[K[?25h[?2026l[?2026h[?25l[A[1Gpulling manifest [K
pulling 2bada8a74506:  68% ▕████████████      ▏ 3.2 GB/4.7 GB   20 MB/s   1m13s[K[?25h[?2026l[?2026h[?25l[A[1Gpulling manifest [K
pulling 2bada8a74506:  68% ▕████████████      ▏ 3.2 GB/4.7 GB   20 MB/s   1m13s[K[?25h[?2026l[?2026h[?25l[A[1Gpulling manifest [K
pulling 2bada8a74506:  68% ▕████████████      ▏ 3.2 GB/4.7 GB   20 MB/s   1m13s[K[?25h[?2026l[?2026h[?25l[A[1Gpulling manifest [K
pulling 2bada8a74506:  68% ▕████████████      ▏ 3.2 GB/4.7 GB   20 MB/s   1m13s[K[?25h[?2026l[?2026h[?25l[A[1Gpulling manifest [K
pulling 2bada8a74506:  68% ▕████████████      ▏ 3.2 GB/4.7 GB   20 MB/s   1m13s[K[?25h[?2026l[?2026h[?25l[A[1Gpulling manifest [K
pulling 2bada8a74506:  68% ▕████████████      ▏ 3.2 GB/4.7 GB   20 MB/s   1m13s[K[?25h[?2026l[?2026h[?25l[A[1Gpulling manifest [K
pulling 2bada8a74506:  68% ▕████████████      ▏ 3.2 GB/4.7 GB   20 MB/s   1m13s[K[?25h[?2026l[?2026h[?25l[A[1Gpulling manifest [K
pulling 2bada8a74506:  68% ▕████████████      ▏ 3.2 GB/4.7 GB   20 MB/s   1m13s[K[?25h[?2026l[?2026h[?25l[A[1Gpulling manifest [K
pulling 2bada8a74506:  69% ▕████████████      ▏ 3.2 GB/4.7 GB   20 MB/s   1m13s[K[?25h[?2026l[?2026h[?25l[A[1Gpulling manifest [K
pulling 2bada8a74506:  69% ▕████████████      ▏ 3.2 GB/4.7 GB   20 MB/s   1m12s[K[?25h[?2026l[?2026h[?25l[A[1Gpulling manifest [K
pulling 2bada8a74506:  69% ▕████████████      ▏ 3.2 GB/4.7 GB   20 MB/s   1m12s[K[?25h[?2026l[?2026h[?25l[A[1Gpulling manifest [K
pulling 2bada8a74506:  69% ▕████████████      ▏ 3.2 GB/4.7 GB   20 MB/s   1m12s[K[?25h[?2026l[?2026h[?25l[A[1Gpulling manifest [K
pulling 2bada8a74506:  69% ▕████████████      ▏ 3.2 GB/4.7 GB   20 MB/s   1m12s[K[?25h[?2026l[?2026h[?25l[A[1Gpulling manifest [K
pulling 2bada8a74506:  69% ▕████████████      ▏ 3.2 GB/4.7 GB   20 MB/s   1m12s[K[?25h[?2026l[?2026h[?25l[A[1Gpulling manifest [K
pulling 2bada8a74506:  69% ▕████████████      ▏ 3.2 GB/4.7 GB   20 MB/s   1m12s[K[?25h[?2026l[?2026h[?25l[A[1Gpulling manifest [K
pulling 2bada8a74506:  69% ▕████████████      ▏ 3.2 GB/4.7 GB   20 MB/s   1m12s[K[?25h[?2026l[?2026h[?25l[A[1Gpulling manifest [K
pulling 2bada8a74506:  69% ▕████████████      ▏ 3.2 GB/4.7 GB   20 MB/s   1m12s[K[?25h[?2026l[?2026h[?25l[A[1Gpulling manifest [K
pulling 2bada8a74506:  69% ▕████████████      ▏ 3.2 GB/4.7 GB   20 MB/s   1m12s[K[?25h[?2026l[?2026h[?25l[A[1Gpulling manifest [K
pulling 2bada8a74506:  69% ▕████████████      ▏ 3.2 GB/4.7 GB   20 MB/s   1m12s[K[?25h[?2026l[?2026h[?25l[A[1Gpulling manifest [K
pulling 2bada8a74506:  69% ▕████████████      ▏ 3.2 GB/4.7 GB   20 MB/s   1m12s[K[?25h[?2026l[?2026h[?25l[A[1Gpulling manifest [K
pulling 2bada8a74506:  69% ▕████████████      ▏ 3.2 GB/4.7 GB   20 MB/s   1m12s[K[?25h[?2026l[?2026h[?25l[A[1Gpulling manifest [K
pulling 2bada8a74506:  69% ▕████████████      ▏ 3.2 GB/4.7 GB   20 MB/s   1m12s[K[?25h[?2026l[?2026h[?25l[A[1Gpulling manifest [K
pulling 2bada8a74506:  69% ▕████████████      ▏ 3.2 GB/4.7 GB   20 MB/s   1m12s[K[?25h[?2026l[?2026h[?25l[A[1Gpulling manifest [K
pulling 2bada8a74506:  69% ▕████████████      ▏ 3.2 GB/4.7 GB   20 MB/s   1m12s[K[?25h[?2026l[?2026h[?25l[A[1Gpulling manifest [K
pulling 2bada8a74506:  69% ▕████████████      ▏ 3.2 GB/4.7 GB   20 MB/s   1m11s[K[?25h[?2026l[?2026h[?25l[A[1Gpulling manifest [K
pulling 2bada8a74506:  69% ▕████████████      ▏ 3.2 GB/4.7 GB   20 MB/s   1m11s[K[?25h[?2026l[?2026h[?25l[A[1Gpulling manifest [K
pulling 2bada8a74506:  69% ▕████████████      ▏ 3.2 GB/4.7 GB   20 MB/s   1m11s[K[?25h[?2026l[?2026h[?25l[A[1Gpulling manifest [K
pulling 2bada8a74506:  69% ▕████████████      ▏ 3.2 GB/4.7 GB   20 MB/s   1m11s[K[?25h[?2026l[?2026h[?25l[A[1Gpulling manifest [K
pulling 2bada8a74506:  69% ▕████████████      ▏ 3.2 GB/4.7 GB   20 MB/s   1m11s[K[?25h[?2026l[?2026h[?25l[A[1Gpulling manifest [K
pulling 2bada8a74506:  69% ▕████████████      ▏ 3.3 GB/4.7 GB   20 MB/s   1m11s[K[?25h[?2026l[?2026h[?25l[A[1Gpulling manifest [K
pulling 2bada8a74506:  70% ▕████████████      ▏ 3.3 GB/4.7 GB   20 MB/s   1m11s[K[?25h[?2026l[?2026h[?25l[A[1Gpulling manifest [K
pulling 2bada8a74506:  70% ▕████████████      ▏ 3.3 GB/4.7 GB   20 MB/s   1m11s[K[?25h[?2026l[?2026h[?25l[A[1Gpulling manifest [K
pulling 2bada8a74506:  70% ▕████████████      ▏ 3.3 GB/4.7 GB   20 MB/s   1m11s[K[?25h[?2026l[?2026h[?25l[A[1Gpulling manifest [K
pulling 2bada8a74506:  70% ▕████████████      ▏ 3.3 GB/4.7 GB   20 MB/s   1m11s[K[?25h[?2026l[?2026h[?25l[A[1Gpulling manifest [K
pulling 2bada8a74506:  70% ▕████████████      ▏ 3.3 GB/4.7 GB   20 MB/s   1m10s[K[?25h[?2026l[?2026h[?25l[A[1Gpulling manifest [K
pulling 2bada8a74506:  70% ▕████████████      ▏ 3.3 GB/4.7 GB   20 MB/s   1m10s[K[?25h[?2026l[?2026h[?25l[A[1Gpulling manifest [K
pulling 2bada8a74506:  70% ▕████████████      ▏ 3.3 GB/4.7 GB   20 MB/s   1m10s[K[?25h[?2026l[?2026h[?25l[A[1Gpulling manifest [K
pulling 2bada8a74506:  70% ▕████████████      ▏ 3.3 GB/4.7 GB   20 MB/s   1m10s[K[?25h[?2026l[?2026h[?25l[A[1Gpulling manifest [K
pulling 2bada8a74506:  70% ▕████████████      ▏ 3.3 GB/4.7 GB   20 MB/s   1m10s[K[?25h[?2026l[?2026h[?25l[A[1Gpulling manifest [K
pulling 2bada8a74506:  70% ▕████████████      ▏ 3.3 GB/4.7 GB   20 MB/s   1m10s[K[?25h[?2026l[?2026h[?25l[A[1Gpulling manifest [K
pulling 2bada8a74506:  70% ▕████████████      ▏ 3.3 GB/4.7 GB   20 MB/s    1m9s[K[?25h[?2026l[?2026h[?25l[A[1Gpulling manifest [K
pulling 2bada8a74506:  70% ▕████████████      ▏ 3.3 GB/4.7 GB   20 MB/s    1m9s[K[?25h[?2026l[?2026h[?25l[A[1Gpulling manifest [K
pulling 2bada8a74506:  70% ▕████████████      ▏ 3.3 GB/4.7 GB   20 MB/s    1m9s[K[?25h[?2026l[?2026h[?25l[A[1Gpulling manifest [K
pulling 2bada8a74506:  70% ▕████████████      ▏ 3.3 GB/4.7 GB   20 MB/s    1m9s[K[?25h[?2026l[?2026h[?25l[A[1Gpulling manifest [K
pulling 2bada8a74506:  70% ▕████████████      ▏ 3.3 GB/4.7 GB   20 MB/s    1m9s[K[?25h[?2026l[?2026h[?25l[A[1Gpulling manifest [K
pulling 2bada8a74506:  70% ▕████████████      ▏ 3.3 GB/4.7 GB   20 MB/s    1m9s[K[?25h[?2026l[?2026h[?25l[A[1Gpulling manifest [K
pulling 2bada8a74506:  70% ▕████████████      ▏ 3.3 GB/4.7 GB   20 MB/s    1m8s[K[?25h[?2026l[?2026h[?25l[A[1Gpulling manifest [K
pulling 2bada8a74506:  70% ▕████████████      ▏ 3.3 GB/4.7 GB   20 MB/s    1m8s[K[?25h[?2026l[?2026h[?25l[A[1Gpulling manifest [K
pulling 2bada8a74506:  70% ▕████████████      ▏ 3.3 GB/4.7 GB   20 MB/s    1m8s[K[?25h[?2026l[?2026h[?25l[A[1Gpulling manifest [K
pulling 2bada8a74506:  70% ▕████████████      ▏ 3.3 GB/4.7 GB   20 MB/s    1m8s[K[?25h[?2026l[?2026h[?25l[A[1Gpulling manifest [K
pulling 2bada8a74506:  70% ▕████████████      ▏ 3.3 GB/4.7 GB   20 MB/s    1m8s[K[?25h[?2026l[?2026h[?25l[A[1Gpulling manifest [K
pulling 2bada8a74506:  70% ▕████████████      ▏ 3.3 GB/4.7 GB   20 MB/s    1m8s[K[?25h[?2026l[?2026h[?25l[A[1Gpulling manifest [K
pulling 2bada8a74506:  70% ▕████████████      ▏ 3.3 GB/4.7 GB   20 MB/s    1m8s[K[?25h[?2026l[?2026h[?25l[A[1Gpulling manifest [K
pulling 2bada8a74506:  71% ▕████████████      ▏ 3.3 GB/4.7 GB   20 MB/s    1m8s[K[?25h[?2026l[?2026h[?25l[A[1Gpulling manifest [K
pulling 2bada8a74506:  71% ▕████████████      ▏ 3.3 GB/4.7 GB   20 MB/s    1m8s[K[?25h[?2026l[?2026h[?25l[A[1Gpulling manifest [K
pulling 2bada8a74506:  71% ▕████████████      ▏ 3.3 GB/4.7 GB   20 MB/s    1m8s[K[?25h[?2026l[?2026h[?25l[A[1Gpulling manifest [K
pulling 2bada8a74506:  71% ▕████████████      ▏ 3.3 GB/4.7 GB   20 MB/s    1m8s[K[?25h[?2026l[?2026h[?25l[A[1Gpulling manifest [K
pulling 2bada8a74506:  71% ▕████████████      ▏ 3.3 GB/4.7 GB   20 MB/s    1m8s[K[?25h[?2026l[?2026h[?25l[A[1Gpulling manifest [K
pulling 2bada8a74506:  71% ▕████████████      ▏ 3.3 GB/4.7 GB   20 MB/s    1m8s[K[?25h[?2026l[?2026h[?25l[A[1Gpulling manifest [K
pulling 2bada8a74506:  71% ▕████████████      ▏ 3.3 GB/4.7 GB   20 MB/s    1m8s[K[?25h[?2026l[?2026h[?25l[A[1Gpulling manifest [K
pulling 2bada8a74506:  71% ▕████████████      ▏ 3.3 GB/4.7 GB   20 MB/s    1m8s[K[?25h[?2026l[?2026h[?25l[A[1Gpulling manifest [K
pulling 2bada8a74506:  71% ▕████████████      ▏ 3.3 GB/4.7 GB   20 MB/s    1m7s[K[?25h[?2026l[?2026h[?25l[A[1Gpulling manifest [K
pulling 2bada8a74506:  71% ▕████████████      ▏ 3.3 GB/4.7 GB   20 MB/s    1m7s[K[?25h[?2026l[?2026h[?25l[A[1Gpulling manifest [K
pulling 2bada8a74506:  71% ▕████████████      ▏ 3.3 GB/4.7 GB   20 MB/s    1m7s[K[?25h[?2026l[?2026h[?25l[A[1Gpulling manifest [K
pulling 2bada8a74506:  71% ▕████████████      ▏ 3.3 GB/4.7 GB   20 MB/s    1m7s[K[?25h[?2026l[?2026h[?25l[A[1Gpulling manifest [K
pulling 2bada8a74506:  71% ▕████████████      ▏ 3.3 GB/4.7 GB   19 MB/s    1m7s[K[?25h[?2026l[?2026h[?25l[A[1Gpulling manifest [K
pulling 2bada8a74506:  71% ▕████████████      ▏ 3.3 GB/4.7 GB   19 MB/s    1m7s[K[?25h[?2026l[?2026h[?25l[A[1Gpulling manifest [K
pulling 2bada8a74506:  71% ▕████████████      ▏ 3.3 GB/4.7 GB   19 MB/s    1m7s[K[?25h[?2026l[?2026h[?25l[A[1Gpulling manifest [K
pulling 2bada8a74506:  71% ▕████████████      ▏ 3.3 GB/4.7 GB   19 MB/s    1m7s[K[?25h[?2026l[?2026h[?25l[A[1Gpulling manifest [K
pulling 2bada8a74506:  71% ▕████████████      ▏ 3.3 GB/4.7 GB   19 MB/s    1m7s[K[?25h[?2026l[?2026h[?25l[A[1Gpulling manifest [K
pulling 2bada8a74506:  71% ▕████████████      ▏ 3.3 GB/4.7 GB   19 MB/s    1m7s[K[?25h[?2026l[?2026h[?25l[A[1Gpulling manifest [K
pulling 2bada8a74506:  71% ▕████████████      ▏ 3.3 GB/4.7 GB   19 MB/s    1m7s[K[?25h[?2026l[?2026h[?25l[A[1Gpulling manifest [K
pulling 2bada8a74506:  71% ▕████████████      ▏ 3.3 GB/4.7 GB   19 MB/s    1m7s[K[?25h[?2026l[?2026h[?25l[A[1Gpulling manifest [K
pulling 2bada8a74506:  71% ▕████████████      ▏ 3.3 GB/4.7 GB   19 MB/s    1m7s[K[?25h[?2026l[?2026h[?25l[A[1Gpulling manifest [K
pulling 2bada8a74506:  71% ▕████████████      ▏ 3.3 GB/4.7 GB   19 MB/s    1m7s[K[?25h[?2026l[?2026h[?25l[A[1Gpulling manifest [K
pulling 2bada8a74506:  71% ▕████████████      ▏ 3.3 GB/4.7 GB   19 MB/s    1m7s[K[?25h[?2026l[?2026h[?25l[A[1Gpulling manifest [K
pulling 2bada8a74506:  71% ▕████████████      ▏ 3.3 GB/4.7 GB   19 MB/s    1m7s[K[?25h[?2026l[?2026h[?25l[A[1Gpulling manifest [K
pulling 2bada8a74506:  71% ▕████████████      ▏ 3.3 GB/4.7 GB   19 MB/s    1m7s[K[?25h[?2026l[?2026h[?25l[A[1Gpulling manifest [K
pulling 2bada8a74506:  72% ▕████████████      ▏ 3.4 GB/4.7 GB   19 MB/s    1m7s[K[?25h[?2026l[?2026h[?25l[A[1Gpulling manifest [K
pulling 2bada8a74506:  72% ▕████████████      ▏ 3.4 GB/4.7 GB   19 MB/s    1m7s[K[?25h[?2026l[?2026h[?25l[A[1Gpulling manifest [K
pulling 2bada8a74506:  72% ▕████████████      ▏ 3.4 GB/4.7 GB   19 MB/s    1m7s[K[?25h[?2026l[?2026h[?25l[A[1Gpulling manifest [K
pulling 2bada8a74506:  72% ▕████████████      ▏ 3.4 GB/4.7 GB   19 MB/s    1m7s[K[?25h[?2026l[?2026h[?25l[A[1Gpulling manifest [K
pulling 2bada8a74506:  72% ▕████████████      ▏ 3.4 GB/4.7 GB   19 MB/s    1m7s[K[?25h[?2026l[?2026h[?25l[A[1Gpulling manifest [K
pulling 2bada8a74506:  72% ▕████████████      ▏ 3.4 GB/4.7 GB   19 MB/s    1m6s[K[?25h[?2026l[?2026h[?25l[A[1Gpulling manifest [K
pulling 2bada8a74506:  72% ▕████████████      ▏ 3.4 GB/4.7 GB   19 MB/s    1m6s[K[?25h[?2026l[?2026h[?25l[A[1Gpulling manifest [K
pulling 2bada8a74506:  72% ▕████████████      ▏ 3.4 GB/4.7 GB   19 MB/s    1m6s[K[?25h[?2026l[?2026h[?25l[A[1Gpulling manifest [K
pulling 2bada8a74506:  72% ▕████████████      ▏ 3.4 GB/4.7 GB   19 MB/s    1m6s[K[?25h[?2026l[?2026h[?25l[A[1Gpulling manifest [K
pulling 2bada8a74506:  72% ▕████████████      ▏ 3.4 GB/4.7 GB   19 MB/s    1m6s[K[?25h[?2026l[?2026h[?25l[A[1Gpulling manifest [K
pulling 2bada8a74506:  72% ▕████████████      ▏ 3.4 GB/4.7 GB   19 MB/s    1m6s[K[?25h[?2026l[?2026h[?25l[A[1Gpulling manifest [K
pulling 2bada8a74506:  72% ▕████████████      ▏ 3.4 GB/4.7 GB   19 MB/s    1m6s[K[?25h[?2026l[?2026h[?25l[A[1Gpulling manifest [K
pulling 2bada8a74506:  72% ▕████████████      ▏ 3.4 GB/4.7 GB   19 MB/s    1m6s[K[?25h[?2026l[?2026h[?25l[A[1Gpulling manifest [K
pulling 2bada8a74506:  72% ▕████████████      ▏ 3.4 GB/4.7 GB   19 MB/s    1m6s[K[?25h[?2026l[?2026h[?25l[A[1Gpulling manifest [K
pulling 2bada8a74506:  72% ▕████████████      ▏ 3.4 GB/4.7 GB   19 MB/s    1m6s[K[?25h[?2026l[?2026h[?25l[A[1Gpulling manifest [K
pulling 2bada8a74506:  72% ▕████████████      ▏ 3.4 GB/4.7 GB   19 MB/s    1m6s[K[?25h[?2026l[?2026h[?25l[A[1Gpulling manifest [K
pulling 2bada8a74506:  72% ▕████████████      ▏ 3.4 GB/4.7 GB   19 MB/s    1m5s[K[?25h[?2026l[?2026h[?25l[A[1Gpulling manifest [K
pulling 2bada8a74506:  72% ▕████████████      ▏ 3.4 GB/4.7 GB   19 MB/s    1m5s[K[?25h[?2026l[?2026h[?25l[A[1Gpulling manifest [K
pulling 2bada8a74506:  72% ▕█████████████     ▏ 3.4 GB/4.7 GB   19 MB/s    1m5s[K[?25h[?2026l[?2026h[?25l[A[1Gpulling manifest [K
pulling 2bada8a74506:  72% ▕█████████████     ▏ 3.4 GB/4.7 GB   19 MB/s    1m5s[K[?25h[?2026l[?2026h[?25l[A[1Gpulling manifest [K
pulling 2bada8a74506:  72% ▕█████████████     ▏ 3.4 GB/4.7 GB   19 MB/s    1m5s[K[?25h[?2026l[?2026h[?25l[A[1Gpulling manifest [K
pulling 2bada8a74506:  72% ▕█████████████     ▏ 3.4 GB/4.7 GB   19 MB/s    1m5s[K[?25h[?2026l[?2026h[?25l[A[1Gpulling manifest [K
pulling 2bada8a74506:  72% ▕█████████████     ▏ 3.4 GB/4.7 GB   19 MB/s    1m5s[K[?25h[?2026l[?2026h[?25l[A[1Gpulling manifest [K
pulling 2bada8a74506:  72% ▕█████████████     ▏ 3.4 GB/4.7 GB   19 MB/s    1m5s[K[?25h[?2026l[?2026h[?25l[A[1Gpulling manifest [K
pulling 2bada8a74506:  72% ▕█████████████     ▏ 3.4 GB/4.7 GB   19 MB/s    1m5s[K[?25h[?2026l[?2026h[?25l[A[1Gpulling manifest [K
pulling 2bada8a74506:  73% ▕█████████████     ▏ 3.4 GB/4.7 GB   19 MB/s    1m5s[K[?25h[?2026l[?2026h[?25l[A[1Gpulling manifest [K
pulling 2bada8a74506:  73% ▕█████████████     ▏ 3.4 GB/4.7 GB   19 MB/s    1m5s[K[?25h[?2026l[?2026h[?25l[A[1Gpulling manifest [K
pulling 2bada8a74506:  73% ▕█████████████     ▏ 3.4 GB/4.7 GB   19 MB/s    1m5s[K[?25h[?2026l[?2026h[?25l[A[1Gpulling manifest [K
pulling 2bada8a74506:  73% ▕█████████████     ▏ 3.4 GB/4.7 GB   19 MB/s    1m5s[K[?25h[?2026l[?2026h[?25l[A[1Gpulling manifest [K
pulling 2bada8a74506:  73% ▕█████████████     ▏ 3.4 GB/4.7 GB   19 MB/s    1m5s[K[?25h[?2026l[?2026h[?25l[A[1Gpulling manifest [K
pulling 2bada8a74506:  73% ▕█████████████     ▏ 3.4 GB/4.7 GB   19 MB/s    1m5s[K[?25h[?2026l[?2026h[?25l[A[1Gpulling manifest [K
pulling 2bada8a74506:  73% ▕█████████████     ▏ 3.4 GB/4.7 GB   19 MB/s    1m5s[K[?25h[?2026l[?2026h[?25l[A[1Gpulling manifest [K
pulling 2bada8a74506:  73% ▕█████████████     ▏ 3.4 GB/4.7 GB   19 MB/s    1m5s[K[?25h[?2026l[?2026h[?25l[A[1Gpulling manifest [K
pulling 2bada8a74506:  73% ▕█████████████     ▏ 3.4 GB/4.7 GB   19 MB/s    1m4s[K[?25h[?2026l[?2026h[?25l[A[1Gpulling manifest [K
pulling 2bada8a74506:  73% ▕█████████████     ▏ 3.4 GB/4.7 GB   19 MB/s    1m4s[K[?25h[?2026l[?2026h[?25l[A[1Gpulling manifest [K
pulling 2bada8a74506:  73% ▕█████████████     ▏ 3.4 GB/4.7 GB   19 MB/s    1m4s[K[?25h[?2026l[?2026h[?25l[A[1Gpulling manifest [K
pulling 2bada8a74506:  73% ▕█████████████     ▏ 3.4 GB/4.7 GB   19 MB/s    1m4s[K[?25h[?2026l[?2026h[?25l[A[1Gpulling manifest [K
pulling 2bada8a74506:  73% ▕█████████████     ▏ 3.4 GB/4.7 GB   19 MB/s    1m4s[K[?25h[?2026l[?2026h[?25l[A[1Gpulling manifest [K
pulling 2bada8a74506:  73% ▕█████████████     ▏ 3.4 GB/4.7 GB   19 MB/s    1m5s[K[?25h[?2026l[?2026h[?25l[A[1Gpulling manifest [K
pulling 2bada8a74506:  73% ▕█████████████     ▏ 3.4 GB/4.7 GB   19 MB/s    1m4s[K[?25h[?2026l[?2026h[?25l[A[1Gpulling manifest [K
pulling 2bada8a74506:  73% ▕█████████████     ▏ 3.4 GB/4.7 GB   19 MB/s    1m4s[K[?25h[?2026l[?2026h[?25l[A[1Gpulling manifest [K
pulling 2bada8a74506:  73% ▕█████████████     ▏ 3.4 GB/4.7 GB   19 MB/s    1m4s[K[?25h[?2026l[?2026h[?25l[A[1Gpulling manifest [K
pulling 2bada8a74506:  73% ▕█████████████     ▏ 3.4 GB/4.7 GB   19 MB/s    1m4s[K[?25h[?2026l[?2026h[?25l[A[1Gpulling manifest [K
pulling 2bada8a74506:  73% ▕█████████████     ▏ 3.4 GB/4.7 GB   19 MB/s    1m4s[K[?25h[?2026l[?2026h[?25l[A[1Gpulling manifest [K
pulling 2bada8a74506:  73% ▕█████████████     ▏ 3.4 GB/4.7 GB   19 MB/s    1m4s[K[?25h[?2026l[?2026h[?25l[A[1Gpulling manifest [K
pulling 2bada8a74506:  73% ▕█████████████     ▏ 3.4 GB/4.7 GB   19 MB/s    1m4s[K[?25h[?2026l[?2026h[?25l[A[1Gpulling manifest [K
pulling 2bada8a74506:  73% ▕█████████████     ▏ 3.4 GB/4.7 GB   19 MB/s    1m4s[K[?25h[?2026l[?2026h[?25l[A[1Gpulling manifest [K
pulling 2bada8a74506:  73% ▕█████████████     ▏ 3.4 GB/4.7 GB   19 MB/s    1m4s[K[?25h[?2026l[?2026h[?25l[A[1Gpulling manifest [K
pulling 2bada8a74506:  73% ▕█████████████     ▏ 3.4 GB/4.7 GB   19 MB/s    1m4s[K[?25h[?2026l[?2026h[?25l[A[1Gpulling manifest [K
pulling 2bada8a74506:  73% ▕█████████████     ▏ 3.4 GB/4.7 GB   19 MB/s    1m3s[K[?25h[?2026l[?2026h[?25l[A[1Gpulling manifest [K
pulling 2bada8a74506:  74% ▕█████████████     ▏ 3.4 GB/4.7 GB   19 MB/s    1m3s[K[?25h[?2026l[?2026h[?25l[A[1Gpulling manifest [K
pulling 2bada8a74506:  74% ▕█████████████     ▏ 3.4 GB/4.7 GB   19 MB/s    1m3s[K[?25h[?2026l[?2026h[?25l[A[1Gpulling manifest [K
pulling 2bada8a74506:  74% ▕█████████████     ▏ 3.4 GB/4.7 GB   19 MB/s    1m3s[K[?25h[?2026l[?2026h[?25l[A[1Gpulling manifest [K
pulling 2bada8a74506:  74% ▕█████████████     ▏ 3.4 GB/4.7 GB   19 MB/s    1m3s[K[?25h[?2026l[?2026h[?25l[A[1Gpulling manifest [K
pulling 2bada8a74506:  74% ▕█████████████     ▏ 3.5 GB/4.7 GB   19 MB/s    1m3s[K[?25h[?2026l[?2026h[?25l[A[1Gpulling manifest [K
pulling 2bada8a74506:  74% ▕█████████████     ▏ 3.5 GB/4.7 GB   19 MB/s    1m3s[K[?25h[?2026l[?2026h[?25l[A[1Gpulling manifest [K
pulling 2bada8a74506:  74% ▕█████████████     ▏ 3.5 GB/4.7 GB   19 MB/s    1m2s[K[?25h[?2026l[?2026h[?25l[A[1Gpulling manifest [K
pulling 2bada8a74506:  74% ▕█████████████     ▏ 3.5 GB/4.7 GB   19 MB/s    1m2s[K[?25h[?2026l[?2026h[?25l[A[1Gpulling manifest [K
pulling 2bada8a74506:  74% ▕█████████████     ▏ 3.5 GB/4.7 GB   19 MB/s    1m2s[K[?25h[?2026l[?2026h[?25l[A[1Gpulling manifest [K
pulling 2bada8a74506:  74% ▕█████████████     ▏ 3.5 GB/4.7 GB   19 MB/s    1m2s[K[?25h[?2026l[?2026h[?25l[A[1Gpulling manifest [K
pulling 2bada8a74506:  74% ▕█████████████     ▏ 3.5 GB/4.7 GB   19 MB/s    1m2s[K[?25h[?2026l[?2026h[?25l[A[1Gpulling manifest [K
pulling 2bada8a74506:  74% ▕█████████████     ▏ 3.5 GB/4.7 GB   19 MB/s    1m2s[K[?25h[?2026l[?2026h[?25l[A[1Gpulling manifest [K
pulling 2bada8a74506:  74% ▕█████████████     ▏ 3.5 GB/4.7 GB   19 MB/s    1m2s[K[?25h[?2026l[?2026h[?25l[A[1Gpulling manifest [K
pulling 2bada8a74506:  74% ▕█████████████     ▏ 3.5 GB/4.7 GB   19 MB/s    1m2s[K[?25h[?2026l[?2026h[?25l[A[1Gpulling manifest [K
pulling 2bada8a74506:  74% ▕█████████████     ▏ 3.5 GB/4.7 GB   19 MB/s    1m2s[K[?25h[?2026l[?2026h[?25l[A[1Gpulling manifest [K
pulling 2bada8a74506:  74% ▕█████████████     ▏ 3.5 GB/4.7 GB   19 MB/s    1m2s[K[?25h[?2026l[?2026h[?25l[A[1Gpulling manifest [K
pulling 2bada8a74506:  74% ▕█████████████     ▏ 3.5 GB/4.7 GB   19 MB/s    1m2s[K[?25h[?2026l[?2026h[?25l[A[1Gpulling manifest [K
pulling 2bada8a74506:  74% ▕█████████████     ▏ 3.5 GB/4.7 GB   19 MB/s    1m1s[K[?25h[?2026l[?2026h[?25l[A[1Gpulling manifest [K
pulling 2bada8a74506:  74% ▕█████████████     ▏ 3.5 GB/4.7 GB   19 MB/s    1m1s[K[?25h[?2026l[?2026h[?25l[A[1Gpulling manifest [K
pulling 2bada8a74506:  74% ▕█████████████     ▏ 3.5 GB/4.7 GB   19 MB/s    1m1s[K[?25h[?2026l[?2026h[?25l[A[1Gpulling manifest [K
pulling 2bada8a74506:  74% ▕█████████████     ▏ 3.5 GB/4.7 GB   19 MB/s    1m1s[K[?25h[?2026l[?2026h[?25l[A[1Gpulling manifest [K
pulling 2bada8a74506:  74% ▕█████████████     ▏ 3.5 GB/4.7 GB   19 MB/s    1m1s[K[?25h[?2026l[?2026h[?25l[A[1Gpulling manifest [K
pulling 2bada8a74506:  74% ▕█████████████     ▏ 3.5 GB/4.7 GB   19 MB/s    1m1s[K[?25h[?2026l[?2026h[?25l[A[1Gpulling manifest [K
pulling 2bada8a74506:  74% ▕█████████████     ▏ 3.5 GB/4.7 GB   19 MB/s    1m1s[K[?25h[?2026l[?2026h[?25l[A[1Gpulling manifest [K
pulling 2bada8a74506:  75% ▕█████████████     ▏ 3.5 GB/4.7 GB   19 MB/s    1m1s[K[?25h[?2026l[?2026h[?25l[A[1Gpulling manifest [K
pulling 2bada8a74506:  75% ▕█████████████     ▏ 3.5 GB/4.7 GB   19 MB/s    1m1s[K[?25h[?2026l[?2026h[?25l[A[1Gpulling manifest [K
pulling 2bada8a74506:  75% ▕█████████████     ▏ 3.5 GB/4.7 GB   19 MB/s    1m1s[K[?25h[?2026l[?2026h[?25l[A[1Gpulling manifest [K
pulling 2bada8a74506:  75% ▕█████████████     ▏ 3.5 GB/4.7 GB   19 MB/s    1m1s[K[?25h[?2026l[?2026h[?25l[A[1Gpulling manifest [K
pulling 2bada8a74506:  75% ▕█████████████     ▏ 3.5 GB/4.7 GB   19 MB/s    1m1s[K[?25h[?2026l[?2026h[?25l[A[1Gpulling manifest [K
pulling 2bada8a74506:  75% ▕█████████████     ▏ 3.5 GB/4.7 GB   19 MB/s    1m0s[K[?25h[?2026l[?2026h[?25l[A[1Gpulling manifest [K
pulling 2bada8a74506:  75% ▕█████████████     ▏ 3.5 GB/4.7 GB   19 MB/s    1m0s[K[?25h[?2026l[?2026h[?25l[A[1Gpulling manifest [K
pulling 2bada8a74506:  75% ▕█████████████     ▏ 3.5 GB/4.7 GB   19 MB/s    1m0s[K[?25h[?2026l[?2026h[?25l[A[1Gpulling manifest [K
pulling 2bada8a74506:  75% ▕█████████████     ▏ 3.5 GB/4.7 GB   19 MB/s    1m0s[K[?25h[?2026l[?2026h[?25l[A[1Gpulling manifest [K
pulling 2bada8a74506:  75% ▕█████████████     ▏ 3.5 GB/4.7 GB   19 MB/s    1m0s[K[?25h[?2026l[?2026h[?25l[A[1Gpulling manifest [K
pulling 2bada8a74506:  75% ▕█████████████     ▏ 3.5 GB/4.7 GB   19 MB/s    1m0s[K[?25h[?2026l[?2026h[?25l[A[1Gpulling manifest [K
pulling 2bada8a74506:  75% ▕█████████████     ▏ 3.5 GB/4.7 GB   19 MB/s    1m0s[K[?25h[?2026l[?2026h[?25l[A[1Gpulling manifest [K
pulling 2bada8a74506:  75% ▕█████████████     ▏ 3.5 GB/4.7 GB   19 MB/s    1m0s[K[?25h[?2026l[?2026h[?25l[A[1Gpulling manifest [K
pulling 2bada8a74506:  75% ▕█████████████     ▏ 3.5 GB/4.7 GB   19 MB/s     59s[K[?25h[?2026l[?2026h[?25l[A[1Gpulling manifest [K
pulling 2bada8a74506:  75% ▕█████████████     ▏ 3.5 GB/4.7 GB   19 MB/s     59s[K[?25h[?2026l[?2026h[?25l[A[1Gpulling manifest [K
pulling 2bada8a74506:  75% ▕█████████████     ▏ 3.5 GB/4.7 GB   19 MB/s     58s[K[?25h[?2026l[?2026h[?25l[A[1Gpulling manifest [K
pulling 2bada8a74506:  75% ▕█████████████     ▏ 3.5 GB/4.7 GB   19 MB/s     58s[K[?25h[?2026l[?2026h[?25l[A[1Gpulling manifest [K
pulling 2bada8a74506:  75% ▕█████████████     ▏ 3.5 GB/4.7 GB   19 MB/s     58s[K[?25h[?2026l[?2026h[?25l[A[1Gpulling manifest [K
pulling 2bada8a74506:  75% ▕█████████████     ▏ 3.5 GB/4.7 GB   19 MB/s     58s[K[?25h[?2026l[?2026h[?25l[A[1Gpulling manifest [K
pulling 2bada8a74506:  75% ▕█████████████     ▏ 3.5 GB/4.7 GB   19 MB/s     58s[K[?25h[?2026l[?2026h[?25l[A[1Gpulling manifest [K
pulling 2bada8a74506:  75% ▕█████████████     ▏ 3.5 GB/4.7 GB   19 MB/s     58s[K[?25h[?2026l[?2026h[?25l[A[1Gpulling manifest [K
pulling 2bada8a74506:  75% ▕█████████████     ▏ 3.5 GB/4.7 GB   19 MB/s     58s[K[?25h[?2026l[?2026h[?25l[A[1Gpulling manifest [K
pulling 2bada8a74506:  75% ▕█████████████     ▏ 3.5 GB/4.7 GB   19 MB/s     58s[K[?25h[?2026l[?2026h[?25l[A[1Gpulling manifest [K
pulling 2bada8a74506:  75% ▕█████████████     ▏ 3.5 GB/4.7 GB   19 MB/s     58s[K[?25h[?2026l[?2026h[?25l[A[1Gpulling manifest [K
pulling 2bada8a74506:  76% ▕█████████████     ▏ 3.5 GB/4.7 GB   19 MB/s     57s[K[?25h[?2026l[?2026h[?25l[A[1Gpulling manifest [K
pulling 2bada8a74506:  76% ▕█████████████     ▏ 3.5 GB/4.7 GB   19 MB/s     57s[K[?25h[?2026l[?2026h[?25l[A[1Gpulling manifest [K
pulling 2bada8a74506:  76% ▕█████████████     ▏ 3.5 GB/4.7 GB   19 MB/s     57s[K[?25h[?2026l[?2026h[?25l[A[1Gpulling manifest [K
pulling 2bada8a74506:  76% ▕█████████████     ▏ 3.5 GB/4.7 GB   19 MB/s     57s[K[?25h[?2026l[?2026h[?25l[A[1Gpulling manifest [K
pulling 2bada8a74506:  76% ▕█████████████     ▏ 3.5 GB/4.7 GB   19 MB/s     57s[K[?25h[?2026l[?2026h[?25l[A[1Gpulling manifest [K
pulling 2bada8a74506:  76% ▕█████████████     ▏ 3.5 GB/4.7 GB   19 MB/s     57s[K[?25h[?2026l[?2026h[?25l[A[1Gpulling manifest [K
pulling 2bada8a74506:  76% ▕█████████████     ▏ 3.6 GB/4.7 GB   19 MB/s     57s[K[?25h[?2026l[?2026h[?25l[A[1Gpulling manifest [K
pulling 2bada8a74506:  76% ▕█████████████     ▏ 3.6 GB/4.7 GB   19 MB/s     57s[K[?25h[?2026l[?2026h[?25l[A[1Gpulling manifest [K
pulling 2bada8a74506:  76% ▕█████████████     ▏ 3.6 GB/4.7 GB   19 MB/s     56s[K[?25h[?2026l[?2026h[?25l[A[1Gpulling manifest [K
pulling 2bada8a74506:  76% ▕█████████████     ▏ 3.6 GB/4.7 GB   19 MB/s     56s[K[?25h[?2026l[?2026h[?25l[A[1Gpulling manifest [K
pulling 2bada8a74506:  76% ▕█████████████     ▏ 3.6 GB/4.7 GB   19 MB/s     56s[K[?25h[?2026l[?2026h[?25l[A[1Gpulling manifest [K
pulling 2bada8a74506:  76% ▕█████████████     ▏ 3.6 GB/4.7 GB   19 MB/s     56s[K[?25h[?2026l[?2026h[?25l[A[1Gpulling manifest [K
pulling 2bada8a74506:  76% ▕█████████████     ▏ 3.6 GB/4.7 GB   19 MB/s     56s[K[?25h[?2026l[?2026h[?25l[A[1Gpulling manifest [K
pulling 2bada8a74506:  76% ▕█████████████     ▏ 3.6 GB/4.7 GB   19 MB/s     56s[K[?25h[?2026l[?2026h[?25l[A[1Gpulling manifest [K
pulling 2bada8a74506:  76% ▕█████████████     ▏ 3.6 GB/4.7 GB   19 MB/s     56s[K[?25h[?2026l[?2026h[?25l[A[1Gpulling manifest [K
pulling 2bada8a74506:  76% ▕█████████████     ▏ 3.6 GB/4.7 GB   19 MB/s     55s[K[?25h[?2026l[?2026h[?25l[A[1Gpulling manifest [K
pulling 2bada8a74506:  76% ▕█████████████     ▏ 3.6 GB/4.7 GB   19 MB/s     55s[K[?25h[?2026l[?2026h[?25l[A[1Gpulling manifest [K
pulling 2bada8a74506:  76% ▕█████████████     ▏ 3.6 GB/4.7 GB   19 MB/s     55s[K[?25h[?2026l[?2026h[?25l[A[1Gpulling manifest [K
pulling 2bada8a74506:  76% ▕█████████████     ▏ 3.6 GB/4.7 GB   19 MB/s     55s[K[?25h[?2026l[?2026h[?25l[A[1Gpulling manifest [K
pulling 2bada8a74506:  76% ▕█████████████     ▏ 3.6 GB/4.7 GB   19 MB/s     55s[K[?25h[?2026l[?2026h[?25l[A[1Gpulling manifest [K
pulling 2bada8a74506:  76% ▕█████████████     ▏ 3.6 GB/4.7 GB   19 MB/s     55s[K[?25h[?2026l[?2026h[?25l[A[1Gpulling manifest [K
pulling 2bada8a74506:  76% ▕█████████████     ▏ 3.6 GB/4.7 GB   19 MB/s     55s[K[?25h[?2026l[?2026h[?25l[A[1Gpulling manifest [K
pulling 2bada8a74506:  76% ▕█████████████     ▏ 3.6 GB/4.7 GB   20 MB/s     54s[K[?25h[?2026l[?2026h[?25l[A[1Gpulling manifest [K
pulling 2bada8a74506:  77% ▕█████████████     ▏ 3.6 GB/4.7 GB   20 MB/s     54s[K[?25h[?2026l[?2026h[?25l[A[1Gpulling manifest [K
pulling 2bada8a74506:  77% ▕█████████████     ▏ 3.6 GB/4.7 GB   20 MB/s     54s[K[?25h[?2026l[?2026h[?25l[A[1Gpulling manifest [K
pulling 2bada8a74506:  77% ▕█████████████     ▏ 3.6 GB/4.7 GB   20 MB/s     54s[K[?25h[?2026l[?2026h[?25l[A[1Gpulling manifest [K
pulling 2bada8a74506:  77% ▕█████████████     ▏ 3.6 GB/4.7 GB   20 MB/s     54s[K[?25h[?2026l[?2026h[?25l[A[1Gpulling manifest [K
pulling 2bada8a74506:  77% ▕█████████████     ▏ 3.6 GB/4.7 GB   20 MB/s     54s[K[?25h[?2026l[?2026h[?25l[A[1Gpulling manifest [K
pulling 2bada8a74506:  77% ▕█████████████     ▏ 3.6 GB/4.7 GB   20 MB/s     54s[K[?25h[?2026l[?2026h[?25l[A[1Gpulling manifest [K
pulling 2bada8a74506:  77% ▕█████████████     ▏ 3.6 GB/4.7 GB   20 MB/s     53s[K[?25h[?2026l[?2026h[?25l[A[1Gpulling manifest [K
pulling 2bada8a74506:  77% ▕█████████████     ▏ 3.6 GB/4.7 GB   20 MB/s     53s[K[?25h[?2026l[?2026h[?25l[A[1Gpulling manifest [K
pulling 2bada8a74506:  77% ▕█████████████     ▏ 3.6 GB/4.7 GB   20 MB/s     53s[K[?25h[?2026l[?2026h[?25l[A[1Gpulling manifest [K
pulling 2bada8a74506:  77% ▕█████████████     ▏ 3.6 GB/4.7 GB   20 MB/s     53s[K[?25h[?2026l[?2026h[?25l[A[1Gpulling manifest [K
pulling 2bada8a74506:  77% ▕█████████████     ▏ 3.6 GB/4.7 GB   20 MB/s     53s[K[?25h[?2026l[?2026h[?25l[A[1Gpulling manifest [K
pulling 2bada8a74506:  77% ▕█████████████     ▏ 3.6 GB/4.7 GB   20 MB/s     53s[K[?25h[?2026l[?2026h[?25l[A[1Gpulling manifest [K
pulling 2bada8a74506:  77% ▕█████████████     ▏ 3.6 GB/4.7 GB   20 MB/s     53s[K[?25h[?2026l[?2026h[?25l[A[1Gpulling manifest [K
pulling 2bada8a74506:  77% ▕█████████████     ▏ 3.6 GB/4.7 GB   20 MB/s     53s[K[?25h[?2026l[?2026h[?25l[A[1Gpulling manifest [K
pulling 2bada8a74506:  77% ▕█████████████     ▏ 3.6 GB/4.7 GB   20 MB/s     53s[K[?25h[?2026l[?2026h[?25l[A[1Gpulling manifest [K
pulling 2bada8a74506:  77% ▕█████████████     ▏ 3.6 GB/4.7 GB   20 MB/s     53s[K[?25h[?2026l[?2026h[?25l[A[1Gpulling manifest [K
pulling 2bada8a74506:  77% ▕█████████████     ▏ 3.6 GB/4.7 GB   20 MB/s     53s[K[?25h[?2026l[?2026h[?25l[A[1Gpulling manifest [K
pulling 2bada8a74506:  77% ▕█████████████     ▏ 3.6 GB/4.7 GB   20 MB/s     53s[K[?25h[?2026l[?2026h[?25l[A[1Gpulling manifest [K
pulling 2bada8a74506:  77% ▕█████████████     ▏ 3.6 GB/4.7 GB   20 MB/s     53s[K[?25h[?2026l[?2026h[?25l[A[1Gpulling manifest [K
pulling 2bada8a74506:  77% ▕█████████████     ▏ 3.6 GB/4.7 GB   19 MB/s     53s[K[?25h[?2026l[?2026h[?25l[A[1Gpulling manifest [K
pulling 2bada8a74506:  77% ▕█████████████     ▏ 3.6 GB/4.7 GB   19 MB/s     53s[K[?25h[?2026l[?2026h[?25l[A[1Gpulling manifest [K
pulling 2bada8a74506:  77% ▕█████████████     ▏ 3.6 GB/4.7 GB   19 MB/s     53s[K[?25h[?2026l[?2026h[?25l[A[1Gpulling manifest [K
pulling 2bada8a74506:  77% ▕█████████████     ▏ 3.6 GB/4.7 GB   19 MB/s     53s[K[?25h[?2026l[?2026h[?25l[A[1Gpulling manifest [K
pulling 2bada8a74506:  77% ▕█████████████     ▏ 3.6 GB/4.7 GB   19 MB/s     53s[K[?25h[?2026l[?2026h[?25l[A[1Gpulling manifest [K
pulling 2bada8a74506:  77% ▕█████████████     ▏ 3.6 GB/4.7 GB   19 MB/s     53s[K[?25h[?2026l[?2026h[?25l[A[1Gpulling manifest [K
pulling 2bada8a74506:  77% ▕█████████████     ▏ 3.6 GB/4.7 GB   19 MB/s     53s[K[?25h[?2026l[?2026h[?25l[A[1Gpulling manifest [K
pulling 2bada8a74506:  78% ▕█████████████     ▏ 3.6 GB/4.7 GB   19 MB/s     52s[K[?25h[?2026l[?2026h[?25l[A[1Gpulling manifest [K
pulling 2bada8a74506:  78% ▕█████████████     ▏ 3.6 GB/4.7 GB   19 MB/s     52s[K[?25h[?2026l[?2026h[?25l[A[1Gpulling manifest [K
pulling 2bada8a74506:  78% ▕█████████████     ▏ 3.6 GB/4.7 GB   19 MB/s     52s[K[?25h[?2026l[?2026h[?25l[A[1Gpulling manifest [K
pulling 2bada8a74506:  78% ▕█████████████     ▏ 3.6 GB/4.7 GB   19 MB/s     52s[K[?25h[?2026l[?2026h[?25l[A[1Gpulling manifest [K
pulling 2bada8a74506:  78% ▕█████████████     ▏ 3.6 GB/4.7 GB   19 MB/s     52s[K[?25h[?2026l[?2026h[?25l[A[1Gpulling manifest [K
pulling 2bada8a74506:  78% ▕█████████████     ▏ 3.6 GB/4.7 GB   19 MB/s     52s[K[?25h[?2026l[?2026h[?25l[A[1Gpulling manifest [K
pulling 2bada8a74506:  78% ▕██████████████    ▏ 3.6 GB/4.7 GB   19 MB/s     52s[K[?25h[?2026l[?2026h[?25l[A[1Gpulling manifest [K
pulling 2bada8a74506:  78% ▕██████████████    ▏ 3.6 GB/4.7 GB   19 MB/s     52s[K[?25h[?2026l[?2026h[?25l[A[1Gpulling manifest [K
pulling 2bada8a74506:  78% ▕██████████████    ▏ 3.6 GB/4.7 GB   19 MB/s     52s[K[?25h[?2026l[?2026h[?25l[A[1Gpulling manifest [K
pulling 2bada8a74506:  78% ▕██████████████    ▏ 3.6 GB/4.7 GB   19 MB/s     52s[K[?25h[?2026l[?2026h[?25l[A[1Gpulling manifest [K
pulling 2bada8a74506:  78% ▕██████████████    ▏ 3.6 GB/4.7 GB   19 MB/s     52s[K[?25h[?2026l[?2026h[?25l[A[1Gpulling manifest [K
pulling 2bada8a74506:  78% ▕██████████████    ▏ 3.7 GB/4.7 GB   19 MB/s     52s[K[?25h[?2026l[?2026h[?25l[A[1Gpulling manifest [K
pulling 2bada8a74506:  78% ▕██████████████    ▏ 3.7 GB/4.7 GB   19 MB/s     52s[K[?25h[?2026l[?2026h[?25l[A[1Gpulling manifest [K
pulling 2bada8a74506:  78% ▕██████████████    ▏ 3.7 GB/4.7 GB   19 MB/s     51s[K[?25h[?2026l[?2026h[?25l[A[1Gpulling manifest [K
pulling 2bada8a74506:  78% ▕██████████████    ▏ 3.7 GB/4.7 GB   19 MB/s     52s[K[?25h[?2026l[?2026h[?25l[A[1Gpulling manifest [K
pulling 2bada8a74506:  78% ▕██████████████    ▏ 3.7 GB/4.7 GB   19 MB/s     52s[K[?25h[?2026l[?2026h[?25l[A[1Gpulling manifest [K
pulling 2bada8a74506:  78% ▕██████████████    ▏ 3.7 GB/4.7 GB   19 MB/s     52s[K[?25h[?2026l[?2026h[?25l[A[1Gpulling manifest [K
pulling 2bada8a74506:  78% ▕██████████████    ▏ 3.7 GB/4.7 GB   19 MB/s     51s[K[?25h[?2026l[?2026h[?25l[A[1Gpulling manifest [K
pulling 2bada8a74506:  78% ▕██████████████    ▏ 3.7 GB/4.7 GB   19 MB/s     51s[K[?25h[?2026l[?2026h[?25l[A[1Gpulling manifest [K
pulling 2bada8a74506:  78% ▕██████████████    ▏ 3.7 GB/4.7 GB   19 MB/s     51s[K[?25h[?2026l[?2026h[?25l[A[1Gpulling manifest [K
pulling 2bada8a74506:  78% ▕██████████████    ▏ 3.7 GB/4.7 GB   19 MB/s     51s[K[?25h[?2026l[?2026h[?25l[A[1Gpulling manifest [K
pulling 2bada8a74506:  78% ▕██████████████    ▏ 3.7 GB/4.7 GB   19 MB/s     51s[K[?25h[?2026l[?2026h[?25l[A[1Gpulling manifest [K
pulling 2bada8a74506:  78% ▕██████████████    ▏ 3.7 GB/4.7 GB   19 MB/s     51s[K[?25h[?2026l[?2026h[?25l[A[1Gpulling manifest [K
pulling 2bada8a74506:  78% ▕██████████████    ▏ 3.7 GB/4.7 GB   19 MB/s     51s[K[?25h[?2026l[?2026h[?25l[A[1Gpulling manifest [K
pulling 2bada8a74506:  79% ▕██████████████    ▏ 3.7 GB/4.7 GB   19 MB/s     51s[K[?25h[?2026l[?2026h[?25l[A[1Gpulling manifest [K
pulling 2bada8a74506:  79% ▕██████████████    ▏ 3.7 GB/4.7 GB   19 MB/s     51s[K[?25h[?2026l[?2026h[?25l[A[1Gpulling manifest [K
pulling 2bada8a74506:  79% ▕██████████████    ▏ 3.7 GB/4.7 GB   19 MB/s     51s[K[?25h[?2026l[?2026h[?25l[A[1Gpulling manifest [K
pulling 2bada8a74506:  79% ▕██████████████    ▏ 3.7 GB/4.7 GB   19 MB/s     51s[K[?25h[?2026l[?2026h[?25l[A[1Gpulling manifest [K
pulling 2bada8a74506:  79% ▕██████████████    ▏ 3.7 GB/4.7 GB   19 MB/s     51s[K[?25h[?2026l[?2026h[?25l[A[1Gpulling manifest [K
pulling 2bada8a74506:  79% ▕██████████████    ▏ 3.7 GB/4.7 GB   19 MB/s     50s[K[?25h[?2026l[?2026h[?25l[A[1Gpulling manifest [K
pulling 2bada8a74506:  79% ▕██████████████    ▏ 3.7 GB/4.7 GB   19 MB/s     50s[K[?25h[?2026l[?2026h[?25l[A[1Gpulling manifest [K
pulling 2bada8a74506:  79% ▕██████████████    ▏ 3.7 GB/4.7 GB   19 MB/s     50s[K[?25h[?2026l[?2026h[?25l[A[1Gpulling manifest [K
pulling 2bada8a74506:  79% ▕██████████████    ▏ 3.7 GB/4.7 GB   19 MB/s     50s[K[?25h[?2026l[?2026h[?25l[A[1Gpulling manifest [K
pulling 2bada8a74506:  79% ▕██████████████    ▏ 3.7 GB/4.7 GB   19 MB/s     50s[K[?25h[?2026l[?2026h[?25l[A[1Gpulling manifest [K
pulling 2bada8a74506:  79% ▕██████████████    ▏ 3.7 GB/4.7 GB   19 MB/s     51s[K[?25h[?2026l[?2026h[?25l[A[1Gpulling manifest [K
pulling 2bada8a74506:  79% ▕██████████████    ▏ 3.7 GB/4.7 GB   19 MB/s     50s[K[?25h[?2026l[?2026h[?25l[A[1Gpulling manifest [K
pulling 2bada8a74506:  79% ▕██████████████    ▏ 3.7 GB/4.7 GB   19 MB/s     50s[K[?25h[?2026l[?2026h[?25l[A[1Gpulling manifest [K
pulling 2bada8a74506:  79% ▕██████████████    ▏ 3.7 GB/4.7 GB   19 MB/s     50s[K[?25h[?2026l[?2026h[?25l[A[1Gpulling manifest [K
pulling 2bada8a74506:  79% ▕██████████████    ▏ 3.7 GB/4.7 GB   19 MB/s     50s[K[?25h[?2026l[?2026h[?25l[A[1Gpulling manifest [K
pulling 2bada8a74506:  79% ▕██████████████    ▏ 3.7 GB/4.7 GB   19 MB/s     50s[K[?25h[?2026l[?2026h[?25l[A[1Gpulling manifest [K
pulling 2bada8a74506:  79% ▕██████████████    ▏ 3.7 GB/4.7 GB   19 MB/s     50s[K[?25h[?2026l[?2026h[?25l[A[1Gpulling manifest [K
pulling 2bada8a74506:  79% ▕██████████████    ▏ 3.7 GB/4.7 GB   19 MB/s     50s[K[?25h[?2026l[?2026h[?25l[A[1Gpulling manifest [K
pulling 2bada8a74506:  79% ▕██████████████    ▏ 3.7 GB/4.7 GB   19 MB/s     50s[K[?25h[?2026l[?2026h[?25l[A[1Gpulling manifest [K
pulling 2bada8a74506:  79% ▕██████████████    ▏ 3.7 GB/4.7 GB   19 MB/s     50s[K[?25h[?2026l[?2026h[?25l[A[1Gpulling manifest [K
pulling 2bada8a74506:  79% ▕██████████████    ▏ 3.7 GB/4.7 GB   19 MB/s     50s[K[?25h[?2026l[?2026h[?25l[A[1Gpulling manifest [K
pulling 2bada8a74506:  79% ▕██████████████    ▏ 3.7 GB/4.7 GB   19 MB/s     50s[K[?25h[?2026l[?2026h[?25l[A[1Gpulling manifest [K
pulling 2bada8a74506:  79% ▕██████████████    ▏ 3.7 GB/4.7 GB   19 MB/s     50s[K[?25h[?2026l[?2026h[?25l[A[1Gpulling manifest [K
pulling 2bada8a74506:  79% ▕██████████████    ▏ 3.7 GB/4.7 GB   19 MB/s     50s[K[?25h[?2026l[?2026h[?25l[A[1Gpulling manifest [K
pulling 2bada8a74506:  80% ▕██████████████    ▏ 3.7 GB/4.7 GB   19 MB/s     49s[K[?25h[?2026l[?2026h[?25l[A[1Gpulling manifest [K
pulling 2bada8a74506:  80% ▕██████████████    ▏ 3.7 GB/4.7 GB   19 MB/s     49s[K[?25h[?2026l[?2026h[?25l[A[1Gpulling manifest [K
pulling 2bada8a74506:  80% ▕██████████████    ▏ 3.7 GB/4.7 GB   19 MB/s     49s[K[?25h[?2026l[?2026h[?25l[A[1Gpulling manifest [K
pulling 2bada8a74506:  80% ▕██████████████    ▏ 3.7 GB/4.7 GB   19 MB/s     49s[K[?25h[?2026l[?2026h[?25l[A[1Gpulling manifest [K
pulling 2bada8a74506:  80% ▕██████████████    ▏ 3.7 GB/4.7 GB   19 MB/s     49s[K[?25h[?2026l[?2026h[?25l[A[1Gpulling manifest [K
pulling 2bada8a74506:  80% ▕██████████████    ▏ 3.7 GB/4.7 GB   19 MB/s     49s[K[?25h[?2026l[?2026h[?25l[A[1Gpulling manifest [K
pulling 2bada8a74506:  80% ▕██████████████    ▏ 3.7 GB/4.7 GB   19 MB/s     49s[K[?25h[?2026l[?2026h[?25l[A[1Gpulling manifest [K
pulling 2bada8a74506:  80% ▕██████████████    ▏ 3.7 GB/4.7 GB   19 MB/s     48s[K[?25h[?2026l[?2026h[?25l[A[1Gpulling manifest [K
pulling 2bada8a74506:  80% ▕██████████████    ▏ 3.7 GB/4.7 GB   19 MB/s     48s[K[?25h[?2026l[?2026h[?25l[A[1Gpulling manifest [K
pulling 2bada8a74506:  80% ▕██████████████    ▏ 3.7 GB/4.7 GB   19 MB/s     48s[K[?25h[?2026l[?2026h[?25l[A[1Gpulling manifest [K
pulling 2bada8a74506:  80% ▕██████████████    ▏ 3.7 GB/4.7 GB   19 MB/s     48s[K[?25h[?2026l[?2026h[?25l[A[1Gpulling manifest [K
pulling 2bada8a74506:  80% ▕██████████████    ▏ 3.7 GB/4.7 GB   19 MB/s     48s[K[?25h[?2026l[?2026h[?25l[A[1Gpulling manifest [K
pulling 2bada8a74506:  80% ▕██████████████    ▏ 3.7 GB/4.7 GB   19 MB/s     48s[K[?25h[?2026l[?2026h[?25l[A[1Gpulling manifest [K
pulling 2bada8a74506:  80% ▕██████████████    ▏ 3.7 GB/4.7 GB   19 MB/s     48s[K[?25h[?2026l[?2026h[?25l[A[1Gpulling manifest [K
pulling 2bada8a74506:  80% ▕██████████████    ▏ 3.8 GB/4.7 GB   19 MB/s     48s[K[?25h[?2026l[?2026h[?25l[A[1Gpulling manifest [K
pulling 2bada8a74506:  80% ▕██████████████    ▏ 3.8 GB/4.7 GB   19 MB/s     48s[K[?25h[?2026l[?2026h[?25l[A[1Gpulling manifest [K
pulling 2bada8a74506:  80% ▕██████████████    ▏ 3.8 GB/4.7 GB   19 MB/s     47s[K[?25h[?2026l[?2026h[?25l[A[1Gpulling manifest [K
pulling 2bada8a74506:  80% ▕██████████████    ▏ 3.8 GB/4.7 GB   19 MB/s     48s[K[?25h[?2026l[?2026h[?25l[A[1Gpulling manifest [K
pulling 2bada8a74506:  80% ▕██████████████    ▏ 3.8 GB/4.7 GB   19 MB/s     48s[K[?25h[?2026l[?2026h[?25l[A[1Gpulling manifest [K
pulling 2bada8a74506:  80% ▕██████████████    ▏ 3.8 GB/4.7 GB   19 MB/s     47s[K[?25h[?2026l[?2026h[?25l[A[1Gpulling manifest [K
pulling 2bada8a74506:  80% ▕██████████████    ▏ 3.8 GB/4.7 GB   19 MB/s     47s[K[?25h[?2026l[?2026h[?25l[A[1Gpulling manifest [K
pulling 2bada8a74506:  80% ▕██████████████    ▏ 3.8 GB/4.7 GB   19 MB/s     47s[K[?25h[?2026l[?2026h[?25l[A[1Gpulling manifest [K
pulling 2bada8a74506:  80% ▕██████████████    ▏ 3.8 GB/4.7 GB   19 MB/s     47s[K[?25h[?2026l[?2026h[?25l[A[1Gpulling manifest [K
pulling 2bada8a74506:  80% ▕██████████████    ▏ 3.8 GB/4.7 GB   19 MB/s     47s[K[?25h[?2026l[?2026h[?25l[A[1Gpulling manifest [K
pulling 2bada8a74506:  81% ▕██████████████    ▏ 3.8 GB/4.7 GB   19 MB/s     47s[K[?25h[?2026l[?2026h[?25l[A[1Gpulling manifest [K
pulling 2bada8a74506:  81% ▕██████████████    ▏ 3.8 GB/4.7 GB   19 MB/s     47s[K[?25h[?2026l[?2026h[?25l[A[1Gpulling manifest [K
pulling 2bada8a74506:  81% ▕██████████████    ▏ 3.8 GB/4.7 GB   19 MB/s     47s[K[?25h[?2026l[?2026h[?25l[A[1Gpulling manifest [K
pulling 2bada8a74506:  81% ▕██████████████    ▏ 3.8 GB/4.7 GB   19 MB/s     46s[K[?25h[?2026l[?2026h[?25l[A[1Gpulling manifest [K
pulling 2bada8a74506:  81% ▕██████████████    ▏ 3.8 GB/4.7 GB   19 MB/s     46s[K[?25h[?2026l[?2026h[?25l[A[1Gpulling manifest [K
pulling 2bada8a74506:  81% ▕██████████████    ▏ 3.8 GB/4.7 GB   19 MB/s     46s[K[?25h[?2026l[?2026h[?25l[A[1Gpulling manifest [K
pulling 2bada8a74506:  81% ▕██████████████    ▏ 3.8 GB/4.7 GB   19 MB/s     46s[K[?25h[?2026l[?2026h[?25l[A[1Gpulling manifest [K
pulling 2bada8a74506:  81% ▕██████████████    ▏ 3.8 GB/4.7 GB   19 MB/s     45s[K[?25h[?2026l[?2026h[?25l[A[1Gpulling manifest [K
pulling 2bada8a74506:  81% ▕██████████████    ▏ 3.8 GB/4.7 GB   19 MB/s     45s[K[?25h[?2026l[?2026h[?25l[A[1Gpulling manifest [K
pulling 2bada8a74506:  81% ▕██████████████    ▏ 3.8 GB/4.7 GB   19 MB/s     45s[K[?25h[?2026l[?2026h[?25l[A[1Gpulling manifest [K
pulling 2bada8a74506:  81% ▕██████████████    ▏ 3.8 GB/4.7 GB   19 MB/s     45s[K[?25h[?2026l[?2026h[?25l[A[1Gpulling manifest [K
pulling 2bada8a74506:  81% ▕██████████████    ▏ 3.8 GB/4.7 GB   19 MB/s     45s[K[?25h[?2026l[?2026h[?25l[A[1Gpulling manifest [K
pulling 2bada8a74506:  81% ▕██████████████    ▏ 3.8 GB/4.7 GB   19 MB/s     45s[K[?25h[?2026l[?2026h[?25l[A[1Gpulling manifest [K
pulling 2bada8a74506:  81% ▕██████████████    ▏ 3.8 GB/4.7 GB   19 MB/s     45s[K[?25h[?2026l[?2026h[?25l[A[1Gpulling manifest [K
pulling 2bada8a74506:  81% ▕██████████████    ▏ 3.8 GB/4.7 GB   19 MB/s     45s[K[?25h[?2026l[?2026h[?25l[A[1Gpulling manifest [K
pulling 2bada8a74506:  81% ▕██████████████    ▏ 3.8 GB/4.7 GB   19 MB/s     45s[K[?25h[?2026l[?2026h[?25l[A[1Gpulling manifest [K
pulling 2bada8a74506:  81% ▕██████████████    ▏ 3.8 GB/4.7 GB   19 MB/s     45s[K[?25h[?2026l[?2026h[?25l[A[1Gpulling manifest [K
pulling 2bada8a74506:  81% ▕██████████████    ▏ 3.8 GB/4.7 GB   19 MB/s     45s[K[?25h[?2026l[?2026h[?25l[A[1Gpulling manifest [K
pulling 2bada8a74506:  81% ▕██████████████    ▏ 3.8 GB/4.7 GB   19 MB/s     45s[K[?25h[?2026l[?2026h[?25l[A[1Gpulling manifest [K
pulling 2bada8a74506:  81% ▕██████████████    ▏ 3.8 GB/4.7 GB   19 MB/s     45s[K[?25h[?2026l[?2026h[?25l[A[1Gpulling manifest [K
pulling 2bada8a74506:  81% ▕██████████████    ▏ 3.8 GB/4.7 GB   19 MB/s     44s[K[?25h[?2026l[?2026h[?25l[A[1Gpulling manifest [K
pulling 2bada8a74506:  81% ▕██████████████    ▏ 3.8 GB/4.7 GB   19 MB/s     44s[K[?25h[?2026l[?2026h[?25l[A[1Gpulling manifest [K
pulling 2bada8a74506:  81% ▕██████████████    ▏ 3.8 GB/4.7 GB   19 MB/s     44s[K[?25h[?2026l[?2026h[?25l[A[1Gpulling manifest [K
pulling 2bada8a74506:  81% ▕██████████████    ▏ 3.8 GB/4.7 GB   19 MB/s     45s[K[?25h[?2026l[?2026h[?25l[A[1Gpulling manifest [K
pulling 2bada8a74506:  81% ▕██████████████    ▏ 3.8 GB/4.7 GB   19 MB/s     44s[K[?25h[?2026l[?2026h[?25l[A[1Gpulling manifest [K
pulling 2bada8a74506:  81% ▕██████████████    ▏ 3.8 GB/4.7 GB   19 MB/s     44s[K[?25h[?2026l[?2026h[?25l[A[1Gpulling manifest [K
pulling 2bada8a74506:  82% ▕██████████████    ▏ 3.8 GB/4.7 GB   19 MB/s     44s[K[?25h[?2026l[?2026h[?25l[A[1Gpulling manifest [K
pulling 2bada8a74506:  82% ▕██████████████    ▏ 3.8 GB/4.7 GB   19 MB/s     44s[K[?25h[?2026l[?2026h[?25l[A[1Gpulling manifest [K
pulling 2bada8a74506:  82% ▕██████████████    ▏ 3.8 GB/4.7 GB   19 MB/s     44s[K[?25h[?2026l[?2026h[?25l[A[1Gpulling manifest [K
pulling 2bada8a74506:  82% ▕██████████████    ▏ 3.8 GB/4.7 GB   19 MB/s     44s[K[?25h[?2026l[?2026h[?25l[A[1Gpulling manifest [K
pulling 2bada8a74506:  82% ▕██████████████    ▏ 3.8 GB/4.7 GB   19 MB/s     44s[K[?25h[?2026l[?2026h[?25l[A[1Gpulling manifest [K
pulling 2bada8a74506:  82% ▕██████████████    ▏ 3.8 GB/4.7 GB   19 MB/s     44s[K[?25h[?2026l[?2026h[?25l[A[1Gpulling manifest [K
pulling 2bada8a74506:  82% ▕██████████████    ▏ 3.8 GB/4.7 GB   19 MB/s     44s[K[?25h[?2026l[?2026h[?25l[A[1Gpulling manifest [K
pulling 2bada8a74506:  82% ▕██████████████    ▏ 3.8 GB/4.7 GB   19 MB/s     43s[K[?25h[?2026l[?2026h[?25l[A[1Gpulling manifest [K
pulling 2bada8a74506:  82% ▕██████████████    ▏ 3.8 GB/4.7 GB   19 MB/s     43s[K[?25h[?2026l[?2026h[?25l[A[1Gpulling manifest [K
pulling 2bada8a74506:  82% ▕██████████████    ▏ 3.8 GB/4.7 GB   19 MB/s     43s[K[?25h[?2026l[?2026h[?25l[A[1Gpulling manifest [K
pulling 2bada8a74506:  82% ▕██████████████    ▏ 3.8 GB/4.7 GB   19 MB/s     43s[K[?25h[?2026l[?2026h[?25l[A[1Gpulling manifest [K
pulling 2bada8a74506:  82% ▕██████████████    ▏ 3.8 GB/4.7 GB   19 MB/s     43s[K[?25h[?2026l[?2026h[?25l[A[1Gpulling manifest [K
pulling 2bada8a74506:  82% ▕██████████████    ▏ 3.8 GB/4.7 GB   19 MB/s     43s[K[?25h[?2026l[?2026h[?25l[A[1Gpulling manifest [K
pulling 2bada8a74506:  82% ▕██████████████    ▏ 3.8 GB/4.7 GB   19 MB/s     43s[K[?25h[?2026l[?2026h[?25l[A[1Gpulling manifest [K
pulling 2bada8a74506:  82% ▕██████████████    ▏ 3.8 GB/4.7 GB   19 MB/s     43s[K[?25h[?2026l[?2026h[?25l[A[1Gpulling manifest [K
pulling 2bada8a74506:  82% ▕██████████████    ▏ 3.8 GB/4.7 GB   19 MB/s     42s[K[?25h[?2026l[?2026h[?25l[A[1Gpulling manifest [K
pulling 2bada8a74506:  82% ▕██████████████    ▏ 3.8 GB/4.7 GB   19 MB/s     42s[K[?25h[?2026l[?2026h[?25l[A[1Gpulling manifest [K
pulling 2bada8a74506:  82% ▕██████████████    ▏ 3.9 GB/4.7 GB   19 MB/s     42s[K[?25h[?2026l[?2026h[?25l[A[1Gpulling manifest [K
pulling 2bada8a74506:  82% ▕██████████████    ▏ 3.9 GB/4.7 GB   19 MB/s     42s[K[?25h[?2026l[?2026h[?25l[A[1Gpulling manifest [K
pulling 2bada8a74506:  82% ▕██████████████    ▏ 3.9 GB/4.7 GB   19 MB/s     42s[K[?25h[?2026l[?2026h[?25l[A[1Gpulling manifest [K
pulling 2bada8a74506:  82% ▕██████████████    ▏ 3.9 GB/4.7 GB   19 MB/s     42s[K[?25h[?2026l[?2026h[?25l[A[1Gpulling manifest [K
pulling 2bada8a74506:  82% ▕██████████████    ▏ 3.9 GB/4.7 GB   19 MB/s     42s[K[?25h[?2026l[?2026h[?25l[A[1Gpulling manifest [K
pulling 2bada8a74506:  82% ▕██████████████    ▏ 3.9 GB/4.7 GB   19 MB/s     42s[K[?25h[?2026l[?2026h[?25l[A[1Gpulling manifest [K
pulling 2bada8a74506:  82% ▕██████████████    ▏ 3.9 GB/4.7 GB   19 MB/s     42s[K[?25h[?2026l[?2026h[?25l[A[1Gpulling manifest [K
pulling 2bada8a74506:  82% ▕██████████████    ▏ 3.9 GB/4.7 GB   19 MB/s     42s[K[?25h[?2026l[?2026h[?25l[A[1Gpulling manifest [K
pulling 2bada8a74506:  83% ▕██████████████    ▏ 3.9 GB/4.7 GB   19 MB/s     41s[K[?25h[?2026l[?2026h[?25l[A[1Gpulling manifest [K
pulling 2bada8a74506:  83% ▕██████████████    ▏ 3.9 GB/4.7 GB   19 MB/s     41s[K[?25h[?2026l[?2026h[?25l[A[1Gpulling manifest [K
pulling 2bada8a74506:  83% ▕██████████████    ▏ 3.9 GB/4.7 GB   19 MB/s     41s[K[?25h[?2026l[?2026h[?25l[A[1Gpulling manifest [K
pulling 2bada8a74506:  83% ▕██████████████    ▏ 3.9 GB/4.7 GB   19 MB/s     41s[K[?25h[?2026l[?2026h[?25l[A[1Gpulling manifest [K
pulling 2bada8a74506:  83% ▕██████████████    ▏ 3.9 GB/4.7 GB   19 MB/s     41s[K[?25h[?2026l[?2026h[?25l[A[1Gpulling manifest [K
pulling 2bada8a74506:  83% ▕██████████████    ▏ 3.9 GB/4.7 GB   19 MB/s     41s[K[?25h[?2026l[?2026h[?25l[A[1Gpulling manifest [K
pulling 2bada8a74506:  83% ▕██████████████    ▏ 3.9 GB/4.7 GB   19 MB/s     41s[K[?25h[?2026l[?2026h[?25l[A[1Gpulling manifest [K
pulling 2bada8a74506:  83% ▕██████████████    ▏ 3.9 GB/4.7 GB   19 MB/s     41s[K[?25h[?2026l[?2026h[?25l[A[1Gpulling manifest [K
pulling 2bada8a74506:  83% ▕██████████████    ▏ 3.9 GB/4.7 GB   19 MB/s     40s[K[?25h[?2026l[?2026h[?25l[A[1Gpulling manifest [K
pulling 2bada8a74506:  83% ▕██████████████    ▏ 3.9 GB/4.7 GB   19 MB/s     40s[K[?25h[?2026l[?2026h[?25l[A[1Gpulling manifest [K
pulling 2bada8a74506:  83% ▕██████████████    ▏ 3.9 GB/4.7 GB   19 MB/s     40s[K[?25h[?2026l[?2026h[?25l[A[1Gpulling manifest [K
pulling 2bada8a74506:  83% ▕██████████████    ▏ 3.9 GB/4.7 GB   19 MB/s     40s[K[?25h[?2026l[?2026h[?25l[A[1Gpulling manifest [K
pulling 2bada8a74506:  83% ▕██████████████    ▏ 3.9 GB/4.7 GB   19 MB/s     40s[K[?25h[?2026l[?2026h[?25l[A[1Gpulling manifest [K
pulling 2bada8a74506:  83% ▕██████████████    ▏ 3.9 GB/4.7 GB   19 MB/s     40s[K[?25h[?2026l[?2026h[?25l[A[1Gpulling manifest [K
pulling 2bada8a74506:  83% ▕██████████████    ▏ 3.9 GB/4.7 GB   19 MB/s     40s[K[?25h[?2026l[?2026h[?25l[A[1Gpulling manifest [K
pulling 2bada8a74506:  83% ▕██████████████    ▏ 3.9 GB/4.7 GB   19 MB/s     39s[K[?25h[?2026l[?2026h[?25l[A[1Gpulling manifest [K
pulling 2bada8a74506:  83% ▕██████████████    ▏ 3.9 GB/4.7 GB   19 MB/s     39s[K[?25h[?2026l[?2026h[?25l[A[1Gpulling manifest [K
pulling 2bada8a74506:  83% ▕██████████████    ▏ 3.9 GB/4.7 GB   19 MB/s     39s[K[?25h[?2026l[?2026h[?25l[A[1Gpulling manifest [K
pulling 2bada8a74506:  83% ▕███████████████   ▏ 3.9 GB/4.7 GB   19 MB/s     39s[K[?25h[?2026l[?2026h[?25l[A[1Gpulling manifest [K
pulling 2bada8a74506:  83% ▕███████████████   ▏ 3.9 GB/4.7 GB   19 MB/s     39s[K[?25h[?2026l[?2026h[?25l[A[1Gpulling manifest [K
pulling 2bada8a74506:  83% ▕███████████████   ▏ 3.9 GB/4.7 GB   19 MB/s     39s[K[?25h[?2026l[?2026h[?25l[A[1Gpulling manifest [K
pulling 2bada8a74506:  83% ▕███████████████   ▏ 3.9 GB/4.7 GB   19 MB/s     39s[K[?25h[?2026l[?2026h[?25l[A[1Gpulling manifest [K
pulling 2bada8a74506:  84% ▕███████████████   ▏ 3.9 GB/4.7 GB   19 MB/s     39s[K[?25h[?2026l[?2026h[?25l[A[1Gpulling manifest [K
pulling 2bada8a74506:  84% ▕███████████████   ▏ 3.9 GB/4.7 GB   19 MB/s     39s[K[?25h[?2026l[?2026h[?25l[A[1Gpulling manifest [K
pulling 2bada8a74506:  84% ▕███████████████   ▏ 3.9 GB/4.7 GB   19 MB/s     39s[K[?25h[?2026l[?2026h[?25l[A[1Gpulling manifest [K
pulling 2bada8a74506:  84% ▕███████████████   ▏ 3.9 GB/4.7 GB   19 MB/s     38s[K[?25h[?2026l[?2026h[?25l[A[1Gpulling manifest [K
pulling 2bada8a74506:  84% ▕███████████████   ▏ 3.9 GB/4.7 GB   19 MB/s     38s[K[?25h[?2026l[?2026h[?25l[A[1Gpulling manifest [K
pulling 2bada8a74506:  84% ▕███████████████   ▏ 3.9 GB/4.7 GB   19 MB/s     38s[K[?25h[?2026l[?2026h[?25l[A[1Gpulling manifest [K
pulling 2bada8a74506:  84% ▕███████████████   ▏ 3.9 GB/4.7 GB   19 MB/s     38s[K[?25h[?2026l[?2026h[?25l[A[1Gpulling manifest [K
pulling 2bada8a74506:  84% ▕███████████████   ▏ 3.9 GB/4.7 GB   19 MB/s     38s[K[?25h[?2026l[?2026h[?25l[A[1Gpulling manifest [K
pulling 2bada8a74506:  84% ▕███████████████   ▏ 3.9 GB/4.7 GB   19 MB/s     38s[K[?25h[?2026l[?2026h[?25l[A[1Gpulling manifest [K
pulling 2bada8a74506:  84% ▕███████████████   ▏ 3.9 GB/4.7 GB   19 MB/s     38s[K[?25h[?2026l[?2026h[?25l[A[1Gpulling manifest [K
pulling 2bada8a74506:  84% ▕███████████████   ▏ 3.9 GB/4.7 GB   19 MB/s     38s[K[?25h[?2026l[?2026h[?25l[A[1Gpulling manifest [K
pulling 2bada8a74506:  84% ▕███████████████   ▏ 3.9 GB/4.7 GB   19 MB/s     38s[K[?25h[?2026l[?2026h[?25l[A[1Gpulling manifest [K
pulling 2bada8a74506:  84% ▕███████████████   ▏ 3.9 GB/4.7 GB   19 MB/s     37s[K[?25h[?2026l[?2026h[?25l[A[1Gpulling manifest [K
pulling 2bada8a74506:  84% ▕███████████████   ▏ 3.9 GB/4.7 GB   19 MB/s     37s[K[?25h[?2026l[?2026h[?25l[A[1Gpulling manifest [K
pulling 2bada8a74506:  84% ▕███████████████   ▏ 3.9 GB/4.7 GB   19 MB/s     37s[K[?25h[?2026l[?2026h[?25l[A[1Gpulling manifest [K
pulling 2bada8a74506:  84% ▕███████████████   ▏ 3.9 GB/4.7 GB   19 MB/s     37s[K[?25h[?2026l[?2026h[?25l[A[1Gpulling manifest [K
pulling 2bada8a74506:  84% ▕███████████████   ▏ 3.9 GB/4.7 GB   19 MB/s     37s[K[?25h[?2026l[?2026h[?25l[A[1Gpulling manifest [K
pulling 2bada8a74506:  84% ▕███████████████   ▏ 3.9 GB/4.7 GB   19 MB/s     37s[K[?25h[?2026l[?2026h[?25l[A[1Gpulling manifest [K
pulling 2bada8a74506:  84% ▕███████████████   ▏ 3.9 GB/4.7 GB   19 MB/s     37s[K[?25h[?2026l[?2026h[?25l[A[1Gpulling manifest [K
pulling 2bada8a74506:  84% ▕███████████████   ▏ 3.9 GB/4.7 GB   19 MB/s     37s[K[?25h[?2026l[?2026h[?25l[A[1Gpulling manifest [K
pulling 2bada8a74506:  84% ▕███████████████   ▏ 4.0 GB/4.7 GB   19 MB/s     36s[K[?25h[?2026l[?2026h[?25l[A[1Gpulling manifest [K
pulling 2bada8a74506:  84% ▕███████████████   ▏ 4.0 GB/4.7 GB   19 MB/s     36s[K[?25h[?2026l[?2026h[?25l[A[1Gpulling manifest [K
pulling 2bada8a74506:  84% ▕███████████████   ▏ 4.0 GB/4.7 GB   19 MB/s     36s[K[?25h[?2026l[?2026h[?25l[A[1Gpulling manifest [K
pulling 2bada8a74506:  84% ▕███████████████   ▏ 4.0 GB/4.7 GB   19 MB/s     36s[K[?25h[?2026l[?2026h[?25l[A[1Gpulling manifest [K
pulling 2bada8a74506:  85% ▕███████████████   ▏ 4.0 GB/4.7 GB   19 MB/s     36s[K[?25h[?2026l[?2026h[?25l[A[1Gpulling manifest [K
pulling 2bada8a74506:  85% ▕███████████████   ▏ 4.0 GB/4.7 GB   19 MB/s     36s[K[?25h[?2026l[?2026h[?25l[A[1Gpulling manifest [K
pulling 2bada8a74506:  85% ▕███████████████   ▏ 4.0 GB/4.7 GB   19 MB/s     36s[K[?25h[?2026l[?2026h[?25l[A[1Gpulling manifest [K
pulling 2bada8a74506:  85% ▕███████████████   ▏ 4.0 GB/4.7 GB   19 MB/s     36s[K[?25h[?2026l[?2026h[?25l[A[1Gpulling manifest [K
pulling 2bada8a74506:  85% ▕███████████████   ▏ 4.0 GB/4.7 GB   19 MB/s     36s[K[?25h[?2026l[?2026h[?25l[A[1Gpulling manifest [K
pulling 2bada8a74506:  85% ▕███████████████   ▏ 4.0 GB/4.7 GB   19 MB/s     36s[K[?25h[?2026l[?2026h[?25l[A[1Gpulling manifest [K
pulling 2bada8a74506:  85% ▕███████████████   ▏ 4.0 GB/4.7 GB   19 MB/s     36s[K[?25h[?2026l[?2026h[?25l[A[1Gpulling manifest [K
pulling 2bada8a74506:  85% ▕███████████████   ▏ 4.0 GB/4.7 GB   19 MB/s     35s[K[?25h[?2026l[?2026h[?25l[A[1Gpulling manifest [K
pulling 2bada8a74506:  85% ▕███████████████   ▏ 4.0 GB/4.7 GB   19 MB/s     35s[K[?25h[?2026l[?2026h[?25l[A[1Gpulling manifest [K
pulling 2bada8a74506:  85% ▕███████████████   ▏ 4.0 GB/4.7 GB   19 MB/s     35s[K[?25h[?2026l[?2026h[?25l[A[1Gpulling manifest [K
pulling 2bada8a74506:  85% ▕███████████████   ▏ 4.0 GB/4.7 GB   19 MB/s     35s[K[?25h[?2026l[?2026h[?25l[A[1Gpulling manifest [K
pulling 2bada8a74506:  85% ▕███████████████   ▏ 4.0 GB/4.7 GB   19 MB/s     35s[K[?25h[?2026l[?2026h[?25l[A[1Gpulling manifest [K
pulling 2bada8a74506:  85% ▕███████████████   ▏ 4.0 GB/4.7 GB   19 MB/s     35s[K[?25h[?2026l[?2026h[?25l[A[1Gpulling manifest [K
pulling 2bada8a74506:  85% ▕███████████████   ▏ 4.0 GB/4.7 GB   19 MB/s     34s[K[?25h[?2026l[?2026h[?25l[A[1Gpulling manifest [K
pulling 2bada8a74506:  85% ▕███████████████   ▏ 4.0 GB/4.7 GB   19 MB/s     34s[K[?25h[?2026l[?2026h[?25l[A[1Gpulling manifest [K
pulling 2bada8a74506:  85% ▕███████████████   ▏ 4.0 GB/4.7 GB   19 MB/s     34s[K[?25h[?2026l[?2026h[?25l[A[1Gpulling manifest [K
pulling 2bada8a74506:  85% ▕███████████████   ▏ 4.0 GB/4.7 GB   19 MB/s     34s[K[?25h[?2026l[?2026h[?25l[A[1Gpulling manifest [K
pulling 2bada8a74506:  85% ▕███████████████   ▏ 4.0 GB/4.7 GB   19 MB/s     34s[K[?25h[?2026l[?2026h[?25l[A[1Gpulling manifest [K
pulling 2bada8a74506:  85% ▕███████████████   ▏ 4.0 GB/4.7 GB   19 MB/s     34s[K[?25h[?2026l[?2026h[?25l[A[1Gpulling manifest [K
pulling 2bada8a74506:  85% ▕███████████████   ▏ 4.0 GB/4.7 GB   19 MB/s     34s[K[?25h[?2026l[?2026h[?25l[A[1Gpulling manifest [K
pulling 2bada8a74506:  85% ▕███████████████   ▏ 4.0 GB/4.7 GB   19 MB/s     34s[K[?25h[?2026l[?2026h[?25l[A[1Gpulling manifest [K
pulling 2bada8a74506:  85% ▕███████████████   ▏ 4.0 GB/4.7 GB   19 MB/s     34s[K[?25h[?2026l[?2026h[?25l[A[1Gpulling manifest [K
pulling 2bada8a74506:  85% ▕███████████████   ▏ 4.0 GB/4.7 GB   19 MB/s     34s[K[?25h[?2026l[?2026h[?25l[A[1Gpulling manifest [K
pulling 2bada8a74506:  85% ▕███████████████   ▏ 4.0 GB/4.7 GB   19 MB/s     34s[K[?25h[?2026l[?2026h[?25l[A[1Gpulling manifest [K
pulling 2bada8a74506:  85% ▕███████████████   ▏ 4.0 GB/4.7 GB   19 MB/s     34s[K[?25h[?2026l[?2026h[?25l[A[1Gpulling manifest [K
pulling 2bada8a74506:  85% ▕███████████████   ▏ 4.0 GB/4.7 GB   19 MB/s     34s[K[?25h[?2026l[?2026h[?25l[A[1Gpulling manifest [K
pulling 2bada8a74506:  86% ▕███████████████   ▏ 4.0 GB/4.7 GB   19 MB/s     34s[K[?25h[?2026l[?2026h[?25l[A[1Gpulling manifest [K
pulling 2bada8a74506:  86% ▕███████████████   ▏ 4.0 GB/4.7 GB   19 MB/s     34s[K[?25h[?2026l[?2026h[?25l[A[1Gpulling manifest [K
pulling 2bada8a74506:  86% ▕███████████████   ▏ 4.0 GB/4.7 GB   19 MB/s     33s[K[?25h[?2026l[?2026h[?25l[A[1Gpulling manifest [K
pulling 2bada8a74506:  86% ▕███████████████   ▏ 4.0 GB/4.7 GB   19 MB/s     33s[K[?25h[?2026l[?2026h[?25l[A[1Gpulling manifest [K
pulling 2bada8a74506:  86% ▕███████████████   ▏ 4.0 GB/4.7 GB   19 MB/s     33s[K[?25h[?2026l[?2026h[?25l[A[1Gpulling manifest [K
pulling 2bada8a74506:  86% ▕███████████████   ▏ 4.0 GB/4.7 GB   19 MB/s     33s[K[?25h[?2026l[?2026h[?25l[A[1Gpulling manifest [K
pulling 2bada8a74506:  86% ▕███████████████   ▏ 4.0 GB/4.7 GB   19 MB/s     33s[K[?25h[?2026l[?2026h[?25l[A[1Gpulling manifest [K
pulling 2bada8a74506:  86% ▕███████████████   ▏ 4.0 GB/4.7 GB   19 MB/s     33s[K[?25h[?2026l[?2026h[?25l[A[1Gpulling manifest [K
pulling 2bada8a74506:  86% ▕███████████████   ▏ 4.0 GB/4.7 GB   19 MB/s     33s[K[?25h[?2026l[?2026h[?25l[A[1Gpulling manifest [K
pulling 2bada8a74506:  86% ▕███████████████   ▏ 4.0 GB/4.7 GB   19 MB/s     33s[K[?25h[?2026l[?2026h[?25l[A[1Gpulling manifest [K
pulling 2bada8a74506:  86% ▕███████████████   ▏ 4.0 GB/4.7 GB   19 MB/s     33s[K[?25h[?2026l[?2026h[?25l[A[1Gpulling manifest [K
pulling 2bada8a74506:  86% ▕███████████████   ▏ 4.0 GB/4.7 GB   19 MB/s     33s[K[?25h[?2026l[?2026h[?25l[A[1Gpulling manifest [K
pulling 2bada8a74506:  86% ▕███████████████   ▏ 4.0 GB/4.7 GB   19 MB/s     32s[K[?25h[?2026l[?2026h[?25l[A[1Gpulling manifest [K
pulling 2bada8a74506:  86% ▕███████████████   ▏ 4.0 GB/4.7 GB   19 MB/s     32s[K[?25h[?2026l[?2026h[?25l[A[1Gpulling manifest [K
pulling 2bada8a74506:  86% ▕███████████████   ▏ 4.0 GB/4.7 GB   19 MB/s     32s[K[?25h[?2026l[?2026h[?25l[A[1Gpulling manifest [K
pulling 2bada8a74506:  86% ▕███████████████   ▏ 4.0 GB/4.7 GB   19 MB/s     32s[K[?25h[?2026l[?2026h[?25l[A[1Gpulling manifest [K
pulling 2bada8a74506:  86% ▕███████████████   ▏ 4.0 GB/4.7 GB   19 MB/s     32s[K[?25h[?2026l[?2026h[?25l[A[1Gpulling manifest [K
pulling 2bada8a74506:  86% ▕███████████████   ▏ 4.0 GB/4.7 GB   19 MB/s     32s[K[?25h[?2026l[?2026h[?25l[A[1Gpulling manifest [K
pulling 2bada8a74506:  86% ▕███████████████   ▏ 4.0 GB/4.7 GB   19 MB/s     32s[K[?25h[?2026l[?2026h[?25l[A[1Gpulling manifest [K
pulling 2bada8a74506:  86% ▕███████████████   ▏ 4.0 GB/4.7 GB   19 MB/s     32s[K[?25h[?2026l[?2026h[?25l[A[1Gpulling manifest [K
pulling 2bada8a74506:  86% ▕███████████████   ▏ 4.0 GB/4.7 GB   19 MB/s     32s[K[?25h[?2026l[?2026h[?25l[A[1Gpulling manifest [K
pulling 2bada8a74506:  86% ▕███████████████   ▏ 4.0 GB/4.7 GB   19 MB/s     31s[K[?25h[?2026l[?2026h[?25l[A[1Gpulling manifest [K
pulling 2bada8a74506:  86% ▕███████████████   ▏ 4.0 GB/4.7 GB   19 MB/s     31s[K[?25h[?2026l[?2026h[?25l[A[1Gpulling manifest [K
pulling 2bada8a74506:  86% ▕███████████████   ▏ 4.1 GB/4.7 GB   19 MB/s     31s[K[?25h[?2026l[?2026h[?25l[A[1Gpulling manifest [K
pulling 2bada8a74506:  87% ▕███████████████   ▏ 4.1 GB/4.7 GB   19 MB/s     31s[K[?25h[?2026l[?2026h[?25l[A[1Gpulling manifest [K
pulling 2bada8a74506:  87% ▕███████████████   ▏ 4.1 GB/4.7 GB   19 MB/s     31s[K[?25h[?2026l[?2026h[?25l[A[1Gpulling manifest [K
pulling 2bada8a74506:  87% ▕███████████████   ▏ 4.1 GB/4.7 GB   19 MB/s     31s[K[?25h[?2026l[?2026h[?25l[A[1Gpulling manifest [K
pulling 2bada8a74506:  87% ▕███████████████   ▏ 4.1 GB/4.7 GB   19 MB/s     31s[K[?25h[?2026l[?2026h[?25l[A[1Gpulling manifest [K
pulling 2bada8a74506:  87% ▕███████████████   ▏ 4.1 GB/4.7 GB   19 MB/s     31s[K[?25h[?2026l[?2026h[?25l[A[1Gpulling manifest [K
pulling 2bada8a74506:  87% ▕███████████████   ▏ 4.1 GB/4.7 GB   19 MB/s     31s[K[?25h[?2026l[?2026h[?25l[A[1Gpulling manifest [K
pulling 2bada8a74506:  87% ▕███████████████   ▏ 4.1 GB/4.7 GB   19 MB/s     31s[K[?25h[?2026l[?2026h[?25l[A[1Gpulling manifest [K
pulling 2bada8a74506:  87% ▕███████████████   ▏ 4.1 GB/4.7 GB   19 MB/s     31s[K[?25h[?2026l[?2026h[?25l[A[1Gpulling manifest [K
pulling 2bada8a74506:  87% ▕███████████████   ▏ 4.1 GB/4.7 GB   19 MB/s     31s[K[?25h[?2026l[?2026h[?25l[A[1Gpulling manifest [K
pulling 2bada8a74506:  87% ▕███████████████   ▏ 4.1 GB/4.7 GB   19 MB/s     31s[K[?25h[?2026l[?2026h[?25l[A[1Gpulling manifest [K
pulling 2bada8a74506:  87% ▕███████████████   ▏ 4.1 GB/4.7 GB   19 MB/s     31s[K[?25h[?2026l[?2026h[?25l[A[1Gpulling manifest [K
pulling 2bada8a74506:  87% ▕███████████████   ▏ 4.1 GB/4.7 GB   19 MB/s     31s[K[?25h[?2026l[?2026h[?25l[A[1Gpulling manifest [K
pulling 2bada8a74506:  87% ▕███████████████   ▏ 4.1 GB/4.7 GB   19 MB/s     31s[K[?25h[?2026l[?2026h[?25l[A[1Gpulling manifest [K
pulling 2bada8a74506:  87% ▕███████████████   ▏ 4.1 GB/4.7 GB   19 MB/s     31s[K[?25h[?2026l[?2026h[?25l[A[1Gpulling manifest [K
pulling 2bada8a74506:  87% ▕███████████████   ▏ 4.1 GB/4.7 GB   19 MB/s     31s[K[?25h[?2026l[?2026h[?25l[A[1Gpulling manifest [K
pulling 2bada8a74506:  87% ▕███████████████   ▏ 4.1 GB/4.7 GB   19 MB/s     31s[K[?25h[?2026l[?2026h[?25l[A[1Gpulling manifest [K
pulling 2bada8a74506:  87% ▕███████████████   ▏ 4.1 GB/4.7 GB   19 MB/s     30s[K[?25h[?2026l[?2026h[?25l[A[1Gpulling manifest [K
pulling 2bada8a74506:  87% ▕███████████████   ▏ 4.1 GB/4.7 GB   19 MB/s     30s[K[?25h[?2026l[?2026h[?25l[A[1Gpulling manifest [K
pulling 2bada8a74506:  87% ▕███████████████   ▏ 4.1 GB/4.7 GB   19 MB/s     30s[K[?25h[?2026l[?2026h[?25l[A[1Gpulling manifest [K
pulling 2bada8a74506:  87% ▕███████████████   ▏ 4.1 GB/4.7 GB   19 MB/s     30s[K[?25h[?2026l[?2026h[?25l[A[1Gpulling manifest [K
pulling 2bada8a74506:  87% ▕███████████████   ▏ 4.1 GB/4.7 GB   19 MB/s     30s[K[?25h[?2026l[?2026h[?25l[A[1Gpulling manifest [K
pulling 2bada8a74506:  87% ▕███████████████   ▏ 4.1 GB/4.7 GB   19 MB/s     30s[K[?25h[?2026l[?2026h[?25l[A[1Gpulling manifest [K
pulling 2bada8a74506:  87% ▕███████████████   ▏ 4.1 GB/4.7 GB   19 MB/s     30s[K[?25h[?2026l[?2026h[?25l[A[1Gpulling manifest [K
pulling 2bada8a74506:  87% ▕███████████████   ▏ 4.1 GB/4.7 GB   19 MB/s     30s[K[?25h[?2026l[?2026h[?25l[A[1Gpulling manifest [K
pulling 2bada8a74506:  87% ▕███████████████   ▏ 4.1 GB/4.7 GB   19 MB/s     30s[K[?25h[?2026l[?2026h[?25l[A[1Gpulling manifest [K
pulling 2bada8a74506:  88% ▕███████████████   ▏ 4.1 GB/4.7 GB   19 MB/s     30s[K[?25h[?2026l[?2026h[?25l[A[1Gpulling manifest [K
pulling 2bada8a74506:  88% ▕███████████████   ▏ 4.1 GB/4.7 GB   19 MB/s     30s[K[?25h[?2026l[?2026h[?25l[A[1Gpulling manifest [K
pulling 2bada8a74506:  88% ▕███████████████   ▏ 4.1 GB/4.7 GB   19 MB/s     29s[K[?25h[?2026l[?2026h[?25l[A[1Gpulling manifest [K
pulling 2bada8a74506:  88% ▕███████████████   ▏ 4.1 GB/4.7 GB   19 MB/s     29s[K[?25h[?2026l[?2026h[?25l[A[1Gpulling manifest [K
pulling 2bada8a74506:  88% ▕███████████████   ▏ 4.1 GB/4.7 GB   19 MB/s     29s[K[?25h[?2026l[?2026h[?25l[A[1Gpulling manifest [K
pulling 2bada8a74506:  88% ▕███████████████   ▏ 4.1 GB/4.7 GB   19 MB/s     29s[K[?25h[?2026l[?2026h[?25l[A[1Gpulling manifest [K
pulling 2bada8a74506:  88% ▕███████████████   ▏ 4.1 GB/4.7 GB   19 MB/s     29s[K[?25h[?2026l[?2026h[?25l[A[1Gpulling manifest [K
pulling 2bada8a74506:  88% ▕███████████████   ▏ 4.1 GB/4.7 GB   19 MB/s     29s[K[?25h[?2026l[?2026h[?25l[A[1Gpulling manifest [K
pulling 2bada8a74506:  88% ▕███████████████   ▏ 4.1 GB/4.7 GB   19 MB/s     29s[K[?25h[?2026l[?2026h[?25l[A[1Gpulling manifest [K
pulling 2bada8a74506:  88% ▕███████████████   ▏ 4.1 GB/4.7 GB   19 MB/s     29s[K[?25h[?2026l[?2026h[?25l[A[1Gpulling manifest [K
pulling 2bada8a74506:  88% ▕███████████████   ▏ 4.1 GB/4.7 GB   19 MB/s     28s[K[?25h[?2026l[?2026h[?25l[A[1Gpulling manifest [K
pulling 2bada8a74506:  88% ▕███████████████   ▏ 4.1 GB/4.7 GB   19 MB/s     28s[K[?25h[?2026l[?2026h[?25l[A[1Gpulling manifest [K
pulling 2bada8a74506:  88% ▕███████████████   ▏ 4.1 GB/4.7 GB   19 MB/s     28s[K[?25h[?2026l[?2026h[?25l[A[1Gpulling manifest [K
pulling 2bada8a74506:  88% ▕███████████████   ▏ 4.1 GB/4.7 GB   19 MB/s     28s[K[?25h[?2026l[?2026h[?25l[A[1Gpulling manifest [K
pulling 2bada8a74506:  88% ▕███████████████   ▏ 4.1 GB/4.7 GB   19 MB/s     28s[K[?25h[?2026l[?2026h[?25l[A[1Gpulling manifest [K
pulling 2bada8a74506:  88% ▕███████████████   ▏ 4.1 GB/4.7 GB   19 MB/s     28s[K[?25h[?2026l[?2026h[?25l[A[1Gpulling manifest [K
pulling 2bada8a74506:  88% ▕███████████████   ▏ 4.1 GB/4.7 GB   19 MB/s     28s[K[?25h[?2026l[?2026h[?25l[A[1Gpulling manifest [K
pulling 2bada8a74506:  88% ▕███████████████   ▏ 4.1 GB/4.7 GB   19 MB/s     28s[K[?25h[?2026l[?2026h[?25l[A[1Gpulling manifest [K
pulling 2bada8a74506:  88% ▕███████████████   ▏ 4.1 GB/4.7 GB   19 MB/s     28s[K[?25h[?2026l[?2026h[?25l[A[1Gpulling manifest [K
pulling 2bada8a74506:  88% ▕███████████████   ▏ 4.1 GB/4.7 GB   19 MB/s     27s[K[?25h[?2026l[?2026h[?25l[A[1Gpulling manifest [K
pulling 2bada8a74506:  88% ▕███████████████   ▏ 4.1 GB/4.7 GB   19 MB/s     27s[K[?25h[?2026l[?2026h[?25l[A[1Gpulling manifest [K
pulling 2bada8a74506:  88% ▕███████████████   ▏ 4.1 GB/4.7 GB   19 MB/s     27s[K[?25h[?2026l[?2026h[?25l[A[1Gpulling manifest [K
pulling 2bada8a74506:  89% ▕███████████████   ▏ 4.1 GB/4.7 GB   19 MB/s     27s[K[?25h[?2026l[?2026h[?25l[A[1Gpulling manifest [K
pulling 2bada8a74506:  89% ▕███████████████   ▏ 4.1 GB/4.7 GB   19 MB/s     27s[K[?25h[?2026l[?2026h[?25l[A[1Gpulling manifest [K
pulling 2bada8a74506:  89% ▕███████████████   ▏ 4.1 GB/4.7 GB   19 MB/s     27s[K[?25h[?2026l[?2026h[?25l[A[1Gpulling manifest [K
pulling 2bada8a74506:  89% ▕███████████████   ▏ 4.1 GB/4.7 GB   19 MB/s     27s[K[?25h[?2026l[?2026h[?25l[A[1Gpulling manifest [K
pulling 2bada8a74506:  89% ▕███████████████   ▏ 4.2 GB/4.7 GB   19 MB/s     27s[K[?25h[?2026l[?2026h[?25l[A[1Gpulling manifest [K
pulling 2bada8a74506:  89% ▕███████████████   ▏ 4.2 GB/4.7 GB   19 MB/s     27s[K[?25h[?2026l[?2026h[?25l[A[1Gpulling manifest [K
pulling 2bada8a74506:  89% ▕███████████████   ▏ 4.2 GB/4.7 GB   19 MB/s     27s[K[?25h[?2026l[?2026h[?25l[A[1Gpulling manifest [K
pulling 2bada8a74506:  89% ▕███████████████   ▏ 4.2 GB/4.7 GB   19 MB/s     26s[K[?25h[?2026l[?2026h[?25l[A[1Gpulling manifest [K
pulling 2bada8a74506:  89% ▕███████████████   ▏ 4.2 GB/4.7 GB   19 MB/s     26s[K[?25h[?2026l[?2026h[?25l[A[1Gpulling manifest [K
pulling 2bada8a74506:  89% ▕████████████████  ▏ 4.2 GB/4.7 GB   19 MB/s     26s[K[?25h[?2026l[?2026h[?25l[A[1Gpulling manifest [K
pulling 2bada8a74506:  89% ▕████████████████  ▏ 4.2 GB/4.7 GB   19 MB/s     26s[K[?25h[?2026l[?2026h[?25l[A[1Gpulling manifest [K
pulling 2bada8a74506:  89% ▕████████████████  ▏ 4.2 GB/4.7 GB   19 MB/s     26s[K[?25h[?2026l[?2026h[?25l[A[1Gpulling manifest [K
pulling 2bada8a74506:  89% ▕████████████████  ▏ 4.2 GB/4.7 GB   19 MB/s     26s[K[?25h[?2026l[?2026h[?25l[A[1Gpulling manifest [K
pulling 2bada8a74506:  89% ▕████████████████  ▏ 4.2 GB/4.7 GB   19 MB/s     25s[K[?25h[?2026l[?2026h[?25l[A[1Gpulling manifest [K
pulling 2bada8a74506:  89% ▕████████████████  ▏ 4.2 GB/4.7 GB   19 MB/s     25s[K[?25h[?2026l[?2026h[?25l[A[1Gpulling manifest [K
pulling 2bada8a74506:  89% ▕████████████████  ▏ 4.2 GB/4.7 GB   19 MB/s     25s[K[?25h[?2026l[?2026h[?25l[A[1Gpulling manifest [K
pulling 2bada8a74506:  89% ▕████████████████  ▏ 4.2 GB/4.7 GB   19 MB/s     25s[K[?25h[?2026l[?2026h[?25l[A[1Gpulling manifest [K
pulling 2bada8a74506:  89% ▕████████████████  ▏ 4.2 GB/4.7 GB   19 MB/s     25s[K[?25h[?2026l[?2026h[?25l[A[1Gpulling manifest [K
pulling 2bada8a74506:  89% ▕████████████████  ▏ 4.2 GB/4.7 GB   19 MB/s     25s[K[?25h[?2026l[?2026h[?25l[A[1Gpulling manifest [K
pulling 2bada8a74506:  89% ▕████████████████  ▏ 4.2 GB/4.7 GB   19 MB/s     25s[K[?25h[?2026l[?2026h[?25l[A[1Gpulling manifest [K
pulling 2bada8a74506:  89% ▕████████████████  ▏ 4.2 GB/4.7 GB   19 MB/s     25s[K[?25h[?2026l[?2026h[?25l[A[1Gpulling manifest [K
pulling 2bada8a74506:  89% ▕████████████████  ▏ 4.2 GB/4.7 GB   19 MB/s     24s[K[?25h[?2026l[?2026h[?25l[A[1Gpulling manifest [K
pulling 2bada8a74506:  89% ▕████████████████  ▏ 4.2 GB/4.7 GB   19 MB/s     24s[K[?25h[?2026l[?2026h[?25l[A[1Gpulling manifest [K
pulling 2bada8a74506:  89% ▕████████████████  ▏ 4.2 GB/4.7 GB   19 MB/s     25s[K[?25h[?2026l[?2026h[?25l[A[1Gpulling manifest [K
pulling 2bada8a74506:  89% ▕████████████████  ▏ 4.2 GB/4.7 GB   19 MB/s     25s[K[?25h[?2026l[?2026h[?25l[A[1Gpulling manifest [K
pulling 2bada8a74506:  89% ▕████████████████  ▏ 4.2 GB/4.7 GB   19 MB/s     25s[K[?25h[?2026l[?2026h[?25l[A[1Gpulling manifest [K
pulling 2bada8a74506:  90% ▕████████████████  ▏ 4.2 GB/4.7 GB   19 MB/s     25s[K[?25h[?2026l[?2026h[?25l[A[1Gpulling manifest [K
pulling 2bada8a74506:  90% ▕████████████████  ▏ 4.2 GB/4.7 GB   19 MB/s     24s[K[?25h[?2026l[?2026h[?25l[A[1Gpulling manifest [K
pulling 2bada8a74506:  90% ▕████████████████  ▏ 4.2 GB/4.7 GB   19 MB/s     24s[K[?25h[?2026l[?2026h[?25l[A[1Gpulling manifest [K
pulling 2bada8a74506:  90% ▕████████████████  ▏ 4.2 GB/4.7 GB   19 MB/s     24s[K[?25h[?2026l[?2026h[?25l[A[1Gpulling manifest [K
pulling 2bada8a74506:  90% ▕████████████████  ▏ 4.2 GB/4.7 GB   19 MB/s     24s[K[?25h[?2026l[?2026h[?25l[A[1Gpulling manifest [K
pulling 2bada8a74506:  90% ▕████████████████  ▏ 4.2 GB/4.7 GB   19 MB/s     24s[K[?25h[?2026l[?2026h[?25l[A[1Gpulling manifest [K
pulling 2bada8a74506:  90% ▕████████████████  ▏ 4.2 GB/4.7 GB   19 MB/s     24s[K[?25h[?2026l[?2026h[?25l[A[1Gpulling manifest [K
pulling 2bada8a74506:  90% ▕████████████████  ▏ 4.2 GB/4.7 GB   19 MB/s     24s[K[?25h[?2026l[?2026h[?25l[A[1Gpulling manifest [K
pulling 2bada8a74506:  90% ▕████████████████  ▏ 4.2 GB/4.7 GB   19 MB/s     24s[K[?25h[?2026l[?2026h[?25l[A[1Gpulling manifest [K
pulling 2bada8a74506:  90% ▕████████████████  ▏ 4.2 GB/4.7 GB   19 MB/s     24s[K[?25h[?2026l[?2026h[?25l[A[1Gpulling manifest [K
pulling 2bada8a74506:  90% ▕████████████████  ▏ 4.2 GB/4.7 GB   19 MB/s     24s[K[?25h[?2026l[?2026h[?25l[A[1Gpulling manifest [K
pulling 2bada8a74506:  90% ▕████████████████  ▏ 4.2 GB/4.7 GB   19 MB/s     24s[K[?25h[?2026l[?2026h[?25l[A[1Gpulling manifest [K
pulling 2bada8a74506:  90% ▕████████████████  ▏ 4.2 GB/4.7 GB   19 MB/s     24s[K[?25h[?2026l[?2026h[?25l[A[1Gpulling manifest [K
pulling 2bada8a74506:  90% ▕████████████████  ▏ 4.2 GB/4.7 GB   19 MB/s     24s[K[?25h[?2026l[?2026h[?25l[A[1Gpulling manifest [K
pulling 2bada8a74506:  90% ▕████████████████  ▏ 4.2 GB/4.7 GB   19 MB/s     24s[K[?25h[?2026l[?2026h[?25l[A[1Gpulling manifest [K
pulling 2bada8a74506:  90% ▕████████████████  ▏ 4.2 GB/4.7 GB   19 MB/s     23s[K[?25h[?2026l[?2026h[?25l[A[1Gpulling manifest [K
pulling 2bada8a74506:  90% ▕████████████████  ▏ 4.2 GB/4.7 GB   19 MB/s     23s[K[?25h[?2026l[?2026h[?25l[A[1Gpulling manifest [K
pulling 2bada8a74506:  90% ▕████████████████  ▏ 4.2 GB/4.7 GB   19 MB/s     23s[K[?25h[?2026l[?2026h[?25l[A[1Gpulling manifest [K
pulling 2bada8a74506:  90% ▕████████████████  ▏ 4.2 GB/4.7 GB   19 MB/s     23s[K[?25h[?2026l[?2026h[?25l[A[1Gpulling manifest [K
pulling 2bada8a74506:  90% ▕████████████████  ▏ 4.2 GB/4.7 GB   19 MB/s     23s[K[?25h[?2026l[?2026h[?25l[A[1Gpulling manifest [K
pulling 2bada8a74506:  90% ▕████████████████  ▏ 4.2 GB/4.7 GB   19 MB/s     23s[K[?25h[?2026l[?2026h[?25l[A[1Gpulling manifest [K
pulling 2bada8a74506:  90% ▕████████████████  ▏ 4.2 GB/4.7 GB   19 MB/s     23s[K[?25h[?2026l[?2026h[?25l[A[1Gpulling manifest [K
pulling 2bada8a74506:  90% ▕████████████████  ▏ 4.2 GB/4.7 GB   19 MB/s     23s[K[?25h[?2026l[?2026h[?25l[A[1Gpulling manifest [K
pulling 2bada8a74506:  90% ▕████████████████  ▏ 4.2 GB/4.7 GB   19 MB/s     23s[K[?25h[?2026l[?2026h[?25l[A[1Gpulling manifest [K
pulling 2bada8a74506:  90% ▕████████████████  ▏ 4.2 GB/4.7 GB   19 MB/s     22s[K[?25h[?2026l[?2026h[?25l[A[1Gpulling manifest [K
pulling 2bada8a74506:  91% ▕████████████████  ▏ 4.2 GB/4.7 GB   19 MB/s     22s[K[?25h[?2026l[?2026h[?25l[A[1Gpulling manifest [K
pulling 2bada8a74506:  91% ▕████████████████  ▏ 4.2 GB/4.7 GB   19 MB/s     22s[K[?25h[?2026l[?2026h[?25l[A[1Gpulling manifest [K
pulling 2bada8a74506:  91% ▕████████████████  ▏ 4.2 GB/4.7 GB   19 MB/s     22s[K[?25h[?2026l[?2026h[?25l[A[1Gpulling manifest [K
pulling 2bada8a74506:  91% ▕████████████████  ▏ 4.2 GB/4.7 GB   19 MB/s     22s[K[?25h[?2026l[?2026h[?25l[A[1Gpulling manifest [K
pulling 2bada8a74506:  91% ▕████████████████  ▏ 4.2 GB/4.7 GB   19 MB/s     22s[K[?25h[?2026l[?2026h[?25l[A[1Gpulling manifest [K
pulling 2bada8a74506:  91% ▕████████████████  ▏ 4.2 GB/4.7 GB   19 MB/s     22s[K[?25h[?2026l[?2026h[?25l[A[1Gpulling manifest [K
pulling 2bada8a74506:  91% ▕████████████████  ▏ 4.3 GB/4.7 GB   19 MB/s     22s[K[?25h[?2026l[?2026h[?25l[A[1Gpulling manifest [K
pulling 2bada8a74506:  91% ▕████████████████  ▏ 4.3 GB/4.7 GB   19 MB/s     21s[K[?25h[?2026l[?2026h[?25l[A[1Gpulling manifest [K
pulling 2bada8a74506:  91% ▕████████████████  ▏ 4.3 GB/4.7 GB   19 MB/s     21s[K[?25h[?2026l[?2026h[?25l[A[1Gpulling manifest [K
pulling 2bada8a74506:  91% ▕████████████████  ▏ 4.3 GB/4.7 GB   19 MB/s     21s[K[?25h[?2026l[?2026h[?25l[A[1Gpulling manifest [K
pulling 2bada8a74506:  91% ▕████████████████  ▏ 4.3 GB/4.7 GB   19 MB/s     21s[K[?25h[?2026l[?2026h[?25l[A[1Gpulling manifest [K
pulling 2bada8a74506:  91% ▕████████████████  ▏ 4.3 GB/4.7 GB   19 MB/s     21s[K[?25h[?2026l[?2026h[?25l[A[1Gpulling manifest [K
pulling 2bada8a74506:  91% ▕████████████████  ▏ 4.3 GB/4.7 GB   19 MB/s     21s[K[?25h[?2026l[?2026h[?25l[A[1Gpulling manifest [K
pulling 2bada8a74506:  91% ▕████████████████  ▏ 4.3 GB/4.7 GB   19 MB/s     21s[K[?25h[?2026l[?2026h[?25l[A[1Gpulling manifest [K
pulling 2bada8a74506:  91% ▕████████████████  ▏ 4.3 GB/4.7 GB   19 MB/s     21s[K[?25h[?2026l[?2026h[?25l[A[1Gpulling manifest [K
pulling 2bada8a74506:  91% ▕████████████████  ▏ 4.3 GB/4.7 GB   19 MB/s     21s[K[?25h[?2026l[?2026h[?25l[A[1Gpulling manifest [K
pulling 2bada8a74506:  91% ▕████████████████  ▏ 4.3 GB/4.7 GB   19 MB/s     20s[K[?25h[?2026l[?2026h[?25l[A[1Gpulling manifest [K
pulling 2bada8a74506:  91% ▕████████████████  ▏ 4.3 GB/4.7 GB   19 MB/s     20s[K[?25h[?2026l[?2026h[?25l[A[1Gpulling manifest [K
pulling 2bada8a74506:  91% ▕████████████████  ▏ 4.3 GB/4.7 GB   19 MB/s     20s[K[?25h[?2026l[?2026h[?25l[A[1Gpulling manifest [K
pulling 2bada8a74506:  91% ▕████████████████  ▏ 4.3 GB/4.7 GB   19 MB/s     20s[K[?25h[?2026l[?2026h[?25l[A[1Gpulling manifest [K
pulling 2bada8a74506:  91% ▕████████████████  ▏ 4.3 GB/4.7 GB   19 MB/s     20s[K[?25h[?2026l[?2026h[?25l[A[1Gpulling manifest [K
pulling 2bada8a74506:  91% ▕████████████████  ▏ 4.3 GB/4.7 GB   19 MB/s     20s[K[?25h[?2026l[?2026h[?25l[A[1Gpulling manifest [K
pulling 2bada8a74506:  91% ▕████████████████  ▏ 4.3 GB/4.7 GB   19 MB/s     20s[K[?25h[?2026l[?2026h[?25l[A[1Gpulling manifest [K
pulling 2bada8a74506:  91% ▕████████████████  ▏ 4.3 GB/4.7 GB   19 MB/s     20s[K[?25h[?2026l[?2026h[?25l[A[1Gpulling manifest [K
pulling 2bada8a74506:  92% ▕████████████████  ▏ 4.3 GB/4.7 GB   19 MB/s     20s[K[?25h[?2026l[?2026h[?25l[A[1Gpulling manifest [K
pulling 2bada8a74506:  92% ▕████████████████  ▏ 4.3 GB/4.7 GB   19 MB/s     20s[K[?25h[?2026l[?2026h[?25l[A[1Gpulling manifest [K
pulling 2bada8a74506:  92% ▕████████████████  ▏ 4.3 GB/4.7 GB   19 MB/s     20s[K[?25h[?2026l[?2026h[?25l[A[1Gpulling manifest [K
pulling 2bada8a74506:  92% ▕████████████████  ▏ 4.3 GB/4.7 GB   19 MB/s     20s[K[?25h[?2026l[?2026h[?25l[A[1Gpulling manifest [K
pulling 2bada8a74506:  92% ▕████████████████  ▏ 4.3 GB/4.7 GB   19 MB/s     20s[K[?25h[?2026l[?2026h[?25l[A[1Gpulling manifest [K
pulling 2bada8a74506:  92% ▕████████████████  ▏ 4.3 GB/4.7 GB   19 MB/s     20s[K[?25h[?2026l[?2026h[?25l[A[1Gpulling manifest [K
pulling 2bada8a74506:  92% ▕████████████████  ▏ 4.3 GB/4.7 GB   19 MB/s     19s[K[?25h[?2026l[?2026h[?25l[A[1Gpulling manifest [K
pulling 2bada8a74506:  92% ▕████████████████  ▏ 4.3 GB/4.7 GB   19 MB/s     19s[K[?25h[?2026l[?2026h[?25l[A[1Gpulling manifest [K
pulling 2bada8a74506:  92% ▕████████████████  ▏ 4.3 GB/4.7 GB   19 MB/s     19s[K[?25h[?2026l[?2026h[?25l[A[1Gpulling manifest [K
pulling 2bada8a74506:  92% ▕████████████████  ▏ 4.3 GB/4.7 GB   19 MB/s     19s[K[?25h[?2026l[?2026h[?25l[A[1Gpulling manifest [K
pulling 2bada8a74506:  92% ▕████████████████  ▏ 4.3 GB/4.7 GB   19 MB/s     19s[K[?25h[?2026l[?2026h[?25l[A[1Gpulling manifest [K
pulling 2bada8a74506:  92% ▕████████████████  ▏ 4.3 GB/4.7 GB   19 MB/s     19s[K[?25h[?2026l[?2026h[?25l[A[1Gpulling manifest [K
pulling 2bada8a74506:  92% ▕████████████████  ▏ 4.3 GB/4.7 GB   19 MB/s     19s[K[?25h[?2026l[?2026h[?25l[A[1Gpulling manifest [K
pulling 2bada8a74506:  92% ▕████████████████  ▏ 4.3 GB/4.7 GB   19 MB/s     19s[K[?25h[?2026l[?2026h[?25l[A[1Gpulling manifest [K
pulling 2bada8a74506:  92% ▕████████████████  ▏ 4.3 GB/4.7 GB   19 MB/s     19s[K[?25h[?2026l[?2026h[?25l[A[1Gpulling manifest [K
pulling 2bada8a74506:  92% ▕████████████████  ▏ 4.3 GB/4.7 GB   19 MB/s     19s[K[?25h[?2026l[?2026h[?25l[A[1Gpulling manifest [K
pulling 2bada8a74506:  92% ▕████████████████  ▏ 4.3 GB/4.7 GB   19 MB/s     18s[K[?25h[?2026l[?2026h[?25l[A[1Gpulling manifest [K
pulling 2bada8a74506:  92% ▕████████████████  ▏ 4.3 GB/4.7 GB   19 MB/s     18s[K[?25h[?2026l[?2026h[?25l[A[1Gpulling manifest [K
pulling 2bada8a74506:  92% ▕████████████████  ▏ 4.3 GB/4.7 GB   19 MB/s     18s[K[?25h[?2026l[?2026h[?25l[A[1Gpulling manifest [K
pulling 2bada8a74506:  92% ▕████████████████  ▏ 4.3 GB/4.7 GB   19 MB/s     18s[K[?25h[?2026l[?2026h[?25l[A[1Gpulling manifest [K
pulling 2bada8a74506:  92% ▕████████████████  ▏ 4.3 GB/4.7 GB   19 MB/s     18s[K[?25h[?2026l[?2026h[?25l[A[1Gpulling manifest [K
pulling 2bada8a74506:  92% ▕████████████████  ▏ 4.3 GB/4.7 GB   19 MB/s     18s[K[?25h[?2026l[?2026h[?25l[A[1Gpulling manifest [K
pulling 2bada8a74506:  92% ▕████████████████  ▏ 4.3 GB/4.7 GB   19 MB/s     18s[K[?25h[?2026l[?2026h[?25l[A[1Gpulling manifest [K
pulling 2bada8a74506:  92% ▕████████████████  ▏ 4.3 GB/4.7 GB   19 MB/s     18s[K[?25h[?2026l[?2026h[?25l[A[1Gpulling manifest [K
pulling 2bada8a74506:  93% ▕████████████████  ▏ 4.3 GB/4.7 GB   19 MB/s     18s[K[?25h[?2026l[?2026h[?25l[A[1Gpulling manifest [K
pulling 2bada8a74506:  93% ▕████████████████  ▏ 4.3 GB/4.7 GB   19 MB/s     18s[K[?25h[?2026l[?2026h[?25l[A[1Gpulling manifest [K
pulling 2bada8a74506:  93% ▕████████████████  ▏ 4.3 GB/4.7 GB   19 MB/s     18s[K[?25h[?2026l[?2026h[?25l[A[1Gpulling manifest [K
pulling 2bada8a74506:  93% ▕████████████████  ▏ 4.3 GB/4.7 GB   19 MB/s     17s[K[?25h[?2026l[?2026h[?25l[A[1Gpulling manifest [K
pulling 2bada8a74506:  93% ▕████████████████  ▏ 4.3 GB/4.7 GB   19 MB/s     17s[K[?25h[?2026l[?2026h[?25l[A[1Gpulling manifest [K
pulling 2bada8a74506:  93% ▕████████████████  ▏ 4.3 GB/4.7 GB   19 MB/s     17s[K[?25h[?2026l[?2026h[?25l[A[1Gpulling manifest [K
pulling 2bada8a74506:  93% ▕████████████████  ▏ 4.3 GB/4.7 GB   19 MB/s     17s[K[?25h[?2026l[?2026h[?25l[A[1Gpulling manifest [K
pulling 2bada8a74506:  93% ▕████████████████  ▏ 4.3 GB/4.7 GB   19 MB/s     17s[K[?25h[?2026l[?2026h[?25l[A[1Gpulling manifest [K
pulling 2bada8a74506:  93% ▕████████████████  ▏ 4.3 GB/4.7 GB   19 MB/s     17s[K[?25h[?2026l[?2026h[?25l[A[1Gpulling manifest [K
pulling 2bada8a74506:  93% ▕████████████████  ▏ 4.3 GB/4.7 GB   19 MB/s     17s[K[?25h[?2026l[?2026h[?25l[A[1Gpulling manifest [K
pulling 2bada8a74506:  93% ▕████████████████  ▏ 4.4 GB/4.7 GB   19 MB/s     17s[K[?25h[?2026l[?2026h[?25l[A[1Gpulling manifest [K
pulling 2bada8a74506:  93% ▕████████████████  ▏ 4.4 GB/4.7 GB   19 MB/s     17s[K[?25h[?2026l[?2026h[?25l[A[1Gpulling manifest [K
pulling 2bada8a74506:  93% ▕████████████████  ▏ 4.4 GB/4.7 GB   19 MB/s     17s[K[?25h[?2026l[?2026h[?25l[A[1Gpulling manifest [K
pulling 2bada8a74506:  93% ▕████████████████  ▏ 4.4 GB/4.7 GB   19 MB/s     17s[K[?25h[?2026l[?2026h[?25l[A[1Gpulling manifest [K
pulling 2bada8a74506:  93% ▕████████████████  ▏ 4.4 GB/4.7 GB   19 MB/s     17s[K[?25h[?2026l[?2026h[?25l[A[1Gpulling manifest [K
pulling 2bada8a74506:  93% ▕████████████████  ▏ 4.4 GB/4.7 GB   19 MB/s     16s[K[?25h[?2026l[?2026h[?25l[A[1Gpulling manifest [K
pulling 2bada8a74506:  93% ▕████████████████  ▏ 4.4 GB/4.7 GB   19 MB/s     16s[K[?25h[?2026l[?2026h[?25l[A[1Gpulling manifest [K
pulling 2bada8a74506:  93% ▕████████████████  ▏ 4.4 GB/4.7 GB   19 MB/s     16s[K[?25h[?2026l[?2026h[?25l[A[1Gpulling manifest [K
pulling 2bada8a74506:  93% ▕████████████████  ▏ 4.4 GB/4.7 GB   19 MB/s     16s[K[?25h[?2026l[?2026h[?25l[A[1Gpulling manifest [K
pulling 2bada8a74506:  93% ▕████████████████  ▏ 4.4 GB/4.7 GB   19 MB/s     16s[K[?25h[?2026l[?2026h[?25l[A[1Gpulling manifest [K
pulling 2bada8a74506:  93% ▕████████████████  ▏ 4.4 GB/4.7 GB   19 MB/s     16s[K[?25h[?2026l[?2026h[?25l[A[1Gpulling manifest [K
pulling 2bada8a74506:  93% ▕████████████████  ▏ 4.4 GB/4.7 GB   19 MB/s     15s[K[?25h[?2026l[?2026h[?25l[A[1Gpulling manifest [K
pulling 2bada8a74506:  93% ▕████████████████  ▏ 4.4 GB/4.7 GB   19 MB/s     15s[K[?25h[?2026l[?2026h[?25l[A[1Gpulling manifest [K
pulling 2bada8a74506:  93% ▕████████████████  ▏ 4.4 GB/4.7 GB   19 MB/s     15s[K[?25h[?2026l[?2026h[?25l[A[1Gpulling manifest [K
pulling 2bada8a74506:  94% ▕████████████████  ▏ 4.4 GB/4.7 GB   19 MB/s     15s[K[?25h[?2026l[?2026h[?25l[A[1Gpulling manifest [K
pulling 2bada8a74506:  94% ▕████████████████  ▏ 4.4 GB/4.7 GB   19 MB/s     15s[K[?25h[?2026l[?2026h[?25l[A[1Gpulling manifest [K
pulling 2bada8a74506:  94% ▕████████████████  ▏ 4.4 GB/4.7 GB   19 MB/s     15s[K[?25h[?2026l[?2026h[?25l[A[1Gpulling manifest [K
pulling 2bada8a74506:  94% ▕████████████████  ▏ 4.4 GB/4.7 GB   19 MB/s     15s[K[?25h[?2026l[?2026h[?25l[A[1Gpulling manifest [K
pulling 2bada8a74506:  94% ▕████████████████  ▏ 4.4 GB/4.7 GB   19 MB/s     15s[K[?25h[?2026l[?2026h[?25l[A[1Gpulling manifest [K
pulling 2bada8a74506:  94% ▕████████████████  ▏ 4.4 GB/4.7 GB   19 MB/s     15s[K[?25h[?2026l[?2026h[?25l[A[1Gpulling manifest [K
pulling 2bada8a74506:  94% ▕████████████████  ▏ 4.4 GB/4.7 GB   19 MB/s     15s[K[?25h[?2026l[?2026h[?25l[A[1Gpulling manifest [K
pulling 2bada8a74506:  94% ▕████████████████  ▏ 4.4 GB/4.7 GB   19 MB/s     15s[K[?25h[?2026l[?2026h[?25l[A[1Gpulling manifest [K
pulling 2bada8a74506:  94% ▕████████████████  ▏ 4.4 GB/4.7 GB   19 MB/s     15s[K[?25h[?2026l[?2026h[?25l[A[1Gpulling manifest [K
pulling 2bada8a74506:  94% ▕████████████████  ▏ 4.4 GB/4.7 GB   19 MB/s     15s[K[?25h[?2026l[?2026h[?25l[A[1Gpulling manifest [K
pulling 2bada8a74506:  94% ▕████████████████  ▏ 4.4 GB/4.7 GB   19 MB/s     14s[K[?25h[?2026l[?2026h[?25l[A[1Gpulling manifest [K
pulling 2bada8a74506:  94% ▕████████████████  ▏ 4.4 GB/4.7 GB   19 MB/s     14s[K[?25h[?2026l[?2026h[?25l[A[1Gpulling manifest [K
pulling 2bada8a74506:  94% ▕████████████████  ▏ 4.4 GB/4.7 GB   19 MB/s     14s[K[?25h[?2026l[?2026h[?25l[A[1Gpulling manifest [K
pulling 2bada8a74506:  94% ▕████████████████  ▏ 4.4 GB/4.7 GB   19 MB/s     14s[K[?25h[?2026l[?2026h[?25l[A[1Gpulling manifest [K
pulling 2bada8a74506:  94% ▕████████████████  ▏ 4.4 GB/4.7 GB   19 MB/s     14s[K[?25h[?2026l[?2026h[?25l[A[1Gpulling manifest [K
pulling 2bada8a74506:  94% ▕████████████████  ▏ 4.4 GB/4.7 GB   19 MB/s     14s[K[?25h[?2026l[?2026h[?25l[A[1Gpulling manifest [K
pulling 2bada8a74506:  94% ▕████████████████  ▏ 4.4 GB/4.7 GB   19 MB/s     14s[K[?25h[?2026l[?2026h[?25l[A[1Gpulling manifest [K
pulling 2bada8a74506:  94% ▕████████████████  ▏ 4.4 GB/4.7 GB   19 MB/s     14s[K[?25h[?2026l[?2026h[?25l[A[1Gpulling manifest [K
pulling 2bada8a74506:  94% ▕████████████████  ▏ 4.4 GB/4.7 GB   19 MB/s     14s[K[?25h[?2026l[?2026h[?25l[A[1Gpulling manifest [K
pulling 2bada8a74506:  94% ▕████████████████  ▏ 4.4 GB/4.7 GB   19 MB/s     14s[K[?25h[?2026l[?2026h[?25l[A[1Gpulling manifest [K
pulling 2bada8a74506:  94% ▕████████████████  ▏ 4.4 GB/4.7 GB   19 MB/s     14s[K[?25h[?2026l[?2026h[?25l[A[1Gpulling manifest [K
pulling 2bada8a74506:  94% ▕████████████████  ▏ 4.4 GB/4.7 GB   19 MB/s     14s[K[?25h[?2026l[?2026h[?25l[A[1Gpulling manifest [K
pulling 2bada8a74506:  94% ▕████████████████  ▏ 4.4 GB/4.7 GB   19 MB/s     14s[K[?25h[?2026l[?2026h[?25l[A[1Gpulling manifest [K
pulling 2bada8a74506:  94% ▕████████████████  ▏ 4.4 GB/4.7 GB   19 MB/s     13s[K[?25h[?2026l[?2026h[?25l[A[1Gpulling manifest [K
pulling 2bada8a74506:  94% ▕████████████████  ▏ 4.4 GB/4.7 GB   19 MB/s     13s[K[?25h[?2026l[?2026h[?25l[A[1Gpulling manifest [K
pulling 2bada8a74506:  94% ▕████████████████  ▏ 4.4 GB/4.7 GB   19 MB/s     13s[K[?25h[?2026l[?2026h[?25l[A[1Gpulling manifest [K
pulling 2bada8a74506:  94% ▕████████████████  ▏ 4.4 GB/4.7 GB   19 MB/s     13s[K[?25h[?2026l[?2026h[?25l[A[1Gpulling manifest [K
pulling 2bada8a74506:  94% ▕████████████████  ▏ 4.4 GB/4.7 GB   19 MB/s     13s[K[?25h[?2026l[?2026h[?25l[A[1Gpulling manifest [K
pulling 2bada8a74506:  94% ▕█████████████████ ▏ 4.4 GB/4.7 GB   19 MB/s     13s[K[?25h[?2026l[?2026h[?25l[A[1Gpulling manifest [K
pulling 2bada8a74506:  95% ▕█████████████████ ▏ 4.4 GB/4.7 GB   19 MB/s     13s[K[?25h[?2026l[?2026h[?25l[A[1Gpulling manifest [K
pulling 2bada8a74506:  95% ▕█████████████████ ▏ 4.4 GB/4.7 GB   19 MB/s     13s[K[?25h[?2026l[?2026h[?25l[A[1Gpulling manifest [K
pulling 2bada8a74506:  95% ▕█████████████████ ▏ 4.4 GB/4.7 GB   19 MB/s     13s[K[?25h[?2026l[?2026h[?25l[A[1Gpulling manifest [K
pulling 2bada8a74506:  95% ▕█████████████████ ▏ 4.4 GB/4.7 GB   19 MB/s     13s[K[?25h[?2026l[?2026h[?25l[A[1Gpulling manifest [K
pulling 2bada8a74506:  95% ▕█████████████████ ▏ 4.4 GB/4.7 GB   18 MB/s     13s[K[?25h[?2026l[?2026h[?25l[A[1Gpulling manifest [K
pulling 2bada8a74506:  95% ▕█████████████████ ▏ 4.4 GB/4.7 GB   18 MB/s     13s[K[?25h[?2026l[?2026h[?25l[A[1Gpulling manifest [K
pulling 2bada8a74506:  95% ▕█████████████████ ▏ 4.4 GB/4.7 GB   18 MB/s     13s[K[?25h[?2026l[?2026h[?25l[A[1Gpulling manifest [K
pulling 2bada8a74506:  95% ▕█████████████████ ▏ 4.4 GB/4.7 GB   18 MB/s     12s[K[?25h[?2026l[?2026h[?25l[A[1Gpulling manifest [K
pulling 2bada8a74506:  95% ▕█████████████████ ▏ 4.4 GB/4.7 GB   18 MB/s     12s[K[?25h[?2026l[?2026h[?25l[A[1Gpulling manifest [K
pulling 2bada8a74506:  95% ▕█████████████████ ▏ 4.4 GB/4.7 GB   18 MB/s     12s[K[?25h[?2026l[?2026h[?25l[A[1Gpulling manifest [K
pulling 2bada8a74506:  95% ▕█████████████████ ▏ 4.4 GB/4.7 GB   18 MB/s     12s[K[?25h[?2026l[?2026h[?25l[A[1Gpulling manifest [K
pulling 2bada8a74506:  95% ▕█████████████████ ▏ 4.4 GB/4.7 GB   18 MB/s     12s[K[?25h[?2026l[?2026h[?25l[A[1Gpulling manifest [K
pulling 2bada8a74506:  95% ▕█████████████████ ▏ 4.4 GB/4.7 GB   18 MB/s     12s[K[?25h[?2026l[?2026h[?25l[A[1Gpulling manifest [K
pulling 2bada8a74506:  95% ▕█████████████████ ▏ 4.5 GB/4.7 GB   18 MB/s     12s[K[?25h[?2026l[?2026h[?25l[A[1Gpulling manifest [K
pulling 2bada8a74506:  95% ▕█████████████████ ▏ 4.5 GB/4.7 GB   18 MB/s     12s[K[?25h[?2026l[?2026h[?25l[A[1Gpulling manifest [K
pulling 2bada8a74506:  95% ▕█████████████████ ▏ 4.5 GB/4.7 GB   18 MB/s     12s[K[?25h[?2026l[?2026h[?25l[A[1Gpulling manifest [K
pulling 2bada8a74506:  95% ▕█████████████████ ▏ 4.5 GB/4.7 GB   18 MB/s     12s[K[?25h[?2026l[?2026h[?25l[A[1Gpulling manifest [K
pulling 2bada8a74506:  95% ▕█████████████████ ▏ 4.5 GB/4.7 GB   18 MB/s     12s[K[?25h[?2026l[?2026h[?25l[A[1Gpulling manifest [K
pulling 2bada8a74506:  95% ▕█████████████████ ▏ 4.5 GB/4.7 GB   18 MB/s     12s[K[?25h[?2026l[?2026h[?25l[A[1Gpulling manifest [K
pulling 2bada8a74506:  95% ▕█████████████████ ▏ 4.5 GB/4.7 GB   18 MB/s     11s[K[?25h[?2026l[?2026h[?25l[A[1Gpulling manifest [K
pulling 2bada8a74506:  95% ▕█████████████████ ▏ 4.5 GB/4.7 GB   18 MB/s     11s[K[?25h[?2026l[?2026h[?25l[A[1Gpulling manifest [K
pulling 2bada8a74506:  95% ▕█████████████████ ▏ 4.5 GB/4.7 GB   18 MB/s     11s[K[?25h[?2026l[?2026h[?25l[A[1Gpulling manifest [K
pulling 2bada8a74506:  95% ▕█████████████████ ▏ 4.5 GB/4.7 GB   18 MB/s     11s[K[?25h[?2026l[?2026h[?25l[A[1Gpulling manifest [K
pulling 2bada8a74506:  95% ▕█████████████████ ▏ 4.5 GB/4.7 GB   18 MB/s     11s[K[?25h[?2026l[?2026h[?25l[A[1Gpulling manifest [K
pulling 2bada8a74506:  95% ▕█████████████████ ▏ 4.5 GB/4.7 GB   18 MB/s     11s[K[?25h[?2026l[?2026h[?25l[A[1Gpulling manifest [K
pulling 2bada8a74506:  96% ▕█████████████████ ▏ 4.5 GB/4.7 GB   18 MB/s     11s[K[?25h[?2026l[?2026h[?25l[A[1Gpulling manifest [K
pulling 2bada8a74506:  96% ▕█████████████████ ▏ 4.5 GB/4.7 GB   18 MB/s     11s[K[?25h[?2026l[?2026h[?25l[A[1Gpulling manifest [K
pulling 2bada8a74506:  96% ▕█████████████████ ▏ 4.5 GB/4.7 GB   18 MB/s     11s[K[?25h[?2026l[?2026h[?25l[A[1Gpulling manifest [K
pulling 2bada8a74506:  96% ▕█████████████████ ▏ 4.5 GB/4.7 GB   18 MB/s     11s[K[?25h[?2026l[?2026h[?25l[A[1Gpulling manifest [K
pulling 2bada8a74506:  96% ▕█████████████████ ▏ 4.5 GB/4.7 GB   18 MB/s     11s[K[?25h[?2026l[?2026h[?25l[A[1Gpulling manifest [K
pulling 2bada8a74506:  96% ▕█████████████████ ▏ 4.5 GB/4.7 GB   18 MB/s     10s[K[?25h[?2026l[?2026h[?25l[A[1Gpulling manifest [K
pulling 2bada8a74506:  96% ▕█████████████████ ▏ 4.5 GB/4.7 GB   18 MB/s     10s[K[?25h[?2026l[?2026h[?25l[A[1Gpulling manifest [K
pulling 2bada8a74506:  96% ▕█████████████████ ▏ 4.5 GB/4.7 GB   18 MB/s     10s[K[?25h[?2026l[?2026h[?25l[A[1Gpulling manifest [K
pulling 2bada8a74506:  96% ▕█████████████████ ▏ 4.5 GB/4.7 GB   18 MB/s     10s[K[?25h[?2026l[?2026h[?25l[A[1Gpulling manifest [K
pulling 2bada8a74506:  96% ▕█████████████████ ▏ 4.5 GB/4.7 GB   18 MB/s     10s[K[?25h[?2026l[?2026h[?25l[A[1Gpulling manifest [K
pulling 2bada8a74506:  96% ▕█████████████████ ▏ 4.5 GB/4.7 GB   18 MB/s     10s[K[?25h[?2026l[?2026h[?25l[A[1Gpulling manifest [K
pulling 2bada8a74506:  96% ▕█████████████████ ▏ 4.5 GB/4.7 GB   18 MB/s     10s[K[?25h[?2026l[?2026h[?25l[A[1Gpulling manifest [K
pulling 2bada8a74506:  96% ▕█████████████████ ▏ 4.5 GB/4.7 GB   18 MB/s     10s[K[?25h[?2026l[?2026h[?25l[A[1Gpulling manifest [K
pulling 2bada8a74506:  96% ▕█████████████████ ▏ 4.5 GB/4.7 GB   18 MB/s      9s[K[?25h[?2026l[?2026h[?25l[A[1Gpulling manifest [K
pulling 2bada8a74506:  96% ▕█████████████████ ▏ 4.5 GB/4.7 GB   18 MB/s      9s[K[?25h[?2026l[?2026h[?25l[A[1Gpulling manifest [K
pulling 2bada8a74506:  96% ▕█████████████████ ▏ 4.5 GB/4.7 GB   18 MB/s      9s[K[?25h[?2026l[?2026h[?25l[A[1Gpulling manifest [K
pulling 2bada8a74506:  96% ▕█████████████████ ▏ 4.5 GB/4.7 GB   18 MB/s      9s[K[?25h[?2026l[?2026h[?25l[A[1Gpulling manifest [K
pulling 2bada8a74506:  96% ▕█████████████████ ▏ 4.5 GB/4.7 GB   18 MB/s      9s[K[?25h[?2026l[?2026h[?25l[A[1Gpulling manifest [K
pulling 2bada8a74506:  96% ▕█████████████████ ▏ 4.5 GB/4.7 GB   18 MB/s      9s[K[?25h[?2026l[?2026h[?25l[A[1Gpulling manifest [K
pulling 2bada8a74506:  96% ▕█████████████████ ▏ 4.5 GB/4.7 GB   18 MB/s      9s[K[?25h[?2026l[?2026h[?25l[A[1Gpulling manifest [K
pulling 2bada8a74506:  96% ▕█████████████████ ▏ 4.5 GB/4.7 GB   18 MB/s      9s[K[?25h[?2026l[?2026h[?25l[A[1Gpulling manifest [K
pulling 2bada8a74506:  96% ▕█████████████████ ▏ 4.5 GB/4.7 GB   18 MB/s      9s[K[?25h[?2026l[?2026h[?25l[A[1Gpulling manifest [K
pulling 2bada8a74506:  96% ▕█████████████████ ▏ 4.5 GB/4.7 GB   18 MB/s      9s[K[?25h[?2026l[?2026h[?25l[A[1Gpulling manifest [K
pulling 2bada8a74506:  96% ▕█████████████████ ▏ 4.5 GB/4.7 GB   18 MB/s      9s[K[?25h[?2026l[?2026h[?25l[A[1Gpulling manifest [K
pulling 2bada8a74506:  96% ▕█████████████████ ▏ 4.5 GB/4.7 GB   18 MB/s      8s[K[?25h[?2026l[?2026h[?25l[A[1Gpulling manifest [K
pulling 2bada8a74506:  97% ▕█████████████████ ▏ 4.5 GB/4.7 GB   18 MB/s      8s[K[?25h[?2026l[?2026h[?25l[A[1Gpulling manifest [K
pulling 2bada8a74506:  97% ▕█████████████████ ▏ 4.5 GB/4.7 GB   18 MB/s      8s[K[?25h[?2026l[?2026h[?25l[A[1Gpulling manifest [K
pulling 2bada8a74506:  97% ▕█████████████████ ▏ 4.5 GB/4.7 GB   18 MB/s      8s[K[?25h[?2026l[?2026h[?25l[A[1Gpulling manifest [K
pulling 2bada8a74506:  97% ▕█████████████████ ▏ 4.5 GB/4.7 GB   18 MB/s      8s[K[?25h[?2026l[?2026h[?25l[A[1Gpulling manifest [K
pulling 2bada8a74506:  97% ▕█████████████████ ▏ 4.5 GB/4.7 GB   18 MB/s      8s[K[?25h[?2026l[?2026h[?25l[A[1Gpulling manifest [K
pulling 2bada8a74506:  97% ▕█████████████████ ▏ 4.5 GB/4.7 GB   18 MB/s      8s[K[?25h[?2026l[?2026h[?25l[A[1Gpulling manifest [K
pulling 2bada8a74506:  97% ▕█████████████████ ▏ 4.5 GB/4.7 GB   18 MB/s      8s[K[?25h[?2026l[?2026h[?25l[A[1Gpulling manifest [K
pulling 2bada8a74506:  97% ▕█████████████████ ▏ 4.5 GB/4.7 GB   18 MB/s      8s[K[?25h[?2026l[?2026h[?25l[A[1Gpulling manifest [K
pulling 2bada8a74506:  97% ▕█████████████████ ▏ 4.5 GB/4.7 GB   18 MB/s      8s[K[?25h[?2026l[?2026h[?25l[A[1Gpulling manifest [K
pulling 2bada8a74506:  97% ▕█████████████████ ▏ 4.5 GB/4.7 GB   18 MB/s      8s[K[?25h[?2026l[?2026h[?25l[A[1Gpulling manifest [K
pulling 2bada8a74506:  97% ▕█████████████████ ▏ 4.5 GB/4.7 GB   18 MB/s      7s[K[?25h[?2026l[?2026h[?25l[A[1Gpulling manifest [K
pulling 2bada8a74506:  97% ▕█████████████████ ▏ 4.5 GB/4.7 GB   18 MB/s      7s[K[?25h[?2026l[?2026h[?25l[A[1Gpulling manifest [K
pulling 2bada8a74506:  97% ▕█████████████████ ▏ 4.5 GB/4.7 GB   18 MB/s      7s[K[?25h[?2026l[?2026h[?25l[A[1Gpulling manifest [K
pulling 2bada8a74506:  97% ▕█████████████████ ▏ 4.5 GB/4.7 GB   18 MB/s      7s[K[?25h[?2026l[?2026h[?25l[A[1Gpulling manifest [K
pulling 2bada8a74506:  97% ▕█████████████████ ▏ 4.5 GB/4.7 GB   18 MB/s      7s[K[?25h[?2026l[?2026h[?25l[A[1Gpulling manifest [K
pulling 2bada8a74506:  97% ▕█████████████████ ▏ 4.5 GB/4.7 GB   18 MB/s      7s[K[?25h[?2026l[?2026h[?25l[A[1Gpulling manifest [K
pulling 2bada8a74506:  97% ▕█████████████████ ▏ 4.5 GB/4.7 GB   18 MB/s      7s[K[?25h[?2026l[?2026h[?25l[A[1Gpulling manifest [K
pulling 2bada8a74506:  97% ▕█████████████████ ▏ 4.6 GB/4.7 GB   18 MB/s      7s[K[?25h[?2026l[?2026h[?25l[A[1Gpulling manifest [K
pulling 2bada8a74506:  97% ▕█████████████████ ▏ 4.6 GB/4.7 GB   18 MB/s      6s[K[?25h[?2026l[?2026h[?25l[A[1Gpulling manifest [K
pulling 2bada8a74506:  97% ▕█████████████████ ▏ 4.6 GB/4.7 GB   18 MB/s      6s[K[?25h[?2026l[?2026h[?25l[A[1Gpulling manifest [K
pulling 2bada8a74506:  97% ▕█████████████████ ▏ 4.6 GB/4.7 GB   18 MB/s      6s[K[?25h[?2026l[?2026h[?25l[A[1Gpulling manifest [K
pulling 2bada8a74506:  97% ▕█████████████████ ▏ 4.6 GB/4.7 GB   18 MB/s      6s[K[?25h[?2026l[?2026h[?25l[A[1Gpulling manifest [K
pulling 2bada8a74506:  97% ▕█████████████████ ▏ 4.6 GB/4.7 GB   18 MB/s      6s[K[?25h[?2026l[?2026h[?25l[A[1Gpulling manifest [K
pulling 2bada8a74506:  97% ▕█████████████████ ▏ 4.6 GB/4.7 GB   18 MB/s      6s[K[?25h[?2026l[?2026h[?25l[A[1Gpulling manifest [K
pulling 2bada8a74506:  97% ▕█████████████████ ▏ 4.6 GB/4.7 GB   18 MB/s      6s[K[?25h[?2026l[?2026h[?25l[A[1Gpulling manifest [K
pulling 2bada8a74506:  98% ▕█████████████████ ▏ 4.6 GB/4.7 GB   18 MB/s      6s[K[?25h[?2026l[?2026h[?25l[A[1Gpulling manifest [K
pulling 2bada8a74506:  98% ▕█████████████████ ▏ 4.6 GB/4.7 GB   18 MB/s      6s[K[?25h[?2026l[?2026h[?25l[A[1Gpulling manifest [K
pulling 2bada8a74506:  98% ▕█████████████████ ▏ 4.6 GB/4.7 GB   18 MB/s      6s[K[?25h[?2026l[?2026h[?25l[A[1Gpulling manifest [K
pulling 2bada8a74506:  98% ▕█████████████████ ▏ 4.6 GB/4.7 GB   18 MB/s      5s[K[?25h[?2026l[?2026h[?25l[A[1Gpulling manifest [K
pulling 2bada8a74506:  98% ▕█████████████████ ▏ 4.6 GB/4.7 GB   18 MB/s      5s[K[?25h[?2026l[?2026h[?25l[A[1Gpulling manifest [K
pulling 2bada8a74506:  98% ▕█████████████████ ▏ 4.6 GB/4.7 GB   18 MB/s      5s[K[?25h[?2026l[?2026h[?25l[A[1Gpulling manifest [K
pulling 2bada8a74506:  98% ▕█████████████████ ▏ 4.6 GB/4.7 GB   18 MB/s      5s[K[?25h[?2026l[?2026h[?25l[A[1Gpulling manifest [K
pulling 2bada8a74506:  98% ▕█████████████████ ▏ 4.6 GB/4.7 GB   18 MB/s      5s[K[?25h[?2026l[?2026h[?25l[A[1Gpulling manifest [K
pulling 2bada8a74506:  98% ▕█████████████████ ▏ 4.6 GB/4.7 GB   18 MB/s      5s[K[?25h[?2026l[?2026h[?25l[A[1Gpulling manifest [K
pulling 2bada8a74506:  98% ▕█████████████████ ▏ 4.6 GB/4.7 GB   18 MB/s      5s[K[?25h[?2026l[?2026h[?25l[A[1Gpulling manifest [K
pulling 2bada8a74506:  98% ▕█████████████████ ▏ 4.6 GB/4.7 GB   19 MB/s      5s[K[?25h[?2026l[?2026h[?25l[A[1Gpulling manifest [K
pulling 2bada8a74506:  98% ▕█████████████████ ▏ 4.6 GB/4.7 GB   19 MB/s      4s[K[?25h[?2026l[?2026h[?25l[A[1Gpulling manifest [K
pulling 2bada8a74506:  98% ▕█████████████████ ▏ 4.6 GB/4.7 GB   19 MB/s      4s[K[?25h[?2026l[?2026h[?25l[A[1Gpulling manifest [K
pulling 2bada8a74506:  98% ▕█████████████████ ▏ 4.6 GB/4.7 GB   19 MB/s      4s[K[?25h[?2026l[?2026h[?25l[A[1Gpulling manifest [K
pulling 2bada8a74506:  98% ▕█████████████████ ▏ 4.6 GB/4.7 GB   19 MB/s      4s[K[?25h[?2026l[?2026h[?25l[A[1Gpulling manifest [K
pulling 2bada8a74506:  98% ▕█████████████████ ▏ 4.6 GB/4.7 GB   19 MB/s      4s[K[?25h[?2026l[?2026h[?25l[A[1Gpulling manifest [K
pulling 2bada8a74506:  98% ▕█████████████████ ▏ 4.6 GB/4.7 GB   19 MB/s      4s[K[?25h[?2026l[?2026h[?25l[A[1Gpulling manifest [K
pulling 2bada8a74506:  98% ▕█████████████████ ▏ 4.6 GB/4.7 GB   19 MB/s      4s[K[?25h[?2026l[?2026h[?25l[A[1Gpulling manifest [K
pulling 2bada8a74506:  98% ▕█████████████████ ▏ 4.6 GB/4.7 GB   19 MB/s      4s[K[?25h[?2026l[?2026h[?25l[A[1Gpulling manifest [K
pulling 2bada8a74506:  98% ▕█████████████████ ▏ 4.6 GB/4.7 GB   19 MB/s      4s[K[?25h[?2026l[?2026h[?25l[A[1Gpulling manifest [K
pulling 2bada8a74506:  98% ▕█████████████████ ▏ 4.6 GB/4.7 GB   19 MB/s      3s[K[?25h[?2026l[?2026h[?25l[A[1Gpulling manifest [K
pulling 2bada8a74506:  98% ▕█████████████████ ▏ 4.6 GB/4.7 GB   19 MB/s      3s[K[?25h[?2026l[?2026h[?25l[A[1Gpulling manifest [K
pulling 2bada8a74506:  98% ▕█████████████████ ▏ 4.6 GB/4.7 GB   19 MB/s      3s[K[?25h[?2026l[?2026h[?25l[A[1Gpulling manifest [K
pulling 2bada8a74506:  98% ▕█████████████████ ▏ 4.6 GB/4.7 GB   19 MB/s      3s[K[?25h[?2026l[?2026h[?25l[A[1Gpulling manifest [K
pulling 2bada8a74506:  99% ▕█████████████████ ▏ 4.6 GB/4.7 GB   19 MB/s      3s[K[?25h[?2026l[?2026h[?25l[A[1Gpulling manifest [K
pulling 2bada8a74506:  99% ▕█████████████████ ▏ 4.6 GB/4.7 GB   19 MB/s      3s[K[?25h[?2026l[?2026h[?25l[A[1Gpulling manifest [K
pulling 2bada8a74506:  99% ▕█████████████████ ▏ 4.6 GB/4.7 GB   19 MB/s      3s[K[?25h[?2026l[?2026h[?25l[A[1Gpulling manifest [K
pulling 2bada8a74506:  99% ▕█████████████████ ▏ 4.6 GB/4.7 GB   19 MB/s      3s[K[?25h[?2026l[?2026h[?25l[A[1Gpulling manifest [K
pulling 2bada8a74506:  99% ▕█████████████████ ▏ 4.6 GB/4.7 GB   19 MB/s      3s[K[?25h[?2026l[?2026h[?25l[A[1Gpulling manifest [K
pulling 2bada8a74506:  99% ▕█████████████████ ▏ 4.6 GB/4.7 GB   19 MB/s      3s[K[?25h[?2026l[?2026h[?25l[A[1Gpulling manifest [K
pulling 2bada8a74506:  99% ▕█████████████████ ▏ 4.6 GB/4.7 GB   19 MB/s      3s[K[?25h[?2026l[?2026h[?25l[A[1Gpulling manifest [K
pulling 2bada8a74506:  99% ▕█████████████████ ▏ 4.6 GB/4.7 GB   19 MB/s      3s[K[?25h[?2026l[?2026h[?25l[A[1Gpulling manifest [K
pulling 2bada8a74506:  99% ▕█████████████████ ▏ 4.6 GB/4.7 GB   19 MB/s      2s[K[?25h[?2026l[?2026h[?25l[A[1Gpulling manifest [K
pulling 2bada8a74506:  99% ▕█████████████████ ▏ 4.6 GB/4.7 GB   19 MB/s      2s[K[?25h[?2026l[?2026h[?25l[A[1Gpulling manifest [K
pulling 2bada8a74506:  99% ▕█████████████████ ▏ 4.6 GB/4.7 GB   19 MB/s      2s[K[?25h[?2026l[?2026h[?25l[A[1Gpulling manifest [K
pulling 2bada8a74506:  99% ▕█████████████████ ▏ 4.6 GB/4.7 GB   19 MB/s      2s[K[?25h[?2026l[?2026h[?25l[A[1Gpulling manifest [K
pulling 2bada8a74506:  99% ▕█████████████████ ▏ 4.6 GB/4.7 GB   19 MB/s      2s[K[?25h[?2026l[?2026h[?25l[A[1Gpulling manifest [K
pulling 2bada8a74506:  99% ▕█████████████████ ▏ 4.6 GB/4.7 GB   19 MB/s      2s[K[?25h[?2026l[?2026h[?25l[A[1Gpulling manifest [K
pulling 2bada8a74506:  99% ▕█████████████████ ▏ 4.6 GB/4.7 GB   19 MB/s      2s[K[?25h[?2026l[?2026h[?25l[A[1Gpulling manifest [K
pulling 2bada8a74506:  99% ▕█████████████████ ▏ 4.6 GB/4.7 GB   19 MB/s      2s[K[?25h[?2026l[?2026h[?25l[A[1Gpulling manifest [K
pulling 2bada8a74506:  99% ▕█████████████████ ▏ 4.6 GB/4.7 GB   19 MB/s      2s[K[?25h[?2026l[?2026h[?25l[A[1Gpulling manifest [K
pulling 2bada8a74506:  99% ▕█████████████████ ▏ 4.6 GB/4.7 GB   18 MB/s      2s[K[?25h[?2026l[?2026h[?25l[A[1Gpulling manifest [K
pulling 2bada8a74506:  99% ▕█████████████████ ▏ 4.6 GB/4.7 GB   18 MB/s      2s[K[?25h[?2026l[?2026h[?25l[A[1Gpulling manifest [K
pulling 2bada8a74506:  99% ▕█████████████████ ▏ 4.6 GB/4.7 GB   18 MB/s      2s[K[?25h[?2026l[?2026h[?25l[A[1Gpulling manifest [K
pulling 2bada8a74506:  99% ▕█████████████████ ▏ 4.6 GB/4.7 GB   18 MB/s      1s[K[?25h[?2026l[?2026h[?25l[A[1Gpulling manifest [K
pulling 2bada8a74506:  99% ▕█████████████████ ▏ 4.6 GB/4.7 GB   18 MB/s      1s[K[?25h[?2026l[?2026h[?25l[A[1Gpulling manifest [K
pulling 2bada8a74506:  99% ▕█████████████████ ▏ 4.6 GB/4.7 GB   18 MB/s      1s[K[?25h[?2026l[?2026h[?25l[A[1Gpulling manifest [K
pulling 2bada8a74506:  99% ▕█████████████████ ▏ 4.6 GB/4.7 GB   18 MB/s      1s[K[?25h[?2026l[?2026h[?25l[A[1Gpulling manifest [K
pulling 2bada8a74506:  99% ▕█████████████████ ▏ 4.7 GB/4.7 GB   18 MB/s      1s[K[?25h[?2026l[?2026h[?25l[A[1Gpulling manifest [K
pulling 2bada8a74506:  99% ▕█████████████████ ▏ 4.7 GB/4.7 GB   18 MB/s      1s[K[?25h[?2026l[?2026h[?25l[A[1Gpulling manifest [K
pulling 2bada8a74506:  99% ▕█████████████████ ▏ 4.7 GB/4.7 GB   18 MB/s      1s[K[?25h[?2026l[?2026h[?25l[A[1Gpulling manifest [K
pulling 2bada8a74506:  99% ▕█████████████████ ▏ 4.7 GB/4.7 GB   18 MB/s      1s[K[?25h[?2026l[?2026h[?25l[A[1Gpulling manifest [K
pulling 2bada8a74506:  99% ▕█████████████████ ▏ 4.7 GB/4.7 GB   18 MB/s      1s[K[?25h[?2026l[?2026h[?25l[A[1Gpulling manifest [K
pulling 2bada8a74506: 100% ▕█████████████████ ▏ 4.7 GB/4.7 GB   18 MB/s      1s[K[?25h[?2026l[?2026h[?25l[A[1Gpulling manifest [K
pulling 2bada8a74506: 100% ▕█████████████████ ▏ 4.7 GB/4.7 GB   18 MB/s      1s[K[?25h[?2026l[?2026h[?25l[A[1Gpulling manifest [K
pulling 2bada8a74506: 100% ▕█████████████████ ▏ 4.7 GB/4.7 GB   18 MB/s      1s[K[?25h[?2026l[?2026h[?25l[A[1Gpulling manifest [K
pulling 2bada8a74506: 100% ▕█████████████████ ▏ 4.7 GB/4.7 GB   18 MB/s      0s[K[?25h[?2026l[?2026h[?25l[A[1Gpulling manifest [K
pulling 2bada8a74506: 100% ▕█████████████████ ▏ 4.7 GB/4.7 GB   18 MB/s      0s[K[?25h[?2026l[?2026h[?25l[A[1Gpulling manifest [K
pulling 2bada8a74506: 100% ▕█████████████████ ▏ 4.7 GB/4.7 GB   18 MB/s      0s[K[?25h[?2026l[?2026h[?25l[A[1Gpulling manifest [K
pulling 2bada8a74506: 100% ▕█████████████████ ▏ 4.7 GB/4.7 GB   18 MB/s      0s[K[?25h[?2026l[?2026h[?25l[A[1Gpulling manifest [K
pulling 2bada8a74506: 100% ▕█████████████████ ▏ 4.7 GB/4.7 GB   18 MB/s      0s[K[?25h[?2026l[?2026h[?25l[A[1Gpulling manifest [K
pulling 2bada8a74506: 100% ▕█████████████████ ▏ 4.7 GB/4.7 GB   18 MB/s      0s[K[?25h[?2026l[?2026h[?25l[A[1Gpulling manifest [K
pulling 2bada8a74506: 100% ▕█████████████████ ▏ 4.7 GB/4.7 GB   18 MB/s      0s[K[?25h[?2026l[?2026h[?25l[A[1Gpulling manifest [K
pulling 2bada8a74506: 100% ▕█████████████████ ▏ 4.7 GB/4.7 GB   18 MB/s      0s[K[?25h[?2026l[?2026h[?25l[A[1Gpulling manifest [K
pulling 2bada8a74506: 100% ▕█████████████████ ▏ 4.7 GB/4.7 GB   18 MB/s      0s[K[?25h[?2026l[?2026h[?25l[A[1Gpulling manifest [K
pulling 2bada8a74506: 100% ▕█████████████████ ▏ 4.7 GB/4.7 GB   18 MB/s      0s[K[?25h[?2026l[?2026h[?25l[A[1Gpulling manifest [K
pulling 2bada8a74506: 100% ▕█████████████████ ▏ 4.7 GB/4.7 GB   18 MB/s      0s[K[?25h[?2026l[?2026h[?25l[A[1Gpulling manifest [K
pulling 2bada8a74506: 100% ▕█████████████████ ▏ 4.7 GB/4.7 GB   18 MB/s      0s[K[?25h[?2026l[?2026h[?25l[A[1Gpulling manifest [K
pulling 2bada8a74506: 100% ▕█████████████████ ▏ 4.7 GB/4.7 GB   18 MB/s      0s[K[?25h[?2026l[?2026h[?25l[A[1Gpulling manifest [K
pulling 2bada8a74506: 100% ▕█████████████████ ▏ 4.7 GB/4.7 GB   18 MB/s      0s[K[?25h[?2026l[?2026h[?25l[A[1Gpulling manifest [K
pulling 2bada8a74506: 100% ▕█████████████████ ▏ 4.7 GB/4.7 GB   18 MB/s      0s[K[?25h[?2026l[?2026h[?25l[A[1Gpulling manifest [K
pulling 2bada8a74506: 100% ▕█████████████████ ▏ 4.7 GB/4.7 GB   18 MB/s      0s[K[?25h[?2026l[?2026h[?25l[A[1Gpulling manifest [K
pulling 2bada8a74506: 100% ▕█████████████████ ▏ 4.7 GB/4.7 GB   18 MB/s      0s[K[?25h[?2026l[?2026h[?25l[A[1Gpulling manifest [K
pulling 2bada8a74506: 100% ▕█████████████████ ▏ 4.7 GB/4.7 GB   18 MB/s      0s[K[?25h[?2026l[?2026h[?25l[A[1Gpulling manifest [K
pulling 2bada8a74506: 100% ▕█████████████████ ▏ 4.7 GB/4.7 GB   18 MB/s      0s[K[?25h[?2026l[?2026h[?25l[A[1Gpulling manifest [K
pulling 2bada8a74506: 100% ▕█████████████████ ▏ 4.7 GB/4.7 GB   18 MB/s      0s[K[?25h[?2026l[?2026h[?25l[A[1Gpulling manifest [K
pulling 2bada8a74506: 100% ▕█████████████████ ▏ 4.7 GB/4.7 GB   18 MB/s      0s[K[?25h[?2026l[?2026h[?25l[A[1Gpulling manifest [K
pulling 2bada8a74506: 100% ▕█████████████████ ▏ 4.7 GB/4.7 GB   18 MB/s      0s[K[?25h[?2026l[?2026h[?25l[A[1Gpulling manifest [K
pulling 2bada8a74506: 100% ▕█████████████████ ▏ 4.7 GB/4.7 GB   18 MB/s      0s[K[?25h[?2026l[?2026h[?25l[A[1Gpulling manifest [K
pulling 2bada8a74506: 100% ▕█████████████████ ▏ 4.7 GB/4.7 GB   18 MB/s      0s[K[?25h[?2026l[?2026h[?25l[A[1Gpulling manifest [K
pulling 2bada8a74506: 100% ▕█████████████████ ▏ 4.7 GB/4.7 GB   18 MB/s      0s[K[?25h[?2026l[?2026h[?25l[A[1Gpulling manifest [K
pulling 2bada8a74506: 100% ▕█████████████████ ▏ 4.7 GB/4.7 GB   18 MB/s      0s[K[?25h[?2026l[?2026h[?25l[A[1Gpulling manifest [K
pulling 2bada8a74506: 100% ▕█████████████████ ▏ 4.7 GB/4.7 GB   18 MB/s      0s[K[?25h[?2026l[?2026h[?25l[A[1Gpulling manifest [K
pulling 2bada8a74506: 100% ▕█████████████████ ▏ 4.7 GB/4.7 GB   18 MB/s      0s[K[?25h[?2026l[?2026h[?25l[A[1Gpulling manifest [K
pulling 2bada8a74506: 100% ▕█████████████████ ▏ 4.7 GB/4.7 GB   18 MB/s      0s[K[?25h[?2026l[?2026h[?25l[A[1Gpulling manifest [K
pulling 2bada8a74506: 100% ▕█████████████████ ▏ 4.7 GB/4.7 GB   18 MB/s      0s[K[?25h[?2026l[?2026h[?25l[A[1Gpulling manifest [K
pulling 2bada8a74506: 100% ▕█████████████████ ▏ 4.7 GB/4.7 GB   18 MB/s      0s[K[?25h[?2026l[?2026h[?25l[A[1Gpulling manifest [K
pulling 2bada8a74506: 100% ▕█████████████████ ▏ 4.7 GB/4.7 GB   18 MB/s      0s[K[?25h[?2026l[?2026h[?25l[A[1Gpulling manifest [K
pulling 2bada8a74506: 100% ▕█████████████████ ▏ 4.7 GB/4.7 GB   18 MB/s      0s[K[?25h[?2026l[?2026h[?25l[A[1Gpulling manifest [K
pulling 2bada8a74506: 100% ▕█████████████████ ▏ 4.7 GB/4.7 GB   18 MB/s      0s[K[?25h[?2026l[?2026h[?25l[A[1Gpulling manifest [K
pulling 2bada8a74506: 100% ▕█████████████████ ▏ 4.7 GB/4.7 GB   18 MB/s      0s[K[?25h[?2026l[?2026h[?25l[A[1Gpulling manifest [K
pulling 2bada8a74506: 100% ▕█████████████████ ▏ 4.7 GB/4.7 GB   18 MB/s      0s[K[?25h[?2026l[?2026h[?25l[A[1Gpulling manifest [K
pulling 2bada8a74506: 100% ▕█████████████████ ▏ 4.7 GB/4.7 GB   18 MB/s      0s[K[?25h[?2026l[?2026h[?25l[A[1Gpulling manifest [K
pulling 2bada8a74506: 100% ▕█████████████████ ▏ 4.7 GB/4.7 GB   18 MB/s      0s[K[?25h[?2026l[?2026h[?25l[A[1Gpulling manifest [K
pulling 2bada8a74506: 100% ▕█████████████████ ▏ 4.7 GB/4.7 GB   18 MB/s      0s[K[?25h[?2026l[?2026h[?25l[A[1Gpulling manifest [K
pulling 2bada8a74506: 100% ▕█████████████████ ▏ 4.7 GB/4.7 GB   18 MB/s      0s[K[?25h[?2026l[?2026h[?25l[A[1Gpulling manifest [K
pulling 2bada8a74506: 100% ▕█████████████████ ▏ 4.7 GB/4.7 GB   18 MB/s      0s[K[?25h[?2026l[?2026h[?25l[A[1Gpulling manifest [K
pulling 2bada8a74506: 100% ▕█████████████████ ▏ 4.7 GB/4.7 GB   18 MB/s      0s[K[?25h[?2026l[?2026h[?25l[A[1Gpulling manifest [K
pulling 2bada8a74506: 100% ▕█████████████████ ▏ 4.7 GB/4.7 GB   18 MB/s      0s[K[?25h[?2026l[?2026h[?25l[A[1Gpulling manifest [K
pulling 2bada8a74506: 100% ▕█████████████████ ▏ 4.7 GB/4.7 GB   18 MB/s      0s[K[?25h[?2026l[?2026h[?25l[A[1Gpulling manifest [K
pulling 2bada8a74506: 100% ▕█████████████████ ▏ 4.7 GB/4.7 GB   18 MB/s      0s[K
verifying sha256 digest ⠋ [K[?25h[?2026l[?2026h[?25l[A[A[1Gpulling manifest [K
pulling 2bada8a74506: 100% ▕█████████████████ ▏ 4.7 GB/4.7 GB   18 MB/s      0s[K
verifying sha256 digest ⠙ [K[?25h[?2026l[?2026h[?25l[A[A[1Gpulling manifest [K
pulling 2bada8a74506: 100% ▕█████████████████ ▏ 4.7 GB/4.7 GB   18 MB/s      0s[K
verifying sha256 digest ⠹ [K[?25h[?2026l[?2026h[?25l[A[A[1Gpulling manifest [K
pulling 2bada8a74506: 100% ▕█████████████████ ▏ 4.7 GB/4.7 GB   18 MB/s      0s[K
verifying sha256 digest ⠸ [K[?25h[?2026l[?2026h[?25l[A[A[1Gpulling manifest [K
pulling 2bada8a74506: 100% ▕█████████████████ ▏ 4.7 GB/4.7 GB   18 MB/s      0s[K
verifying sha256 digest ⠼ [K[?25h[?2026l[?2026h[?25l[A[A[1Gpulling manifest [K
pulling 2bada8a74506: 100% ▕█████████████████ ▏ 4.7 GB/4.7 GB   18 MB/s      0s[K
verifying sha256 digest ⠴ [K[?25h[?2026l[?2026h[?25l[A[A[1Gpulling manifest [K
pulling 2bada8a74506: 100% ▕█████████████████ ▏ 4.7 GB/4.7 GB   18 MB/s      0s[K
verifying sha256 digest ⠦ [K[?25h[?2026l[?2026h[?25l[A[A[1Gpulling manifest [K
pulling 2bada8a74506: 100% ▕█████████████████ ▏ 4.7 GB/4.7 GB   18 MB/s      0s[K
verifying sha256 digest ⠧ [K[?25h[?2026l[?2026h[?25l[A[A[1Gpulling manifest [K
pulling 2bada8a74506: 100% ▕█████████████████ ▏ 4.7 GB/4.7 GB   18 MB/s      0s[K
verifying sha256 digest ⠇ [K[?25h[?2026l[?2026h[?25l[A[A[1Gpulling manifest [K
pulling 2bada8a74506: 100% ▕█████████████████ ▏ 4.7 GB/4.7 GB   18 MB/s      0s[K
verifying sha256 digest ⠏ [K[?25h[?2026l[?2026h[?25l[A[A[1Gpulling manifest [K
pulling 2bada8a74506: 100% ▕█████████████████ ▏ 4.7 GB/4.7 GB   18 MB/s      0s[K
verifying sha256 digest ⠋ [K[?25h[?2026l[?2026h[?25l[A[A[1Gpulling manifest [K
pulling 2bada8a74506: 100% ▕█████████████████ ▏ 4.7 GB/4.7 GB   18 MB/s      0s[K
verifying sha256 digest ⠙ [K[?25h[?2026l[?2026h[?25l[A[A[1Gpulling manifest [K
pulling 2bada8a74506: 100% ▕█████████████████ ▏ 4.7 GB/4.7 GB   18 MB/s      0s[K
verifying sha256 digest ⠹ [K[?25h[?2026l[?2026h[?25l[A[A[1Gpulling manifest [K
pulling 2bada8a74506: 100% ▕█████████████████ ▏ 4.7 GB/4.7 GB   18 MB/s      0s[K
verifying sha256 digest ⠸ [K[?25h[?2026l[?2026h[?25l[A[A[1Gpulling manifest [K
pulling 2bada8a74506: 100% ▕█████████████████ ▏ 4.7 GB/4.7 GB   18 MB/s      0s[K
verifying sha256 digest ⠼ [K[?25h[?2026l[?2026h[?25l[A[A[1Gpulling manifest [K
pulling 2bada8a74506: 100% ▕█████████████████ ▏ 4.7 GB/4.7 GB   18 MB/s      0s[K
verifying sha256 digest ⠴ [K[?25h[?2026l[?2026h[?25l[A[A[1Gpulling manifest [K
pulling 2bada8a74506: 100% ▕█████████████████ ▏ 4.7 GB/4.7 GB   18 MB/s      0s[K
verifying sha256 digest ⠦ [K[?25h[?2026l[?2026h[?25l[A[A[1Gpulling manifest [K
pulling 2bada8a74506: 100% ▕█████████████████ ▏ 4.7 GB/4.7 GB   18 MB/s      0s[K
verifying sha256 digest ⠧ [K[?25h[?2026l[?2026h[?25l[A[A[1Gpulling manifest [K
pulling 2bada8a74506: 100% ▕█████████████████ ▏ 4.7 GB/4.7 GB   18 MB/s      0s[K
verifying sha256 digest ⠇ [K[?25h[?2026l[?2026h[?25l[A[A[1Gpulling manifest [K
pulling 2bada8a74506: 100% ▕█████████████████ ▏ 4.7 GB/4.7 GB   18 MB/s      0s[K
verifying sha256 digest ⠏ [K[?25h[?2026l[?2026h[?25l[A[A[1Gpulling manifest [K
pulling 2bada8a74506: 100% ▕█████████████████ ▏ 4.7 GB/4.7 GB   18 MB/s      0s[K
verifying sha256 digest ⠋ [K[?25h[?2026l[?2026h[?25l[A[A[1Gpulling manifest [K
pulling 2bada8a74506: 100% ▕█████████████████ ▏ 4.7 GB/4.7 GB   18 MB/s      0s[K
verifying sha256 digest ⠙ [K[?25h[?2026l[?2026h[?25l[A[A[1Gpulling manifest [K
pulling 2bada8a74506: 100% ▕█████████████████ ▏ 4.7 GB/4.7 GB   18 MB/s      0s[K
verifying sha256 digest ⠹ [K[?25h[?2026l[?2026h[?25l[A[A[1Gpulling manifest [K
pulling 2bada8a74506: 100% ▕█████████████████ ▏ 4.7 GB/4.7 GB   18 MB/s      0s[K
verifying sha256 digest ⠸ [K[?25h[?2026l[?2026h[?25l[A[A[1Gpulling manifest [K
pulling 2bada8a74506: 100% ▕█████████████████ ▏ 4.7 GB/4.7 GB   18 MB/s      0s[K
verifying sha256 digest ⠼ [K[?25h[?2026l[?2026h[?25l[A[A[1Gpulling manifest [K
pulling 2bada8a74506: 100% ▕█████████████████ ▏ 4.7 GB/4.7 GB   18 MB/s      0s[K
verifying sha256 digest ⠴ [K[?25h[?2026l[?2026h[?25l[A[A[1Gpulling manifest [K
pulling 2bada8a74506: 100% ▕█████████████████ ▏ 4.7 GB/4.7 GB   18 MB/s      0s[K
verifying sha256 digest ⠦ [K[?25h[?2026l[?2026h[?25l[A[A[1Gpulling manifest [K
pulling 2bada8a74506: 100% ▕█████████████████ ▏ 4.7 GB/4.7 GB   18 MB/s      0s[K
verifying sha256 digest ⠧ [K[?25h[?2026l[?2026h[?25l[A[A[1Gpulling manifest [K
pulling 2bada8a74506: 100% ▕█████████████████ ▏ 4.7 GB/4.7 GB   18 MB/s      0s[K
verifying sha256 digest ⠇ [K[?25h[?2026l[?2026h[?25l[A[A[1Gpulling manifest [K
pulling 2bada8a74506: 100% ▕█████████████████ ▏ 4.7 GB/4.7 GB   18 MB/s      0s[K
verifying sha256 digest ⠏ [K[?25h[?2026l[?2026h[?25l[A[A[1Gpulling manifest [K
pulling 2bada8a74506: 100% ▕█████████████████ ▏ 4.7 GB/4.7 GB   18 MB/s      0s[K
verifying sha256 digest [K
writing manifest [K
success [K[?25h[?2026l
